cityLabel,population,countryCode,country
Chongqing,32054159,CN,http://www.wikidata.org/entity/Q148
Delhi,26495000,IN,http://www.wikidata.org/entity/Q668
Shanghai,24870895,CN,http://www.wikidata.org/entity/Q148
Greater Mexico City,21905000,MX,http://www.wikidata.org/entity/Q96
Beijing,21893095,CN,http://www.wikidata.org/entity/Q148
Chengdu,20937757,CN,http://www.wikidata.org/entity/Q148
New York metropolitan area,19940274,US,http://www.wikidata.org/entity/Q30
Guangzhou,18676605,CN,http://www.wikidata.org/entity/Q148
Shenzhen,17494398,CN,http://www.wikidata.org/entity/Q148
Dhaka,16800000,BD,http://www.wikidata.org/entity/Q902
Istanbul,15655924,TR,http://www.wikidata.org/entity/Q43
Mumbai,15414288,IN,http://www.wikidata.org/entity/Q668
Lagos,15070000,NG,http://www.wikidata.org/entity/Q1033
Karachi,14910352,PK,http://www.wikidata.org/entity/Q843
Kinshasa,14565700,CD,http://www.wikidata.org/entity/Q974
Tokyo,14264798,JP,http://www.wikidata.org/entity/Q17
Ho Chi Minh City,14002598,VN,http://www.wikidata.org/entity/Q881
Metro Manila,14001751,PH,http://www.wikidata.org/entity/Q928
Greater Buenos Aires,13985794,AR,http://www.wikidata.org/entity/Q414
Tianjin,13866009,CN,http://www.wikidata.org/entity/Q148
Moscow,13274285,RU,http://www.wikidata.org/entity/Q159
Xi'an,12952907,CN,http://www.wikidata.org/entity/Q148
Suzhou,12748262,CN,http://www.wikidata.org/entity/Q148
Zhengzhou,12600574,CN,http://www.wikidata.org/entity/Q148
Bengaluru,12327000,IN,http://www.wikidata.org/entity/Q668
Wuhan,12326518,CN,http://www.wikidata.org/entity/Q148
Hangzhou,11936010,CN,http://www.wikidata.org/entity/Q148
Greater Rio de Janeiro,11900000,BR,http://www.wikidata.org/entity/Q155
Baoding,11544036,CN,http://www.wikidata.org/entity/Q148
São Paulo,11451999,BR,http://www.wikidata.org/entity/Q155
Jakarta,11135191,ID,http://www.wikidata.org/entity/Q252
Lahore,11126285,PK,http://www.wikidata.org/entity/Q843
Linyi,11018365,CN,http://www.wikidata.org/entity/Q148
Shijiazhuang,10640458,CN,http://www.wikidata.org/entity/Q148
Dongguan,10466625,CN,http://www.wikidata.org/entity/Q148
Zhengzhou,10136000,CN,http://www.wikidata.org/entity/Q148
Qingdao,10071722,CN,http://www.wikidata.org/entity/Q148
Changsha,10047914,CN,http://www.wikidata.org/entity/Q148
Harbin,10009854,CN,http://www.wikidata.org/entity/Q148
Lima,9943800,PE,http://www.wikidata.org/entity/Q419
Cairo,9801536,EG,http://www.wikidata.org/entity/Q79
Nanyang,9713112,CN,http://www.wikidata.org/entity/Q148
Seoul,9668465,KR,http://www.wikidata.org/entity/Q884
Tokyo,9640742,JP,http://www.wikidata.org/entity/Q17
Wenzhou,9572903,CN,http://www.wikidata.org/entity/Q148
Foshan,9498863,CN,http://www.wikidata.org/entity/Q148
Handan,9413990,CN,http://www.wikidata.org/entity/Q148
Ningbo,9404283,CN,http://www.wikidata.org/entity/Q148
Weifang,9386705,CN,http://www.wikidata.org/entity/Q148
Hefei,9369881,CN,http://www.wikidata.org/entity/Q148
Nanjing,9314685,CN,http://www.wikidata.org/entity/Q148
Mexico City,9209944,MX,http://www.wikidata.org/entity/Q96
Jinan,9202432,CN,http://www.wikidata.org/entity/Q148
Hyderabad,9191000,IN,http://www.wikidata.org/entity/Q668
Xuzhou,9083790,CN,http://www.wikidata.org/entity/Q148
Shenyang,9070093,CN,http://www.wikidata.org/entity/Q148
Changchun,9066906,CN,http://www.wikidata.org/entity/Q148
Zhoukou,9026015,CN,http://www.wikidata.org/entity/Q148
Kuala Lumpur,9000280,MY,http://www.wikidata.org/entity/Q833
Ganzhou,8970014,CN,http://www.wikidata.org/entity/Q148
New York City,8804190,US,http://www.wikidata.org/entity/Q30
London,8799728,GB,http://www.wikidata.org/entity/Q145
Heze,8795939,CN,http://www.wikidata.org/entity/Q148
Quanzhou,8782285,CN,http://www.wikidata.org/entity/Q148
Nanning,8741584,CN,http://www.wikidata.org/entity/Q148
Hanoi,8717600,VN,http://www.wikidata.org/entity/Q881
Tehran,8693706,IR,http://www.wikidata.org/entity/Q794
Kunming,8460088,CN,http://www.wikidata.org/entity/Q148
Hanoi,8435650,VN,http://www.wikidata.org/entity/Q881
Jining,8357897,CN,http://www.wikidata.org/entity/Q148
Hanoi,8330800,VN,http://www.wikidata.org/entity/Q881
Fuzhou,8291268,CN,http://www.wikidata.org/entity/Q148
Hanoi,8246600,VN,http://www.wikidata.org/entity/Q881
Fuyang,8200264,CN,http://www.wikidata.org/entity/Q148
Baghdad,8126755,IQ,http://www.wikidata.org/entity/Q796
Veracruz,8062579,MX,http://www.wikidata.org/entity/Q96
Bogotá,8034649,CO,http://www.wikidata.org/entity/Q739
Shangqiu,7816831,CN,http://www.wikidata.org/entity/Q148
Hanoi,7785000,VN,http://www.wikidata.org/entity/Q881
Nantong,7726635,CN,http://www.wikidata.org/entity/Q148
Tangshan,7717983,CN,http://www.wikidata.org/entity/Q148
Ahmedabad,7645000,IN,http://www.wikidata.org/entity/Q668
Ningbo,7639000,CN,http://www.wikidata.org/entity/Q148
Hanoi,7587800,VN,http://www.wikidata.org/entity/Q881
Wuxi,7462135,CN,http://www.wikidata.org/entity/Q148
Dalian,7450785,CN,http://www.wikidata.org/entity/Q148
Hong Kong,7413070,CN,http://www.wikidata.org/entity/Q148
Cangzhou,7300783,CN,http://www.wikidata.org/entity/Q148
Xingtai,7111106,CN,http://www.wikidata.org/entity/Q148
Yantai,7102116,CN,http://www.wikidata.org/entity/Q148
Luoyang,7056699,CN,http://www.wikidata.org/entity/Q148
Jinhua,7050683,CN,http://www.wikidata.org/entity/Q148
Riyadh,7009100,SA,http://www.wikidata.org/entity/Q851
Zhumadian,7008427,CN,http://www.wikidata.org/entity/Q148
Zhanjiang,6981236,CN,http://www.wikidata.org/entity/Q148
Bijie,6899636,CN,http://www.wikidata.org/entity/Q148
Yangon,6874000,MM,http://www.wikidata.org/entity/Q836
Yancheng,6709629,CN,http://www.wikidata.org/entity/Q148
Hengyang,6645243,CN,http://www.wikidata.org/entity/Q148
Taizhou,6622888,CN,http://www.wikidata.org/entity/Q148
Zunyi,6606675,CN,http://www.wikidata.org/entity/Q148
Chennai,6599000,IN,http://www.wikidata.org/entity/Q668
Shaoyang,6563520,CN,http://www.wikidata.org/entity/Q148
Shangrao,6491088,CN,http://www.wikidata.org/entity/Q148
Huanggang,6333000,CN,http://www.wikidata.org/entity/Q148
Maoming,6313200,CN,http://www.wikidata.org/entity/Q148
Zunyi,6270700,CN,http://www.wikidata.org/entity/Q148
Santiago,6269384,PE,http://www.wikidata.org/entity/Q419
Santiago,6257516,CL,http://www.wikidata.org/entity/Q298
Nanchang,6255007,CN,http://www.wikidata.org/entity/Q148
Xinxiang,6251929,CN,http://www.wikidata.org/entity/Q148
Xinyang,6234401,CN,http://www.wikidata.org/entity/Q148
Rio de Janeiro,6211223,BR,http://www.wikidata.org/entity/Q155
Pune,6200000,IN,http://www.wikidata.org/entity/Q668
Maoming,6174050,CN,http://www.wikidata.org/entity/Q148
Huizhou,6042852,CN,http://www.wikidata.org/entity/Q148
Guiyang,5987018,CN,http://www.wikidata.org/entity/Q148
Prayagraj,5954391,IN,http://www.wikidata.org/entity/Q668
Liaocheng,5952128,CN,http://www.wikidata.org/entity/Q148
Surat,5935000,IN,http://www.wikidata.org/entity/Q668
Huanggang,5882719,CN,http://www.wikidata.org/entity/Q148
Singapore,5866139,SG,http://www.wikidata.org/entity/Q334
Yulin,5849700,CN,http://www.wikidata.org/entity/Q148
Changde,5827200,CN,http://www.wikidata.org/entity/Q148
Ankara,5803482,TR,http://www.wikidata.org/entity/Q43
Yueyang,5797100,CN,http://www.wikidata.org/entity/Q148
Yulin,5796766,CN,http://www.wikidata.org/entity/Q148
Qujing,5765775,CN,http://www.wikidata.org/entity/Q148
Xinxiang,5708191,CN,http://www.wikidata.org/entity/Q148
Addis Ababa,5704000,ET,http://www.wikidata.org/entity/Q115
Pudong,5681512,CN,http://www.wikidata.org/entity/Q148
Xiangyang,5680000,CN,http://www.wikidata.org/entity/Q148
Bangkok,5676648,TH,http://www.wikidata.org/entity/Q869
Saint Petersburg,5652922,RU,http://www.wikidata.org/entity/Q159
Abidjan,5616633,CI,http://www.wikidata.org/entity/Q1008
Dezhou,5611194,CN,http://www.wikidata.org/entity/Q148
Nanchong,5607565,CN,http://www.wikidata.org/entity/Q148
Jieyang,5577814,CN,http://www.wikidata.org/entity/Q148
Yichun,5573200,CN,http://www.wikidata.org/entity/Q148
Jingzhou,5570100,CN,http://www.wikidata.org/entity/Q148
Nairobi,5545000,KE,http://www.wikidata.org/entity/Q114
Shantou,5502031,CN,http://www.wikidata.org/entity/Q148
Anyang,5477614,CN,http://www.wikidata.org/entity/Q148
Tai'an,5472217,CN,http://www.wikidata.org/entity/Q148
Dazhou,5468097,CN,http://www.wikidata.org/entity/Q148
Langfang,5464087,CN,http://www.wikidata.org/entity/Q148
Sydney,5450496,AU,http://www.wikidata.org/entity/Q408
Suihua,5418153,CN,http://www.wikidata.org/entity/Q148
Jiaxing,5400868,CN,http://www.wikidata.org/entity/Q148
Dazhou,5385422,CN,http://www.wikidata.org/entity/Q148
Qiqihar,5367003,CN,http://www.wikidata.org/entity/Q148
Alexandria,5362517,EG,http://www.wikidata.org/entity/Q79
Melbourne,5350705,AU,http://www.wikidata.org/entity/Q408
Khartoum,5345000,SD,http://www.wikidata.org/entity/Q1049
Kabul,5333284,AF,http://www.wikidata.org/entity/Q889
Suzhou,5324476,CN,http://www.wikidata.org/entity/Q148
Taiyuan,5304061,CN,http://www.wikidata.org/entity/Q148
Yongzhou,5289824,CN,http://www.wikidata.org/entity/Q148
Changde,5279102,CN,http://www.wikidata.org/entity/Q148
Changzhou,5278121,CN,http://www.wikidata.org/entity/Q148
Shaoxing,5270977,CN,http://www.wikidata.org/entity/Q148
Xiangyang,5260951,CN,http://www.wikidata.org/entity/Q148
Jingzhou,5231180,CN,http://www.wikidata.org/entity/Q148
Xiamen,5163970,CN,http://www.wikidata.org/entity/Q148
Yuncheng,5134779,CN,http://www.wikidata.org/entity/Q148
Zhaotong,5092611,CN,http://www.wikidata.org/entity/Q148
Guilin,5085500,CN,http://www.wikidata.org/entity/Q148
Zhangzhou,5054328,CN,http://www.wikidata.org/entity/Q148
Yueyang,5051922,CN,http://www.wikidata.org/entity/Q148
Nanchang,5042566,CN,http://www.wikidata.org/entity/Q148
Yichun,5007702,CN,http://www.wikidata.org/entity/Q148
Bozhou,4996844,CN,http://www.wikidata.org/entity/Q148
Pingdingshan,4987137,CN,http://www.wikidata.org/entity/Q148
Suqian,4986192,CN,http://www.wikidata.org/entity/Q148
Huaihua,4979600,CN,http://www.wikidata.org/entity/Q148
Ji'an,4956600,CN,http://www.wikidata.org/entity/Q148
City of Johannesburg Metropolitan Municipality,4949347,ZA,http://www.wikidata.org/entity/Q258
Guilin,4931137,CN,http://www.wikidata.org/entity/Q148
Xiaogan,4921000,CN,http://www.wikidata.org/entity/Q148
Pingdingshan,4904701,CN,http://www.wikidata.org/entity/Q148
Jiujiang,4896800,CN,http://www.wikidata.org/entity/Q148
Yibin,4887242,CN,http://www.wikidata.org/entity/Q148
Mianyang,4868243,CN,http://www.wikidata.org/entity/Q148
Huizhou,4830000,CN,http://www.wikidata.org/entity/Q148
Kaifeng,4824016,CN,http://www.wikidata.org/entity/Q148
Johannesburg,4803262,ZA,http://www.wikidata.org/entity/Q258
Jiangmen,4798090,CN,http://www.wikidata.org/entity/Q148
Yuncheng,4774508,CN,http://www.wikidata.org/entity/Q148
Chenzhou,4744500,CN,http://www.wikidata.org/entity/Q148
Dar es Salaam,4715000,TZ,http://www.wikidata.org/entity/Q924
Zibo,4704138,CN,http://www.wikidata.org/entity/Q148
Jeddah,4697000,SA,http://www.wikidata.org/entity/Q851
Weinan,4688744,CN,http://www.wikidata.org/entity/Q148
Chenzhou,4667134,CN,http://www.wikidata.org/entity/Q148
Jiangmen,4630300,CN,http://www.wikidata.org/entity/Q148
Mianyang,4613862,CN,http://www.wikidata.org/entity/Q148
Jiujiang,4600276,CN,http://www.wikidata.org/entity/Q148
Lianyungang,4599360,CN,http://www.wikidata.org/entity/Q148
Yibin,4588804,CN,http://www.wikidata.org/entity/Q148
Huaihua,4587594,CN,http://www.wikidata.org/entity/Q148
Kanpur,4581268,IN,http://www.wikidata.org/entity/Q668
Kaifeng,4564900,CN,http://www.wikidata.org/entity/Q148
Yangzhou,4559797,CN,http://www.wikidata.org/entity/Q148
Huai'an,4556230,CN,http://www.wikidata.org/entity/Q148
Taizhou,4512762,CN,http://www.wikidata.org/entity/Q148
Jiaxing,4501657,CN,http://www.wikidata.org/entity/Q148
Kolkata,4496694,IN,http://www.wikidata.org/entity/Q668
İzmir,4493242,TR,http://www.wikidata.org/entity/Q43
Hengshui,4472000,CN,http://www.wikidata.org/entity/Q148
Yibin,4471896,CN,http://www.wikidata.org/entity/Q148
Ji'an,4469176,CN,http://www.wikidata.org/entity/Q148
Yangzhou,4459760,CN,http://www.wikidata.org/entity/Q148
Giza,4458135,EG,http://www.wikidata.org/entity/Q79
City of Johannesburg Metropolitan Municipality,4434827,ZA,http://www.wikidata.org/entity/Q258
Đồng Nai,4427700,VN,http://www.wikidata.org/entity/Q881
Zhongshan,4418060,CN,http://www.wikidata.org/entity/Q148
Yiyang,4413800,CN,http://www.wikidata.org/entity/Q148
Jilin City,4413157,CN,http://www.wikidata.org/entity/Q148
Guigang,4409200,CN,http://www.wikidata.org/entity/Q148
Lu'an,4393699,CN,http://www.wikidata.org/entity/Q148
Xuchang,4379998,CN,http://www.wikidata.org/entity/Q148
Meizhou,4378800,CN,http://www.wikidata.org/entity/Q148
Lanzhou,4359446,CN,http://www.wikidata.org/entity/Q148
Langfang,4358839,CN,http://www.wikidata.org/entity/Q148
Kano,4348000,NG,http://www.wikidata.org/entity/Q1033
Zhangjiakou,4345485,CN,http://www.wikidata.org/entity/Q148
Chifeng,4341245,CN,http://www.wikidata.org/entity/Q148
Nanchang,4331668,CN,http://www.wikidata.org/entity/Q148
Guigang,4316262,CN,http://www.wikidata.org/entity/Q148
Xuchang,4307488,CN,http://www.wikidata.org/entity/Q148
Xiaogan,4270371,CN,http://www.wikidata.org/entity/Q148
Luzhou,4254149,CN,http://www.wikidata.org/entity/Q148
Bamako,4227569,ML,http://www.wikidata.org/entity/Q912
Luzhou,4218427,CN,http://www.wikidata.org/entity/Q148
Hengshui,4212933,CN,http://www.wikidata.org/entity/Q148
Anqing,4165284,CN,http://www.wikidata.org/entity/Q148
Liuzhou,4157934,CN,http://www.wikidata.org/entity/Q148
Zhaoqing,4151700,CN,http://www.wikidata.org/entity/Q148
Guang'an,4124100,CN,http://www.wikidata.org/entity/Q148
Zhangjiakou,4118908,CN,http://www.wikidata.org/entity/Q148
Zhaoqing,4113594,CN,http://www.wikidata.org/entity/Q148
Qiqihar,4067489,CN,http://www.wikidata.org/entity/Q148
Ürümqi,4054369,CN,http://www.wikidata.org/entity/Q148
Fuzhou,4047200,CN,http://www.wikidata.org/entity/Q148
New Taipei,4046037,TW,http://www.wikidata.org/entity/Q865
Chifeng,4035967,CN,http://www.wikidata.org/entity/Q148
Zhuzhou,4020800,CN,http://www.wikidata.org/entity/Q148
Yichang,4017607,CN,http://www.wikidata.org/entity/Q148
Amman,4007526,JO,http://www.wikidata.org/entity/Q810
Chuzhou,3987054,CN,http://www.wikidata.org/entity/Q148
Linfen,3976481,CN,http://www.wikidata.org/entity/Q148
Qingyuan,3969473,CN,http://www.wikidata.org/entity/Q148
Xianyang,3959842,CN,http://www.wikidata.org/entity/Q148
Dubai,3944751,AE,http://www.wikidata.org/entity/Q878
Chuzhou,3937868,CN,http://www.wikidata.org/entity/Q148
Loudi,3931800,CN,http://www.wikidata.org/entity/Q148
Binzhou,3928568,CN,http://www.wikidata.org/entity/Q148
Kumasi,3903480,GH,http://www.wikidata.org/entity/Q117
Zhuzhou,3902738,CN,http://www.wikidata.org/entity/Q148
Los Angeles,3898747,US,http://www.wikidata.org/entity/Q30
Deyang,3877000,CN,http://www.wikidata.org/entity/Q148
Qingyuan,3874000,CN,http://www.wikidata.org/entity/Q148
Meizhou,3873239,CN,http://www.wikidata.org/entity/Q148
Zaozhuang,3855601,CN,http://www.wikidata.org/entity/Q148
Yiyang,3851564,CN,http://www.wikidata.org/entity/Q148
Loudi,3826996,CN,http://www.wikidata.org/entity/Q148
Berlin,3782202,DE,http://www.wikidata.org/entity/Q183
Cape Town,3776313,ZA,http://www.wikidata.org/entity/Q258
Puyang,3772088,CN,http://www.wikidata.org/entity/Q148
Yokohama,3757630,JP,http://www.wikidata.org/entity/Q17
Suihua,3756167,CN,http://www.wikidata.org/entity/Q148
City of Cape Town,3740026,ZA,http://www.wikidata.org/entity/Q258
Lüliang,3727068,CN,http://www.wikidata.org/entity/Q148
Neijiang,3702847,CN,http://www.wikidata.org/entity/Q148
eThekwini Metropolitan Municipality,3702231,ZA,http://www.wikidata.org/entity/Q258
Baise,3669400,CN,http://www.wikidata.org/entity/Q148
Wuhu,3644420,CN,http://www.wikidata.org/entity/Q148
Yulin,3624750,CN,http://www.wikidata.org/entity/Q148
Jilin City,3623713,CN,http://www.wikidata.org/entity/Q148
Fuzhou,3614866,CN,http://www.wikidata.org/entity/Q148
Puyang,3598740,CN,http://www.wikidata.org/entity/Q148
Jiaozuo,3590700,CN,http://www.wikidata.org/entity/Q148
Baise,3571505,CN,http://www.wikidata.org/entity/Q148
Hechi,3545700,CN,http://www.wikidata.org/entity/Q148
Jiaozuo,3521078,CN,http://www.wikidata.org/entity/Q148
Madrid,3506730,ES,http://www.wikidata.org/entity/Q29
Port Harcourt,3480000,NG,http://www.wikidata.org/entity/Q1033
Chengde,3473201,CN,http://www.wikidata.org/entity/Q148
Deyang,3456161,CN,http://www.wikidata.org/entity/Q148
Busan,3453198,KR,http://www.wikidata.org/entity/Q884
Hohhot,3446100,CN,http://www.wikidata.org/entity/Q148
Hechi,3417945,CN,http://www.wikidata.org/entity/Q148
Lüliang,3398431,CN,http://www.wikidata.org/entity/Q148
Shiyan,3398000,CN,http://www.wikidata.org/entity/Q148
Siping,3385156,CN,http://www.wikidata.org/entity/Q148
Lucknow,3382000,IN,http://www.wikidata.org/entity/Q668
Jinzhong,3379498,CN,http://www.wikidata.org/entity/Q148
City of Ekurhuleni Metropolitan Municipality,3379104,ZA,http://www.wikidata.org/entity/Q258
Huzhou,3367579,CN,http://www.wikidata.org/entity/Q148
Chengde,3354444,CN,http://www.wikidata.org/entity/Q148
Changzhi,3334565,CN,http://www.wikidata.org/entity/Q148
Madrid city,3332035,ES,http://www.wikidata.org/entity/Q29
Anshan,3325372,CN,http://www.wikidata.org/entity/Q148
Port Harcourt,3325000,NG,http://www.wikidata.org/entity/Q1033
Baoji,3321853,CN,http://www.wikidata.org/entity/Q148
Datong,3318054,CN,http://www.wikidata.org/entity/Q148
Qinzhou,3304400,CN,http://www.wikidata.org/entity/Q148
Qinzhou,3302238,CN,http://www.wikidata.org/entity/Q148
Tongren,3298468,CN,http://www.wikidata.org/entity/Q148
Bengbu,3296408,CN,http://www.wikidata.org/entity/Q148
Bazhong,3283148,CN,http://www.wikidata.org/entity/Q148
City of Tshwane Metropolitan Municipality,3275152,ZA,http://www.wikidata.org/entity/Q258
Zhongshan,3260000,CN,http://www.wikidata.org/entity/Q148
Đồng Nai,3255810,VN,http://www.wikidata.org/entity/Q881
Guang'an,3254883,CN,http://www.wikidata.org/entity/Q148
Suining,3252619,CN,http://www.wikidata.org/entity/Q148
Jinzhong,3249425,CN,http://www.wikidata.org/entity/Q148
Leshan,3235759,CN,http://www.wikidata.org/entity/Q148
Chittagong,3230507,BD,http://www.wikidata.org/entity/Q902
Casablanca,3218036,CL,http://www.wikidata.org/entity/Q298
Casablanca,3215935,MA,http://www.wikidata.org/entity/Q1028
Hanzhong,3211462,CN,http://www.wikidata.org/entity/Q148
Putian,3210714,CN,http://www.wikidata.org/entity/Q148
Zhenjiang,3210418,CN,http://www.wikidata.org/entity/Q148
Shiyan,3209004,CN,http://www.wikidata.org/entity/Q148
Cần Thơ,3207000,VN,http://www.wikidata.org/entity/Q881
Guang'an,3205476,CN,http://www.wikidata.org/entity/Q148
Faisalabad,3203846,PK,http://www.wikidata.org/entity/Q843
Changzhi,3180884,CN,http://www.wikidata.org/entity/Q148
City of Ekurhuleni Metropolitan Municipality,3178470,ZA,http://www.wikidata.org/entity/Q258
Tongren,3168800,CN,http://www.wikidata.org/entity/Q148
Leshan,3160168,CN,http://www.wikidata.org/entity/Q148
Santa Cruz de la Sierra,3151676,BO,http://www.wikidata.org/entity/Q750
Ningde,3146789,CN,http://www.wikidata.org/entity/Q148
Neijiang,3140678,CN,http://www.wikidata.org/entity/Q148
Tongliao,3139153,CN,http://www.wikidata.org/entity/Q148
Qinhuangdao,3136879,CN,http://www.wikidata.org/entity/Q148
Jinzhou,3126463,CN,http://www.wikidata.org/entity/Q148
Buenos Aires,3121707,AR,http://www.wikidata.org/entity/Q414
Qinhuangdao,3107400,CN,http://www.wikidata.org/entity/Q148
Datong,3105591,CN,http://www.wikidata.org/entity/Q148
Vadodara,3100260,IN,http://www.wikidata.org/entity/Q668
Heyuan,3093900,CN,http://www.wikidata.org/entity/Q148
Quezon City,3084270,PH,http://www.wikidata.org/entity/Q928
Jaipur,3073350,IN,http://www.wikidata.org/entity/Q668
Xinzhou,3067501,CN,http://www.wikidata.org/entity/Q148
Wuzhou,3061100,CN,http://www.wikidata.org/entity/Q148
Incheon,3049315,KR,http://www.wikidata.org/entity/Q884
Chaoyang,3044641,CN,http://www.wikidata.org/entity/Q148
Taichung,3033885,TW,http://www.wikidata.org/entity/Q865
Huainan,3033528,CN,http://www.wikidata.org/entity/Q148
Liupanshui,3031602,CN,http://www.wikidata.org/entity/Q148
Surabaya,3009286,ID,http://www.wikidata.org/entity/Q252
Shaoguan,2997600,CN,http://www.wikidata.org/entity/Q148
Brasília,2996899,BR,http://www.wikidata.org/entity/Q155
Kuwait City,2989000,KW,http://www.wikidata.org/entity/Q817
Tianshui,2984659,CN,http://www.wikidata.org/entity/Q148
Rizhao,2968365,CN,http://www.wikidata.org/entity/Q148
Sanaa,2957000,YE,http://www.wikidata.org/entity/Q805
Tashkent,2956384,UZ,http://www.wikidata.org/entity/Q265
Meishan,2955219,CN,http://www.wikidata.org/entity/Q148
Kyiv,2952301,UA,http://www.wikidata.org/entity/Q212
Meishan,2950545,CN,http://www.wikidata.org/entity/Q148
Liupanshui,2950500,CN,http://www.wikidata.org/entity/Q148
City of Tshwane Metropolitan Municipality,2921488,ZA,http://www.wikidata.org/entity/Q258
Weihai,2906548,CN,http://www.wikidata.org/entity/Q148
Daqing,2904532,CN,http://www.wikidata.org/entity/Q148
Bursa,2901396,TR,http://www.wikidata.org/entity/Q43
Jingmen,2897500,CN,http://www.wikidata.org/entity/Q148
Huzhou,2893542,CN,http://www.wikidata.org/entity/Q148
Mbuji-Mayi,2892000,CD,http://www.wikidata.org/entity/Q974
Bandung,2875673,ID,http://www.wikidata.org/entity/Q252
Haikou,2873358,CN,http://www.wikidata.org/entity/Q148
Tongliao,2873168,CN,http://www.wikidata.org/entity/Q148
Chaoyang,2872857,CN,http://www.wikidata.org/entity/Q148
Taichung,2867537,TW,http://www.wikidata.org/entity/Q865
Xiangtan,2864800,CN,http://www.wikidata.org/entity/Q148
Pyongyang,2863000,KP,http://www.wikidata.org/entity/Q423
Yinchuan,2859074,CN,http://www.wikidata.org/entity/Q148
Shaoguan,2855131,CN,http://www.wikidata.org/entity/Q148
Heyuan,2837686,CN,http://www.wikidata.org/entity/Q148
San Luis Potosí,2822255,MX,http://www.wikidata.org/entity/Q96
Wuzhou,2820977,CN,http://www.wikidata.org/entity/Q148
Da Nang,2819900,VN,http://www.wikidata.org/entity/Q881
Suining,2814196,CN,http://www.wikidata.org/entity/Q148
Omdurman,2805396,SD,http://www.wikidata.org/entity/Q1049
Mudanjiang,2798723,CN,http://www.wikidata.org/entity/Q148
Toronto,2794356,CA,http://www.wikidata.org/entity/Q16
Daqing,2781562,CN,http://www.wikidata.org/entity/Q148
Douala,2768436,CM,http://www.wikidata.org/entity/Q1009
Osaka,2751862,JP,http://www.wikidata.org/entity/Q17
Songyuan,2750000,CN,http://www.wikidata.org/entity/Q148
Rome,2748109,IT,http://www.wikidata.org/entity/Q38
Chicago,2746388,US,http://www.wikidata.org/entity/Q30
Shanwei,2738482,CN,http://www.wikidata.org/entity/Q148
Kaohsiung,2733964,TW,http://www.wikidata.org/entity/Q865
Xiangtan,2726181,CN,http://www.wikidata.org/entity/Q148
Longyan,2723637,CN,http://www.wikidata.org/entity/Q148
Kaohsiung,2721500,TW,http://www.wikidata.org/entity/Q865
Tieling,2717732,CN,http://www.wikidata.org/entity/Q148
Bazhong,2712894,CN,http://www.wikidata.org/entity/Q148
Baotou,2709378,CN,http://www.wikidata.org/entity/Q148
Brisbane,2706966,AU,http://www.wikidata.org/entity/Q408
Jinzhou,2703853,CN,http://www.wikidata.org/entity/Q148
Dingxi,2698624,CN,http://www.wikidata.org/entity/Q148
Xinzhou,2689668,CN,http://www.wikidata.org/entity/Q148
Damascus,2685360,SY,http://www.wikidata.org/entity/Q858
Nanping,2680645,CN,http://www.wikidata.org/entity/Q148
Zigong,2678899,CN,http://www.wikidata.org/entity/Q148
Gazipur,2677715,BD,http://www.wikidata.org/entity/Q902
Shanwei,2672819,CN,http://www.wikidata.org/entity/Q148
Xianning,2658316,CN,http://www.wikidata.org/entity/Q148
Chaozhou,2656600,CN,http://www.wikidata.org/entity/Q148
Baotou,2650364,CN,http://www.wikidata.org/entity/Q148
Guayaquil,2650288,EC,http://www.wikidata.org/entity/Q736
Huludao,2623541,CN,http://www.wikidata.org/entity/Q148
Yangjiang,2602959,CN,http://www.wikidata.org/entity/Q148
Jingmen,2596927,CN,http://www.wikidata.org/entity/Q148
Ziyang,2593843,CN,http://www.wikidata.org/entity/Q148
Chittagong,2581643,BD,http://www.wikidata.org/entity/Q902
Fortaleza,2578483,BR,http://www.wikidata.org/entity/Q155
Longnan,2567718,CN,http://www.wikidata.org/entity/Q148
Ibadan,2559853,NG,http://www.wikidata.org/entity/Q1033
Jiamusi,2552097,CN,http://www.wikidata.org/entity/Q148
Ibadan,2550593,NG,http://www.wikidata.org/entity/Q1033
Hulunbuir,2549252,CN,http://www.wikidata.org/entity/Q148
Xianning,2548400,CN,http://www.wikidata.org/entity/Q148
El Paso–Juárez,2539946,US,http://www.wikidata.org/entity/Q30
El Paso–Juárez,2539946,MX,http://www.wikidata.org/entity/Q96
Medellín,2529403,CO,http://www.wikidata.org/entity/Q739
Dingxi,2524097,CN,http://www.wikidata.org/entity/Q148
Lishui,2507396,CN,http://www.wikidata.org/entity/Q148
Xuancheng,2500063,CN,http://www.wikidata.org/entity/Q148
Waqooyi-Bari,2500000,SO,http://www.wikidata.org/entity/Q1045
Ankang,2493436,CN,http://www.wikidata.org/entity/Q148
Havana,2492618,CU,http://www.wikidata.org/entity/Q241
Zigong,2489256,CN,http://www.wikidata.org/entity/Q148
Luanda,2487444,AO,http://www.wikidata.org/entity/Q916
Sanming,2486450,CN,http://www.wikidata.org/entity/Q148
Guangyuan,2484122,CN,http://www.wikidata.org/entity/Q148
Huangshi,2471700,CN,http://www.wikidata.org/entity/Q148
Cali,2471474,CO,http://www.wikidata.org/entity/Q739
Anshun,2470630,CN,http://www.wikidata.org/entity/Q148
Huangshi,2469079,CN,http://www.wikidata.org/entity/Q148
Xining,2467965,CN,http://www.wikidata.org/entity/Q148
Lusaka,2467563,ZM,http://www.wikidata.org/entity/Q953
Ouagadougou,2453496,BF,http://www.wikidata.org/entity/Q965
Dandong,2444697,CN,http://www.wikidata.org/entity/Q148
Daegu,2444412,KR,http://www.wikidata.org/entity/Q884
Taipei,2442991,TW,http://www.wikidata.org/entity/Q865
Yaoundé,2440462,CM,http://www.wikidata.org/entity/Q1009
Zhuhai,2439585,CN,http://www.wikidata.org/entity/Q148
Huludao,2434194,CN,http://www.wikidata.org/entity/Q148
Baoshan,2431211,CN,http://www.wikidata.org/entity/Q148
Yingkou,2428534,CN,http://www.wikidata.org/entity/Q148
Antalya,2426356,TR,http://www.wikidata.org/entity/Q43
Beirut,2421354,LB,http://www.wikidata.org/entity/Q822
Salvador,2417678,BR,http://www.wikidata.org/entity/Q155
Longnan,2407272,CN,http://www.wikidata.org/entity/Q148
Nagpur,2405665,IN,http://www.wikidata.org/entity/Q668
Queens,2405464,US,http://www.wikidata.org/entity/Q30
Pu'er City,2404954,CN,http://www.wikidata.org/entity/Q148
Tieling,2388294,CN,http://www.wikidata.org/entity/Q148
Yunfu,2383350,CN,http://www.wikidata.org/entity/Q148
Bekasi,2381053,ID,http://www.wikidata.org/entity/Q252
Daegu,2376044,KR,http://www.wikidata.org/entity/Q884
Ghaziabad,2375820,IN,http://www.wikidata.org/entity/Q668
Luohe,2367490,CN,http://www.wikidata.org/entity/Q148
Algiers,2364230,DZ,http://www.wikidata.org/entity/Q262
Anshun,2353100,CN,http://www.wikidata.org/entity/Q148
Taoyuan,2352683,TW,http://www.wikidata.org/entity/Q865
Depok,2330333,ID,http://www.wikidata.org/entity/Q252
Yingkou,2328582,CN,http://www.wikidata.org/entity/Q148
Nagoya,2326844,JP,http://www.wikidata.org/entity/Q17
Belo Horizonte,2315560,BR,http://www.wikidata.org/entity/Q155
Ziyang,2308631,CN,http://www.wikidata.org/entity/Q148
Guangyuan,2305657,CN,http://www.wikidata.org/entity/Q148
Houston,2304580,US,http://www.wikidata.org/entity/Q30
Manaus,2303732,BR,http://www.wikidata.org/entity/Q155
Baku,2300500,AZ,http://www.wikidata.org/entity/Q227
Yingkou,2296540,CN,http://www.wikidata.org/entity/Q148
Konya Province,2296347,TR,http://www.wikidata.org/entity/Q43
Mudanjiang,2290208,CN,http://www.wikidata.org/entity/Q148
Yan'an,2282581,CN,http://www.wikidata.org/entity/Q148
Quzhou,2276184,CN,http://www.wikidata.org/entity/Q148
Lincang,2257991,CN,http://www.wikidata.org/entity/Q148
Songyuan,2252994,CN,http://www.wikidata.org/entity/Q148
Yuxi,2249502,CN,http://www.wikidata.org/entity/Q148
Caracas,2245744,VE,http://www.wikidata.org/entity/Q717
Hulunbuir,2242875,CN,http://www.wikidata.org/entity/Q148
Tangerang,2237006,ID,http://www.wikidata.org/entity/Q252
Cali,2234400,CO,http://www.wikidata.org/entity/Q739
Laibin,2233900,CN,http://www.wikidata.org/entity/Q148
Konya,2232374,TR,http://www.wikidata.org/entity/Q43
Almaty,2228675,KZ,http://www.wikidata.org/entity/Q232
Suizhou,2221000,CN,http://www.wikidata.org/entity/Q148
Qingyang,2211191,CN,http://www.wikidata.org/entity/Q148
Xining,2208708,CN,http://www.wikidata.org/entity/Q148
Konya Province,2205609,TR,http://www.wikidata.org/entity/Q43
Santo Domingo,2201941,DO,http://www.wikidata.org/entity/Q786
Mbuji-Mayi,2201000,CD,http://www.wikidata.org/entity/Q974
Jincheng,2194545,CN,http://www.wikidata.org/entity/Q148
Dongying,2193518,CN,http://www.wikidata.org/entity/Q148
Dandong,2188436,CN,http://www.wikidata.org/entity/Q148
Lomé,2188376,TG,http://www.wikidata.org/entity/Q945
Quzhou,2185000,CN,http://www.wikidata.org/entity/Q148
Qingyang,2179716,CN,http://www.wikidata.org/entity/Q148
Ma'anshan,2159930,CN,http://www.wikidata.org/entity/Q148
Jiamusi,2156505,CN,http://www.wikidata.org/entity/Q148
Ordos City,2153638,CN,http://www.wikidata.org/entity/Q148
Harare,2150000,ZW,http://www.wikidata.org/entity/Q954
Brazzaville,2145783,CG,http://www.wikidata.org/entity/Q971
Perth,2141834,AU,http://www.wikidata.org/entity/Q408
Havana,2141652,CU,http://www.wikidata.org/entity/Q241
Phnom Penh,2129371,KH,http://www.wikidata.org/entity/Q424
Haiphong,2124500,VN,http://www.wikidata.org/entity/Q881
Mogadishu,2120000,SO,http://www.wikidata.org/entity/Q1045
Lishui,2116957,CN,http://www.wikidata.org/entity/Q148
Medan,2109330,ID,http://www.wikidata.org/entity/Q252
Paris,2103778,FR,http://www.wikidata.org/entity/Q142
Haiphong,2103500,VN,http://www.wikidata.org/entity/Q881
Chongzuo,2099400,CN,http://www.wikidata.org/entity/Q148
Rawalpindi,2098231,PK,http://www.wikidata.org/entity/Q843
Havana,2089532,CU,http://www.wikidata.org/entity/Q241
Chongzuo,2088692,CN,http://www.wikidata.org/entity/Q148
Haiphong,2088020,VN,http://www.wikidata.org/entity/Q881
Konya Province,2076524,TR,http://www.wikidata.org/entity/Q43
Laibin,2074611,CN,http://www.wikidata.org/entity/Q148
Hezhou,2072600,CN,http://www.wikidata.org/entity/Q148
Pingliang,2068033,CN,http://www.wikidata.org/entity/Q148
Vadodara,2065771,IN,http://www.wikidata.org/entity/Q668
Suizhou,2047923,CN,http://www.wikidata.org/entity/Q148
Rajkot,2043000,IN,http://www.wikidata.org/entity/Q668
Shangluo,2041231,CN,http://www.wikidata.org/entity/Q148
Visakhapatnam,2035922,IN,http://www.wikidata.org/entity/Q668
Sanmenxia,2034872,CN,http://www.wikidata.org/entity/Q148
Baicheng,2032356,CN,http://www.wikidata.org/entity/Q148
Vienna,2028289,AT,http://www.wikidata.org/entity/Q40
Gujranwala,2027001,PK,http://www.wikidata.org/entity/Q843
Hezhou,2007858,CN,http://www.wikidata.org/entity/Q148
Aleppo,2003671,SY,http://www.wikidata.org/entity/Q858
Minsk,1995091,BY,http://www.wikidata.org/entity/Q184
Indore,1994397,IN,http://www.wikidata.org/entity/Q668
Yinchuan,1993088,CN,http://www.wikidata.org/entity/Q148
Şanlıurfa,1985753,TR,http://www.wikidata.org/entity/Q43
Binhai New Area,1973752,CN,http://www.wikidata.org/entity/Q148
Kananga,1971704,CD,http://www.wikidata.org/entity/Q974
Huaibei,1970265,CN,http://www.wikidata.org/entity/Q148
Peshawar,1970042,PK,http://www.wikidata.org/entity/Q843
Tijuana,1964788,MX,http://www.wikidata.org/entity/Q96
Isfahan,1961260,IR,http://www.wikidata.org/entity/Q794
Sapporo,1959313,JP,http://www.wikidata.org/entity/Q17
Kocaeli Province,1953035,TR,http://www.wikidata.org/entity/Q43
Pingxiang,1933200,CN,http://www.wikidata.org/entity/Q148
Irbid,1911600,JO,http://www.wikidata.org/entity/Q810
Hamburg,1910160,DE,http://www.wikidata.org/entity/Q183
Kocaeli Province,1906391,TR,http://www.wikidata.org/entity/Q43
Katowice urban area,1903000,PL,http://www.wikidata.org/entity/Q36
Manila,1902590,PH,http://www.wikidata.org/entity/Q928
Montreal,1895211,CA,http://www.wikidata.org/entity/Q16
Zhuhai,1891100,CN,http://www.wikidata.org/entity/Q148
Thane,1886941,IN,http://www.wikidata.org/entity/Q668
Tainan,1874686,TW,http://www.wikidata.org/entity/Q865
Multan,1871843,PK,http://www.wikidata.org/entity/Q843
Warsaw,1862402,PL,http://www.wikidata.org/entity/Q36
Jixi,1862165,CN,http://www.wikidata.org/entity/Q148
Fushun,1861372,CN,http://www.wikidata.org/entity/Q148
Liaoyang,1858768,CN,http://www.wikidata.org/entity/Q148
Tainan,1854682,TW,http://www.wikidata.org/entity/Q865
Beihai,1853227,CN,http://www.wikidata.org/entity/Q148
Kocaeli Province,1851790,TR,http://www.wikidata.org/entity/Q43
Davao City,1848947,PH,http://www.wikidata.org/entity/Q928
Pingliang,1848607,CN,http://www.wikidata.org/entity/Q148
Fuxin,1819339,CN,http://www.wikidata.org/entity/Q148
Wuwei,1815059,CN,http://www.wikidata.org/entity/Q148
Siping,1814733,CN,http://www.wikidata.org/entity/Q148
Pingxiang,1804805,CN,http://www.wikidata.org/entity/Q148
Bhopal,1798218,IN,http://www.wikidata.org/entity/Q668
Mosul,1792000,IQ,http://www.wikidata.org/entity/Q796
Lubumbashi,1786397,CD,http://www.wikidata.org/entity/Q974
Accra,1782150,GH,http://www.wikidata.org/entity/Q117
Benin City,1780000,NG,http://www.wikidata.org/entity/Q1033
Haikou,1776141,CN,http://www.wikidata.org/entity/Q148
Curitiba,1773718,BR,http://www.wikidata.org/entity/Q155
Adana,1765981,TR,http://www.wikidata.org/entity/Q43
Quito,1763275,EC,http://www.wikidata.org/entity/Q736
Montreal,1762949,CA,http://www.wikidata.org/entity/Q16
Garoua,1750000,CM,http://www.wikidata.org/entity/Q1009
Kigali,1745555,RW,http://www.wikidata.org/entity/Q1037
Hyderabad,1732693,PK,http://www.wikidata.org/entity/Q843
Diyarbakır,1732396,TR,http://www.wikidata.org/entity/Q43
Barcelona,1731649,ES,http://www.wikidata.org/entity/Q29
Bucharest,1716961,RO,http://www.wikidata.org/entity/Q218
Shuozhou,1714857,CN,http://www.wikidata.org/entity/Q148
Caloocan,1712945,PH,http://www.wikidata.org/entity/Q928
Benxi,1709538,CN,http://www.wikidata.org/entity/Q148
Baiyin,1708751,CN,http://www.wikidata.org/entity/Q148
Ulanqab,1706328,CN,http://www.wikidata.org/entity/Q148
Manhattan,1694251,US,http://www.wikidata.org/entity/Q30
Abuja,1693400,NG,http://www.wikidata.org/entity/Q1033
Budapest,1685209,HU,http://www.wikidata.org/entity/Q28
Patna,1684222,IN,http://www.wikidata.org/entity/Q668
City of Belgrade,1681405,RS,http://www.wikidata.org/entity/Q403
Mbuji-Mayi,1680991,CD,http://www.wikidata.org/entity/Q974
Gaziantep,1680723,TR,http://www.wikidata.org/entity/Q43
Kampala,1680600,UG,http://www.wikidata.org/entity/Q1036
Heihe,1673899,CN,http://www.wikidata.org/entity/Q148
Jingdezhen,1673200,CN,http://www.wikidata.org/entity/Q148
Bayannur,1669915,CN,http://www.wikidata.org/entity/Q148
Conakry,1667864,GN,http://www.wikidata.org/entity/Q1006
City of Belgrade,1659440,RS,http://www.wikidata.org/entity/Q403
Kota Semarang,1653524,ID,http://www.wikidata.org/entity/Q252
Fuxin,1647280,CN,http://www.wikidata.org/entity/Q148
South Tangerang,1644899,ID,http://www.wikidata.org/entity/Q252
Masvingo,1638528,ZW,http://www.wikidata.org/entity/Q954
Novosibirsk,1637266,RU,http://www.wikidata.org/entity/Q159
Semarang,1621384,ID,http://www.wikidata.org/entity/Q252
Jingdezhen,1618979,CN,http://www.wikidata.org/entity/Q148
Ludhiana,1618879,IN,http://www.wikidata.org/entity/Q668
Phoenix,1608139,US,http://www.wikidata.org/entity/Q30
Liaoyang,1604580,CN,http://www.wikidata.org/entity/Q148
Philadelphia,1603797,US,http://www.wikidata.org/entity/Q30
Fukuoka,1603043,JP,http://www.wikidata.org/entity/Q17
Shuozhou,1593444,CN,http://www.wikidata.org/entity/Q148
Agra,1585705,IN,http://www.wikidata.org/entity/Q668
León de Los Aldama,1579803,MX,http://www.wikidata.org/entity/Q96
Meerut,1571434,IN,http://www.wikidata.org/entity/Q668
Abu Dhabi,1570000,AE,http://www.wikidata.org/entity/Q878
Hebi,1569208,CN,http://www.wikidata.org/entity/Q148
Hebi,1565973,CN,http://www.wikidata.org/entity/Q148
Madurai,1561129,IN,http://www.wikidata.org/entity/Q668
Mbuji-Mayi,1559073,CD,http://www.wikidata.org/entity/Q974
Jamshedpur,1558000,IN,http://www.wikidata.org/entity/Q668
Maracaibo,1551539,VE,http://www.wikidata.org/entity/Q717
Baicheng,1551378,CN,http://www.wikidata.org/entity/Q148
Panama City,1540000,PA,http://www.wikidata.org/entity/Q804
Kawasaki,1539522,JP,http://www.wikidata.org/entity/Q17
Bayannur,1538715,CN,http://www.wikidata.org/entity/Q148
Zhangjiajie,1537900,CN,http://www.wikidata.org/entity/Q148
Palembang,1535952,ID,http://www.wikidata.org/entity/Q252
Kobe,1521707,JP,http://www.wikidata.org/entity/Q17
Rui'an,1520386,CN,http://www.wikidata.org/entity/Q148
Zhangjiajie,1517027,CN,http://www.wikidata.org/entity/Q148
Baiyin,1512110,CN,http://www.wikidata.org/entity/Q148
Guiping,1511011,CN,http://www.wikidata.org/entity/Q148
Munich,1510378,DE,http://www.wikidata.org/entity/Q183
Ya'an,1507258,CN,http://www.wikidata.org/entity/Q148
Córdoba,1505250,AR,http://www.wikidata.org/entity/Q414
Jixi,1502060,CN,http://www.wikidata.org/entity/Q148
New Cairo,1500000,EG,http://www.wikidata.org/entity/Q79
Niamey,1496260,NE,http://www.wikidata.org/entity/Q1032
Gwangju,1490092,KR,http://www.wikidata.org/entity/Q884
Recife,1488920,BR,http://www.wikidata.org/entity/Q155
Nashik,1486053,IN,http://www.wikidata.org/entity/Q668
Valencia,1484430,VE,http://www.wikidata.org/entity/Q717
Onitsha,1483000,NG,http://www.wikidata.org/entity/Q1033
Daejeon,1475221,KR,http://www.wikidata.org/entity/Q884
The Bronx,1472654,US,http://www.wikidata.org/entity/Q30
Auckland,1470100,NZ,http://www.wikidata.org/entity/Q664
Yekaterinburg,1468833,RU,http://www.wikidata.org/entity/Q159
Wuwei,1464955,CN,http://www.wikidata.org/entity/Q148
Kyoto,1463723,JP,http://www.wikidata.org/entity/Q17
Shuangyashan,1462626,CN,http://www.wikidata.org/entity/Q148
Yueqing,1452707,CN,http://www.wikidata.org/entity/Q148
Nouakchott,1446761,MR,http://www.wikidata.org/entity/Q1025
Dakar,1438725,SN,http://www.wikidata.org/entity/Q1041
Goiânia,1437366,BR,http://www.wikidata.org/entity/Q155
Metropolis of Lyon,1436354,FR,http://www.wikidata.org/entity/Q142
San Antonio,1434625,US,http://www.wikidata.org/entity/Q30
Ya'an,1434603,CN,http://www.wikidata.org/entity/Q148
Guyuan,1426000,CN,http://www.wikidata.org/entity/Q148
Muscat,1421409,OM,http://www.wikidata.org/entity/Q842
Kharkiv,1421125,UA,http://www.wikidata.org/entity/Q212
Pointe-Noire,1420612,CG,http://www.wikidata.org/entity/Q971
Wenling,1416199,CN,http://www.wikidata.org/entity/Q148
Medina,1411599,SA,http://www.wikidata.org/entity/Q851
Gwangju,1409624,KR,http://www.wikidata.org/entity/Q884
Faridabad,1404653,IN,http://www.wikidata.org/entity/Q668
Prague,1397880,CZ,http://www.wikidata.org/entity/Q213
Haidong,1396845,CN,http://www.wikidata.org/entity/Q148
Ulaanbaatar,1396288,MN,http://www.wikidata.org/entity/Q711
Panjin,1392493,CN,http://www.wikidata.org/entity/Q148
Panjin,1389691,CN,http://www.wikidata.org/entity/Q148
Kayseri,1389680,TR,http://www.wikidata.org/entity/Q43
Yueqing,1389332,CN,http://www.wikidata.org/entity/Q148
Porto Alegre,1388794,BR,http://www.wikidata.org/entity/Q155
Adelaide,1387290,AU,http://www.wikidata.org/entity/Q408
San Diego,1386932,US,http://www.wikidata.org/entity/Q30
Guadalajara,1385621,MX,http://www.wikidata.org/entity/Q96
Wuzhong,1382713,CN,http://www.wikidata.org/entity/Q148
Samsun,1368488,TR,http://www.wikidata.org/entity/Q43
Wenling,1366794,CN,http://www.wikidata.org/entity/Q148
Kisangani,1366000,CD,http://www.wikidata.org/entity/Q974
Haidong,1358471,CN,http://www.wikidata.org/entity/Q148
Milan,1354196,IT,http://www.wikidata.org/entity/Q38
Santiago de los Caballeros,1343423,DO,http://www.wikidata.org/entity/Q786
Chizhou,1342764,CN,http://www.wikidata.org/entity/Q148
Makassar,1338663,ID,http://www.wikidata.org/entity/Q252
Huangshan,1330565,CN,http://www.wikidata.org/entity/Q148
Kazan,1329825,RU,http://www.wikidata.org/entity/Q159
Barranquilla,1326588,CO,http://www.wikidata.org/entity/Q739
Basra,1326564,IQ,http://www.wikidata.org/entity/Q796
Benxi,1326018,CN,http://www.wikidata.org/entity/Q148
Saitama,1325843,JP,http://www.wikidata.org/entity/Q17
Guarulhos,1324781,BR,http://www.wikidata.org/entity/Q155
Ciudad Juárez,1321004,MX,http://www.wikidata.org/entity/Q96
Yangquan,1318505,CN,http://www.wikidata.org/entity/Q148
Tongling,1311726,CN,http://www.wikidata.org/entity/Q148
Taguig,1308085,PH,http://www.wikidata.org/entity/Q928
Calgary,1306784,CA,http://www.wikidata.org/entity/Q16
Dallas,1304379,US,http://www.wikidata.org/entity/Q30
Belém,1303403,BR,http://www.wikidata.org/entity/Q155
Montevideo,1302954,UY,http://www.wikidata.org/entity/Q77
Tonghua,1302778,CN,http://www.wikidata.org/entity/Q148
Nova Iguaçu,1297704,BR,http://www.wikidata.org/entity/Q155
Baishan,1296127,CN,http://www.wikidata.org/entity/Q148
Tripoli,1293016,LY,http://www.wikidata.org/entity/Q1016
Heihe,1286401,CN,http://www.wikidata.org/entity/Q148
Wuzhong,1284000,CN,http://www.wikidata.org/entity/Q148
East Berlin,1279212,DD,http://www.wikidata.org/entity/Q16957
Tangier,1275428,MA,http://www.wikidata.org/entity/Q1028
Antananarivo,1275207,MG,http://www.wikidata.org/entity/Q1019
Soweto,1271628,ZA,http://www.wikidata.org/entity/Q258
Jabalpur,1267564,IN,http://www.wikidata.org/entity/Q668
Nelson Mandela Bay Metropolitan Municipality,1263051,ZA,http://www.wikidata.org/entity/Q258
Zapopan,1257547,MX,http://www.wikidata.org/entity/Q96
Brussels-Capital Region,1255795,BE,http://www.wikidata.org/entity/Q31
Yuyao City,1254032,CN,http://www.wikidata.org/entity/Q148
Lijiang,1253878,CN,http://www.wikidata.org/entity/Q148
Cần Thơ,1252350,VN,http://www.wikidata.org/entity/Q881
Cần Thơ,1252300,VN,http://www.wikidata.org/entity/Q881
Balıkesir,1250610,TR,http://www.wikidata.org/entity/Q43
Sharjah,1247749,AE,http://www.wikidata.org/entity/Q878
Cần Thơ,1237300,VN,http://www.wikidata.org/entity/Q881
Huế,1236393,VN,http://www.wikidata.org/entity/Q881
Suwon,1234300,KR,http://www.wikidata.org/entity/Q884
Da Nang,1230847,VN,http://www.wikidata.org/entity/Q881
Mandalay,1225546,MM,http://www.wikidata.org/entity/Q836
Vasai-Virar,1222390,IN,http://www.wikidata.org/entity/Q668
Da Nang,1220200,VN,http://www.wikidata.org/entity/Q881
Da Nang,1220190,VN,http://www.wikidata.org/entity/Q881
Panzhihua,1214121,CN,http://www.wikidata.org/entity/Q148
Campinas,1213792,BR,http://www.wikidata.org/entity/Q155
Mbuji-Mayi,1213726,CD,http://www.wikidata.org/entity/Q974
Sofia,1213134,BG,http://www.wikidata.org/entity/Q219
Panzhihua,1212203,CN,http://www.wikidata.org/entity/Q148
Beiliu,1211637,CN,http://www.wikidata.org/entity/Q148
Shuangyashan,1208803,CN,http://www.wikidata.org/entity/Q148
Mombasa,1208333,KE,http://www.wikidata.org/entity/Q114
Xinyu,1202499,CN,http://www.wikidata.org/entity/Q148
Zhangye,1199515,CN,http://www.wikidata.org/entity/Q148
Varanasi,1198491,IN,http://www.wikidata.org/entity/Q668
Nizhny Novgorod,1198245,RU,http://www.wikidata.org/entity/Q159
Hiroshima,1198021,JP,http://www.wikidata.org/entity/Q17
Chiang Mai,1198000,TH,http://www.wikidata.org/entity/Q869
Belgrade,1197714,RS,http://www.wikidata.org/entity/Q403
Maiduguri,1197497,NG,http://www.wikidata.org/entity/Q1033
Batam,1196396,ID,http://www.wikidata.org/entity/Q252
Mbuji-Mayi,1193891,CD,http://www.wikidata.org/entity/Q974
Rosario,1193605,AR,http://www.wikidata.org/entity/Q414
Shymkent,1191877,KZ,http://www.wikidata.org/entity/Q232
Bishkek,1191000,KG,http://www.wikidata.org/entity/Q813
Xinyu,1186700,CN,http://www.wikidata.org/entity/Q148
Doha,1186023,QA,http://www.wikidata.org/entity/Q846
Ahvaz,1184788,IR,http://www.wikidata.org/entity/Q794
Shymkent,1184113,KZ,http://www.wikidata.org/entity/Q232
Srinagar,1180570,IN,http://www.wikidata.org/entity/Q668
Huế,1178600,VN,http://www.wikidata.org/entity/Q881
Chelyabinsk,1176770,RU,http://www.wikidata.org/entity/Q159
Liaoyuan,1176239,CN,http://www.wikidata.org/entity/Q148
Malang,1175282,ID,http://www.wikidata.org/entity/Q252
Aurangabad,1175116,IN,http://www.wikidata.org/entity/Q668
Yingtan,1175000,CN,http://www.wikidata.org/entity/Q148
Pikine,1170791,SN,http://www.wikidata.org/entity/Q1041
Fez,1167842,MA,http://www.wikidata.org/entity/Q1028
Bandar Lampung,1166761,ID,http://www.wikidata.org/entity/Q252
Naypyidaw,1160242,MM,http://www.wikidata.org/entity/Q836
Aba,1160000,NG,http://www.wikidata.org/entity/Q1033
Amritsar,1159227,IN,http://www.wikidata.org/entity/Q668
Zhoushan,1157817,CN,http://www.wikidata.org/entity/Q148
Krasnodar,1154885,RU,http://www.wikidata.org/entity/Q159
Aden,1154410,YE,http://www.wikidata.org/entity/Q805
Yingtan,1154223,CN,http://www.wikidata.org/entity/Q148
Samara,1154223,RU,http://www.wikidata.org/entity/Q159
Nelson Mandela Bay Metropolitan Municipality,1152115,ZA,http://www.wikidata.org/entity/Q258
Leiyang,1151554,CN,http://www.wikidata.org/entity/Q148
Yichun,1148126,CN,http://www.wikidata.org/entity/Q148
Ufa,1144809,RU,http://www.wikidata.org/entity/Q159
Rostov-on-Don,1143123,RU,http://www.wikidata.org/entity/Q159
Monterrey,1142952,MX,http://www.wikidata.org/entity/Q96
Guyuan,1142142,CN,http://www.wikidata.org/entity/Q148
Leiyang,1140675,CN,http://www.wikidata.org/entity/Q148
Birmingham,1137100,GB,http://www.wikidata.org/entity/Q145
Maputo,1133200,MZ,http://www.wikidata.org/entity/Q1029
Amritsar,1132383,IN,http://www.wikidata.org/entity/Q668
Zhangye,1131016,CN,http://www.wikidata.org/entity/Q148
Van,1127612,TR,http://www.wikidata.org/entity/Q43
Ulsan,1127553,KR,http://www.wikidata.org/entity/Q884
Zhoushan,1121261,CN,http://www.wikidata.org/entity/Q148
Quilamba Quiaxi,1120781,AO,http://www.wikidata.org/entity/Q916
Navi Mumbai,1119477,IN,http://www.wikidata.org/entity/Q668
Tbilisi,1118035,GE,http://www.wikidata.org/entity/Q230
Guwahati,1116267,IN,http://www.wikidata.org/entity/Q668
Yerevan,1106300,AM,http://www.wikidata.org/entity/Q399
Biên Hòa,1104000,VN,http://www.wikidata.org/entity/Q881
Maracay,1102088,VE,http://www.wikidata.org/entity/Q717
Omsk,1101367,RU,http://www.wikidata.org/entity/Q159
Jiuquan,1095947,CN,http://www.wikidata.org/entity/Q148
Yuyao City,1095000,CN,http://www.wikidata.org/entity/Q148
Nova Iguaçu,1094789,BR,http://www.wikidata.org/entity/Q155
Krasnoyarsk,1092851,RU,http://www.wikidata.org/entity/Q159
N'Djamena,1092066,TD,http://www.wikidata.org/entity/Q657
Cologne,1087353,DE,http://www.wikidata.org/entity/Q183
Yongin,1084817,KR,http://www.wikidata.org/entity/Q884
Ezhou,1079353,CN,http://www.wikidata.org/entity/Q148
Astana,1078362,KZ,http://www.wikidata.org/entity/Q232
Howrah,1077075,IN,http://www.wikidata.org/entity/Q668
Ranchi,1073440,IN,http://www.wikidata.org/entity/Q668
Gwalior,1069276,IN,http://www.wikidata.org/entity/Q668
Zhongwei,1067336,CN,http://www.wikidata.org/entity/Q148
Goyang,1061929,KR,http://www.wikidata.org/entity/Q884
Sendai,1061177,JP,http://www.wikidata.org/entity/Q17
Ezhou,1059700,CN,http://www.wikidata.org/entity/Q148
Barquisimeto,1059092,VE,http://www.wikidata.org/entity/Q717
Hegang,1058665,CN,http://www.wikidata.org/entity/Q148
Tegucigalpa,1055729,HN,http://www.wikidata.org/entity/Q783
Jiuquan,1055706,CN,http://www.wikidata.org/entity/Q148
Chandigarh,1055450,IN,http://www.wikidata.org/entity/Q668
Vijayawada,1048240,IN,http://www.wikidata.org/entity/Q668
Fangchenggang,1046068,CN,http://www.wikidata.org/entity/Q148
Zhongwei,1046000,CN,http://www.wikidata.org/entity/Q148
Voronezh,1041722,RU,http://www.wikidata.org/entity/Q159
Mersin,1040507,TR,http://www.wikidata.org/entity/Q43
São Luís,1037775,BR,http://www.wikidata.org/entity/Q155
Rosario,1037710,AR,http://www.wikidata.org/entity/Q414
Jodhpur,1033918,IN,http://www.wikidata.org/entity/Q668
Matola,1032197,MZ,http://www.wikidata.org/entity/Q1029
Ogbomosho,1032000,NG,http://www.wikidata.org/entity/Q1033
Sanya,1031396,CN,http://www.wikidata.org/entity/Q148
Ashgabat,1030063,TM,http://www.wikidata.org/entity/Q874
Enugu,1029400,NG,http://www.wikidata.org/entity/Q1033
Santo Domingo,1029110,CL,http://www.wikidata.org/entity/Q298
Denizli,1027782,TR,http://www.wikidata.org/entity/Q43
Perm,1027518,RU,http://www.wikidata.org/entity/Q159
Shobra Elkhema,1025569,EG,http://www.wikidata.org/entity/Q79
Monrovia,1021762,LR,http://www.wikidata.org/entity/Q1014
Zamboanga City,1018849,PH,http://www.wikidata.org/entity/Q928
Ottawa,1017449,CA,http://www.wikidata.org/entity/Q16
Islamabad,1014825,PK,http://www.wikidata.org/entity/Q843
Thủ Đức,1013795,VN,http://www.wikidata.org/entity/Q881
San Jose,1013240,US,http://www.wikidata.org/entity/Q30
Volgograd,1012219,RU,http://www.wikidata.org/entity/Q159
Edmonton,1010899,CA,http://www.wikidata.org/entity/Q16
Odesa,1010537,UA,http://www.wikidata.org/entity/Q212
Raipur,1010087,IN,http://www.wikidata.org/entity/Q668
Changwon,1009998,KR,http://www.wikidata.org/entity/Q884
Arequipa,1008290,PE,http://www.wikidata.org/entity/Q419
Da Nang,1007400,VN,http://www.wikidata.org/entity/Q881
Tshikapa,1006387,CD,http://www.wikidata.org/entity/Q974
Hwaseong,1004079,KR,http://www.wikidata.org/entity/Q884
Marrakesh,1002697,MA,http://www.wikidata.org/entity/Q1028
Kota,1001694,IN,http://www.wikidata.org/entity/Q668
Quetta,1001205,PK,http://www.wikidata.org/entity/Q843
Bareilly,1000000,IN,http://www.wikidata.org/entity/Q668
Liaoyuan,996903,CN,http://www.wikidata.org/entity/Q148
Guatemala City,994938,GT,http://www.wikidata.org/entity/Q774
Xingning,993000,CN,http://www.wikidata.org/entity/Q148
Lilongwe,989318,MW,http://www.wikidata.org/entity/Q1020
Port-au-Prince,987310,HT,http://www.wikidata.org/entity/Q790
Stockholm,984748,SE,http://www.wikidata.org/entity/Q34
Pekanbaru,983356,ID,http://www.wikidata.org/entity/Q252
Bogor,982469,ID,http://www.wikidata.org/entity/Q252
Chiba,975014,JP,http://www.wikidata.org/entity/Q17
Kirkuk,975000,IQ,http://www.wikidata.org/entity/Q796
Dnipro,968502,UA,http://www.wikidata.org/entity/Q212
Baishan,968373,CN,http://www.wikidata.org/entity/Q148
Narayanganj,967951,BD,http://www.wikidata.org/entity/Q902
Cebu City,965332,PH,http://www.wikidata.org/entity/Q928
Asmara,963000,ER,http://www.wikidata.org/entity/Q986
Campo Grande,962883,BR,http://www.wikidata.org/entity/Q155
Austin,961855,US,http://www.wikidata.org/entity/Q30
Coimbatore,959823,IN,http://www.wikidata.org/entity/Q668
Danzhou,954259,CN,http://www.wikidata.org/entity/Q148
Solapur,951558,IN,http://www.wikidata.org/entity/Q668
Freetown,951000,SL,http://www.wikidata.org/entity/Q1044
Jacksonville,949611,US,http://www.wikidata.org/entity/Q30
Seongnam,948757,KR,http://www.wikidata.org/entity/Q884
Dushanbe,948251,TJ,http://www.wikidata.org/entity/Q863
Kermanshah,946651,IR,http://www.wikidata.org/entity/Q794
Salé,945101,MA,http://www.wikidata.org/entity/Q1028
Kingston,937700,JM,http://www.wikidata.org/entity/Q766
Managua,937489,NI,http://www.wikidata.org/entity/Q811
Jerusalem,936425,IL,http://www.wikidata.org/entity/Q801
Jerusalem,936425,PS,http://www.wikidata.org/entity/Q219060
Khartoum North,936349,SD,http://www.wikidata.org/entity/Q1049
Kisangani,935977,CD,http://www.wikidata.org/entity/Q974
Kitakyūshū,935084,JP,http://www.wikidata.org/entity/Q17
Aguascalientes City,934424,MX,http://www.wikidata.org/entity/Q96
Khulna,928891,BD,http://www.wikidata.org/entity/Q902
Chihuahua City,925762,MX,http://www.wikidata.org/entity/Q96
Nova Iguaçu,920599,BR,http://www.wikidata.org/entity/Q155
Mysore,920550,IN,http://www.wikidata.org/entity/Q668
Qitaihe,920471,CN,http://www.wikidata.org/entity/Q148
Trujillo,919899,PE,http://www.wikidata.org/entity/Q419
Fort Worth,918915,US,http://www.wikidata.org/entity/Q30
Seongnam,918771,KR,http://www.wikidata.org/entity/Q884
Tiruchirappalli,916857,IN,http://www.wikidata.org/entity/Q668
Cartagena,914552,CO,http://www.wikidata.org/entity/Q739
Q1636,913712,PH,http://www.wikidata.org/entity/Q928
Naples,913462,IT,http://www.wikidata.org/entity/Q38
Padang,909040,ID,http://www.wikidata.org/entity/Q252
Owerri,908109,NG,http://www.wikidata.org/entity/Q1033
Columbus,905748,US,http://www.wikidata.org/entity/Q30
Bobo-Dioulasso,903887,BF,http://www.wikidata.org/entity/Q965
Lubango,903564,AO,http://www.wikidata.org/entity/Q916
Dammam,903312,SA,http://www.wikidata.org/entity/Q851
Donetsk,901645,UA,http://www.wikidata.org/entity/Q212
Libreville,899000,GA,http://www.wikidata.org/entity/Q1000
São Gonçalo,896744,BR,http://www.wikidata.org/entity/Q155
Mérida,892363,MX,http://www.wikidata.org/entity/Q96
Hegang,891271,CN,http://www.wikidata.org/entity/Q148
Bangui,889231,CF,http://www.wikidata.org/entity/Q929
Abeokuta,888924,NG,http://www.wikidata.org/entity/Q1033
Cancun,888797,MX,http://www.wikidata.org/entity/Q96
Moradabad,887871,IN,http://www.wikidata.org/entity/Q668
Indianapolis,887642,US,http://www.wikidata.org/entity/Q30
Da Nang,887069,VN,http://www.wikidata.org/entity/Q881
Duque de Caxias,886917,BR,http://www.wikidata.org/entity/Q155
Marseille,886040,FR,http://www.wikidata.org/entity/Q142
Tabuk,886036,SA,http://www.wikidata.org/entity/Q851
El Alto,885035,BO,http://www.wikidata.org/entity/Q750
Yichun,878881,CN,http://www.wikidata.org/entity/Q148
Sulaymaniyah,878146,IQ,http://www.wikidata.org/entity/Q796
Klang,878000,MY,http://www.wikidata.org/entity/Q833
Jamnagar,877000,IN,http://www.wikidata.org/entity/Q668
Gurgaon,876824,IN,http://www.wikidata.org/entity/Q668
Charlotte,874579,US,http://www.wikidata.org/entity/Q30
Ramadi,874543,IQ,http://www.wikidata.org/entity/Q796
Aligarh,874408,IN,http://www.wikidata.org/entity/Q668
San Francisco,873965,US,http://www.wikidata.org/entity/Q30
Barinas,873962,VE,http://www.wikidata.org/entity/Q717
Jalandhar,873725,IN,http://www.wikidata.org/entity/Q668
Tyumen,872077,RU,http://www.wikidata.org/entity/Q159
Eskişehir,871187,TR,http://www.wikidata.org/entity/Q43
Teresina,868075,BR,http://www.wikidata.org/entity/Q155
Lhasa,867891,CN,http://www.wikidata.org/entity/Q148
Ipoh,866772,MY,http://www.wikidata.org/entity/Q833
Malang,866118,ID,http://www.wikidata.org/entity/Q252
Viana,865863,AO,http://www.wikidata.org/entity/Q916
Nova Iguaçu,865089,BR,http://www.wikidata.org/entity/Q155
Saltillo,864431,MX,http://www.wikidata.org/entity/Q96
Ikeja,861300,NG,http://www.wikidata.org/entity/Q1033
Hermosillo,855563,MX,http://www.wikidata.org/entity/Q96
Nova Iguaçu,855500,BR,http://www.wikidata.org/entity/Q155
Taoyuan County,854935,CN,http://www.wikidata.org/entity/Q148
Mexicali,854186,MX,http://www.wikidata.org/entity/Q96
Pasig,853050,PH,http://www.wikidata.org/entity/Q928
Cheongju,848000,KR,http://www.wikidata.org/entity/Q884
Akure,847903,NG,http://www.wikidata.org/entity/Q1033
Ilorin,847582,NG,http://www.wikidata.org/entity/Q1033
Erbil,846000,IQ,http://www.wikidata.org/entity/Q796
Kathmandu,845767,NP,http://www.wikidata.org/entity/Q837
Huambo,844000,AO,http://www.wikidata.org/entity/Q916
Kota Malang,843810,ID,http://www.wikidata.org/entity/Q252
Nova Iguaçu,843220,BR,http://www.wikidata.org/entity/Q155
Nova Iguaçu,843046,BR,http://www.wikidata.org/entity/Q155
El Alto,842378,BO,http://www.wikidata.org/entity/Q750
Turin,841600,IT,http://www.wikidata.org/entity/Q38
Saratov,838042,RU,http://www.wikidata.org/entity/Q159
Bhubaneswar,837737,IN,http://www.wikidata.org/entity/Q668
Buffalo City Metropolitan Municipality,834997,ZA,http://www.wikidata.org/entity/Q258
Tongchuan,834437,CN,http://www.wikidata.org/entity/Q148
João Pessoa,833932,BR,http://www.wikidata.org/entity/Q155
Samarinda,831460,ID,http://www.wikidata.org/entity/Q252
Sakai,827277,JP,http://www.wikidata.org/entity/Q17
Nova Iguaçu,825388,BR,http://www.wikidata.org/entity/Q155
Sakai,824408,JP,http://www.wikidata.org/entity/Q17
Trabzon,824352,TR,http://www.wikidata.org/entity/Q43
Nova Iguaçu,823302,BR,http://www.wikidata.org/entity/Q155
Cazenga,823025,AO,http://www.wikidata.org/entity/Q916
Padang,821700,ID,http://www.wikidata.org/entity/Q252
Jos,821618,NG,http://www.wikidata.org/entity/Q1033
Nova Iguaçu,821128,BR,http://www.wikidata.org/entity/Q155
Nova Iguaçu,818875,BR,http://www.wikidata.org/entity/Q155
Mira-Bhayandar,814655,IN,http://www.wikidata.org/entity/Q668
São Bernardo do Campo,810729,BR,http://www.wikidata.org/entity/Q155
Taoyuan County,809220,CN,http://www.wikidata.org/entity/Q148
Culiacán,808416,MX,http://www.wikidata.org/entity/Q96
Nova Iguaçu,807492,BR,http://www.wikidata.org/entity/Q155
Cúcuta,806378,CO,http://www.wikidata.org/entity/Q739
Nova Iguaçu,806177,BR,http://www.wikidata.org/entity/Q155
Nova Iguaçu,804815,BR,http://www.wikidata.org/entity/Q155
Kraków,804237,PL,http://www.wikidata.org/entity/Q36
Oran,803329,DZ,http://www.wikidata.org/entity/Q262
Nova Iguaçu,801746,BR,http://www.wikidata.org/entity/Q155
Bandar Lampung,800348,ID,http://www.wikidata.org/entity/Q252
Blantyre,800264,MW,http://www.wikidata.org/entity/Q1020
Nova Iguaçu,799047,BR,http://www.wikidata.org/entity/Q155
Nova Iguaçu,798647,BR,http://www.wikidata.org/entity/Q155
Shigatse,798153,CN,http://www.wikidata.org/entity/Q148
Johor Bahru,797882,MY,http://www.wikidata.org/entity/Q833
Nova Iguaçu,797435,BR,http://www.wikidata.org/entity/Q155
Nova Iguaçu,796257,BR,http://www.wikidata.org/entity/Q155
Laiyang,794986,CN,http://www.wikidata.org/entity/Q148
Santiago de Querétaro,794789,MX,http://www.wikidata.org/entity/Q96
George Town,794313,MY,http://www.wikidata.org/entity/Q833
Port Said,791749,EG,http://www.wikidata.org/entity/Q79
Maiduguri,791200,NG,http://www.wikidata.org/entity/Q1033
Niigata,790646,JP,http://www.wikidata.org/entity/Q17
Hamamatsu,788211,JP,http://www.wikidata.org/entity/Q17
Mangaung Metropolitan Municipality,787803,ZA,http://www.wikidata.org/entity/Q258
Nova Iguaçu,785867,BR,http://www.wikidata.org/entity/Q155
Kashgar,782662,CN,http://www.wikidata.org/entity/Q148
Goma,781875,CD,http://www.wikidata.org/entity/Q974
Cotonou,780000,BJ,http://www.wikidata.org/entity/Q962
Xingning,779411,CN,http://www.wikidata.org/entity/Q148
Ilorin,777667,NG,http://www.wikidata.org/entity/Q1033
Lubango,776249,AO,http://www.wikidata.org/entity/Q916
Frankfurt,775790,DE,http://www.wikidata.org/entity/Q183
Homs,775404,SY,http://www.wikidata.org/entity/Q858
San Luis Potosí,772828,MX,http://www.wikidata.org/entity/Q96
Bucheon,772450,KR,http://www.wikidata.org/entity/Q884
City of Valencia,769128,ES,http://www.wikidata.org/entity/Q29
Pikine,768826,SN,http://www.wikidata.org/entity/Q1041
Hamhung,768551,KP,http://www.wikidata.org/entity/Q423
Erzurum,767848,TR,http://www.wikidata.org/entity/Q43
Zagreb,767131,HR,http://www.wikidata.org/entity/Q224
Al Ain,766936,AE,http://www.wikidata.org/entity/Q878
Mbuji-Mayi,766684,CD,http://www.wikidata.org/entity/Q974
Zaria,766007,NG,http://www.wikidata.org/entity/Q1033
Pikine,764597,SN,http://www.wikidata.org/entity/Q1041
Bahawalpur,762111,PK,http://www.wikidata.org/entity/Q843
Uberlândia,761835,BR,http://www.wikidata.org/entity/Q155
Chamdo,760966,CN,http://www.wikidata.org/entity/Q148
Kaduna,760084,NG,http://www.wikidata.org/entity/Q1033
Q4035,759524,BR,http://www.wikidata.org/entity/Q155
La Paz,755732,BO,http://www.wikidata.org/entity/Q750
Buffalo City Metropolitan Municipality,755200,ZA,http://www.wikidata.org/entity/Q258
Uberlândia,754954,BR,http://www.wikidata.org/entity/Q155
Maturín,753254,VE,http://www.wikidata.org/entity/Q717
Shizuishan,751389,CN,http://www.wikidata.org/entity/Q148
Ciudad Guayana,751331,VE,http://www.wikidata.org/entity/Q717
Natal,751300,BR,http://www.wikidata.org/entity/Q155
Winnipeg,749607,CA,http://www.wikidata.org/entity/Q16
Santo André,748919,BR,http://www.wikidata.org/entity/Q155
Mangaung Metropolitan Municipality,747431,ZA,http://www.wikidata.org/entity/Q258
Dasmariñas,744511,PH,http://www.wikidata.org/entity/Q928
Thiruvananthapuram,743691,IN,http://www.wikidata.org/entity/Q668
Nampula,743000,MZ,http://www.wikidata.org/entity/Q1029
Pretoria,741651,ZA,http://www.wikidata.org/entity/Q258
Cagayan de Oro,741617,PH,http://www.wikidata.org/entity/Q928
Bouaké,740000,CI,http://www.wikidata.org/entity/Q1008
Cabinda,739182,AO,http://www.wikidata.org/entity/Q916
Kumamoto,738385,JP,http://www.wikidata.org/entity/Q17
São José dos Campos,737310,BR,http://www.wikidata.org/entity/Q155
Seattle,737015,US,http://www.wikidata.org/entity/Q30
Urmia,736224,IR,http://www.wikidata.org/entity/Q794
Namyangju,732376,KR,http://www.wikidata.org/entity/Q884
Ribeirão Preto,731639,BR,http://www.wikidata.org/entity/Q155
Osogbo,731000,NG,http://www.wikidata.org/entity/Q1033
Shizuishan,730400,CN,http://www.wikidata.org/entity/Q148
Tamale,729768,GH,http://www.wikidata.org/entity/Q117
São José dos Campos,729737,BR,http://www.wikidata.org/entity/Q155
Ribeirão Preto,728400,BR,http://www.wikidata.org/entity/Q155
Jiyuan,727265,CN,http://www.wikidata.org/entity/Q148
Nova Iguaçu,727140,BR,http://www.wikidata.org/entity/Q155
São José dos Campos,727078,BR,http://www.wikidata.org/entity/Q155
Padang,726000,ID,http://www.wikidata.org/entity/Q252
Sagamihara,725696,JP,http://www.wikidata.org/entity/Q17
Q1623,725173,PH,http://www.wikidata.org/entity/Q928
São José dos Campos,724756,BR,http://www.wikidata.org/entity/Q155
Najaf,724700,IQ,http://www.wikidata.org/entity/Q796
Sorocaba,723574,BR,http://www.wikidata.org/entity/Q155
Sagamihara,722973,JP,http://www.wikidata.org/entity/Q17
General Santos,722059,PH,http://www.wikidata.org/entity/Q928
São José dos Campos,721944,BR,http://www.wikidata.org/entity/Q155
Ribeirão Preto,720116,BR,http://www.wikidata.org/entity/Q155
Okayama,720043,JP,http://www.wikidata.org/entity/Q17
San Pedro Sula,719064,HN,http://www.wikidata.org/entity/Q783
Mississauga,717961,CA,http://www.wikidata.org/entity/Q16
Oslo,717710,NO,http://www.wikidata.org/entity/Q20
Lviv,717273,UA,http://www.wikidata.org/entity/Q212
Shihezi,717000,CN,http://www.wikidata.org/entity/Q148
Suez,716458,EG,http://www.wikidata.org/entity/Q79
Denver,715522,US,http://www.wikidata.org/entity/Q30
São José dos Campos,713943,BR,http://www.wikidata.org/entity/Q155
Uberlândia,713224,BR,http://www.wikidata.org/entity/Q155
Ribeirão Preto,711825,BR,http://www.wikidata.org/entity/Q155
Jaboatão dos Guararapes,711330,BR,http://www.wikidata.org/entity/Q155
Zaporizhzhia,710052,UA,http://www.wikidata.org/entity/Q212
Zanzibar City,709809,TZ,http://www.wikidata.org/entity/Q924
Bhiwandi,709665,IN,http://www.wikidata.org/entity/Q668
Latakia,709000,SY,http://www.wikidata.org/entity/Q858
Subang Jaya,708296,MY,http://www.wikidata.org/entity/Q833
George Town,708127,MY,http://www.wikidata.org/entity/Q833
Bukavu,707053,CD,http://www.wikidata.org/entity/Q974
Jaboatão dos Guararapes,706867,BR,http://www.wikidata.org/entity/Q155
Uberlândia,706597,BR,http://www.wikidata.org/entity/Q155
Mwanza,706453,TZ,http://www.wikidata.org/entity/Q924
Saharanpur,705478,IN,http://www.wikidata.org/entity/Q668
Warangal,704570,IN,http://www.wikidata.org/entity/Q668
Ribeirão Preto,703293,BR,http://www.wikidata.org/entity/Q155
Q17182,703245,PH,http://www.wikidata.org/entity/Q928
São José dos Campos,703219,BR,http://www.wikidata.org/entity/Q155
Jaboatão dos Guararapes,702298,BR,http://www.wikidata.org/entity/Q155
Parachinar,700000,PK,http://www.wikidata.org/entity/Q843
Uberlândia,699097,BR,http://www.wikidata.org/entity/Q155
Ribeirão Preto,698642,BR,http://www.wikidata.org/entity/Q155
Jeju,698358,KR,http://www.wikidata.org/entity/Q884
Tongchuan,698322,CN,http://www.wikidata.org/entity/Q148
Jaboatão dos Guararapes,697636,BR,http://www.wikidata.org/entity/Q155
São José dos Campos,697054,BR,http://www.wikidata.org/entity/Q155
Hama,696863,SY,http://www.wikidata.org/entity/Q858
São José dos Campos,695992,BR,http://www.wikidata.org/entity/Q155
Jaboatão dos Guararapes,695956,BR,http://www.wikidata.org/entity/Q155
Ribeirão Preto,694534,BR,http://www.wikidata.org/entity/Q155
Helsinki,694392,FI,http://www.wikidata.org/entity/Q33
Turpan,693988,CN,http://www.wikidata.org/entity/Q148
Bauchi,693700,NG,http://www.wikidata.org/entity/Q1033
Salem,693236,IN,http://www.wikidata.org/entity/Q668
Bremen,693204,DE,http://www.wikidata.org/entity/Q183
Sinnuris,692701,EG,http://www.wikidata.org/entity/Q79
Lokoja,692050,NG,http://www.wikidata.org/entity/Q1033
Guadalupe,691931,MX,http://www.wikidata.org/entity/Q96
Cuiabá,691875,BR,http://www.wikidata.org/entity/Q155
Uberlândia,691305,BR,http://www.wikidata.org/entity/Q155
Jaboatão dos Guararapes,691125,BR,http://www.wikidata.org/entity/Q155
Torreón,690193,MX,http://www.wikidata.org/entity/Q96
Karbala,690100,IQ,http://www.wikidata.org/entity/Q796
Qitaihe,689611,CN,http://www.wikidata.org/entity/Q148
"Washington, D.C.",689545,US,http://www.wikidata.org/entity/Q30
Nashville,689447,US,http://www.wikidata.org/entity/Q30
São José dos Campos,688597,BR,http://www.wikidata.org/entity/Q155
Jaboatão dos Guararapes,687688,BR,http://www.wikidata.org/entity/Q155
Jaboatão dos Guararapes,686122,BR,http://www.wikidata.org/entity/Q155
Q2193,685688,PH,http://www.wikidata.org/entity/Q928
Shizuoka,685589,JP,http://www.wikidata.org/entity/Q17
Jaboatão dos Guararapes,684293,BR,http://www.wikidata.org/entity/Q155
Seville city,684025,ES,http://www.wikidata.org/entity/Q29
Seville city,683312,ES,http://www.wikidata.org/entity/Q29
Jaboatão dos Guararapes,683285,BR,http://www.wikidata.org/entity/Q155
Uberlândia,683247,BR,http://www.wikidata.org/entity/Q155
Cuiabá,682932,BR,http://www.wikidata.org/entity/Q155
Ribeirão Preto,682302,BR,http://www.wikidata.org/entity/Q155
Macau,682100,CN,http://www.wikidata.org/entity/Q148
Oklahoma City,681054,US,http://www.wikidata.org/entity/Q30
São José dos Campos,681036,BR,http://www.wikidata.org/entity/Q155
Jaboatão dos Guararapes,680943,BR,http://www.wikidata.org/entity/Q155
Pontianak,680880,ID,http://www.wikidata.org/entity/Q252
Dairut,680817,EG,http://www.wikidata.org/entity/Q79
Rasht,679995,IR,http://www.wikidata.org/entity/Q794
Shigatse,679771,CN,http://www.wikidata.org/entity/Q148
El Paso,678815,US,http://www.wikidata.org/entity/Q30
Jaboatão dos Guararapes,678346,BR,http://www.wikidata.org/entity/Q155
Tasikmalaya,678027,ID,http://www.wikidata.org/entity/Q252
Kochi,677381,IN,http://www.wikidata.org/entity/Q668
Uberlândia,676613,BR,http://www.wikidata.org/entity/Q155
Boston,675647,US,http://www.wikidata.org/entity/Q30
Jaboatão dos Guararapes,675599,BR,http://www.wikidata.org/entity/Q155
Gothenburg,674529,SE,http://www.wikidata.org/entity/Q34
Ribeirão Preto,674405,BR,http://www.wikidata.org/entity/Q155
Contagem,673849,BR,http://www.wikidata.org/entity/Q155
Wrocław,673531,PL,http://www.wikidata.org/entity/Q36
Acapulco de Juárez,673478,MX,http://www.wikidata.org/entity/Q96
Gorakhpur,673446,IN,http://www.wikidata.org/entity/Q668
Hami,673383,CN,http://www.wikidata.org/entity/Q148
São José dos Campos,673255,BR,http://www.wikidata.org/entity/Q155
Denpasar,670210,ID,http://www.wikidata.org/entity/Q252
Uberlândia,669672,BR,http://www.wikidata.org/entity/Q155
Contagem,668949,BR,http://www.wikidata.org/entity/Q155
Chongjin,667929,KP,http://www.wikidata.org/entity/Q423
Copenhagen,667099,DK,http://www.wikidata.org/entity/Q35
Zaragoza City,666880,ES,http://www.wikidata.org/entity/Q29
Ribeirão Preto,666323,BR,http://www.wikidata.org/entity/Q155
Bulawayo,665940,ZW,http://www.wikidata.org/entity/Q954
Huambo,665564,AO,http://www.wikidata.org/entity/Q916
Villavicencio,664148,CO,http://www.wikidata.org/entity/Q739
Contagem,663855,BR,http://www.wikidata.org/entity/Q155
Tolyatti,662683,RU,http://www.wikidata.org/entity/Q159
Makhachkala,662660,RU,http://www.wikidata.org/entity/Q159
Uberlândia,662362,BR,http://www.wikidata.org/entity/Q155
Vancouver,662248,CA,http://www.wikidata.org/entity/Q16
Banjarmasin,662230,ID,http://www.wikidata.org/entity/Q252
Catia La Mar,661897,VE,http://www.wikidata.org/entity/Q717
Bacoor,661381,PH,http://www.wikidata.org/entity/Q928
Feira de Santana,660806,BR,http://www.wikidata.org/entity/Q155
Jalingo,660213,NG,http://www.wikidata.org/entity/Q1033
Sargodha,659862,PK,http://www.wikidata.org/entity/Q843
Contagem,659070,BR,http://www.wikidata.org/entity/Q155
Bujumbura,658859,BI,http://www.wikidata.org/entity/Q967
Contagem,658580,BR,http://www.wikidata.org/entity/Q155
Ribeirão Preto,658059,BR,http://www.wikidata.org/entity/Q155
Feira de Santana,657948,BR,http://www.wikidata.org/entity/Q155
Cheonan,656583,KR,http://www.wikidata.org/entity/Q884
Brampton,656480,CA,http://www.wikidata.org/entity/Q16
Victoria de Durango,654876,MX,http://www.wikidata.org/entity/Q96
Jaboatão dos Guararapes,654786,BR,http://www.wikidata.org/entity/Q155
Uberlândia,654681,BR,http://www.wikidata.org/entity/Q155
Contagem,653800,BR,http://www.wikidata.org/entity/Q155
Jeonju,653055,KR,http://www.wikidata.org/entity/Q884
Zaragoza City,652651,ES,http://www.wikidata.org/entity/Q29
Portland,652503,US,http://www.wikidata.org/entity/Q30
Contagem,651718,BR,http://www.wikidata.org/entity/Q155
Cuiabá,650877,BR,http://www.wikidata.org/entity/Q155
Zaragoza City,650695,ES,http://www.wikidata.org/entity/Q29
Tlaquepaque,650123,MX,http://www.wikidata.org/entity/Q96
Contagem,649975,BR,http://www.wikidata.org/entity/Q155
Jaboatão dos Guararapes,649787,BR,http://www.wikidata.org/entity/Q155
Ribeirão Preto,649556,BR,http://www.wikidata.org/entity/Q155
Contagem,648766,BR,http://www.wikidata.org/entity/Q155
Łódź,648711,PL,http://www.wikidata.org/entity/Q36
Colombo,647557,LK,http://www.wikidata.org/entity/Q854
Guntur,647508,IN,http://www.wikidata.org/entity/Q668
Uberlândia,646673,BR,http://www.wikidata.org/entity/Q155
Jaboatão dos Guararapes,644620,BR,http://www.wikidata.org/entity/Q155
Jaboatão dos Guararapes,644037,BR,http://www.wikidata.org/entity/Q155
São José dos Campos,643603,BR,http://www.wikidata.org/entity/Q155
Contagem,643476,BR,http://www.wikidata.org/entity/Q155
Athens,643452,GR,http://www.wikidata.org/entity/Q41
Las Vegas,641903,US,http://www.wikidata.org/entity/Q30
Shah Faisal Town,641894,PK,http://www.wikidata.org/entity/Q843
Funabashi,641499,JP,http://www.wikidata.org/entity/Q17
Detroit,639111,US,http://www.wikidata.org/entity/Q30
Petaling Jaya,638516,MY,http://www.wikidata.org/entity/Q833
Contagem,637961,BR,http://www.wikidata.org/entity/Q155
Noida,637272,IN,http://www.wikidata.org/entity/Q668
São José dos Campos,636876,BR,http://www.wikidata.org/entity/Q155
Uberlândia,634345,BR,http://www.wikidata.org/entity/Q155
Stuttgart,633484,DE,http://www.wikidata.org/entity/Q183
Memphis,633104,US,http://www.wikidata.org/entity/Q30
Aracaju,632744,BR,http://www.wikidata.org/entity/Q155
Bidhannagar,632107,IN,http://www.wikidata.org/entity/Q668
Cochabamba,632013,BO,http://www.wikidata.org/entity/Q750
Benghazi,631555,LY,http://www.wikidata.org/entity/Q1016
Jeonju,631532,KR,http://www.wikidata.org/entity/Q884
Düsseldorf,631217,DE,http://www.wikidata.org/entity/Q183
Palermo,630167,IT,http://www.wikidata.org/entity/Q38
São José dos Campos,629921,BR,http://www.wikidata.org/entity/Q155
Feira de Santana,627477,BR,http://www.wikidata.org/entity/Q155
Glasgow,626410,GB,http://www.wikidata.org/entity/Q145
Namangan,626120,UZ,http://www.wikidata.org/entity/Q265
Bhilai,625700,IN,http://www.wikidata.org/entity/Q668
Contagem,625393,BR,http://www.wikidata.org/entity/Q155
Kitwe,625000,ZM,http://www.wikidata.org/entity/Q953
Q5217,624787,PH,http://www.wikidata.org/entity/Q928
Feira de Santana,624107,BR,http://www.wikidata.org/entity/Q155
Mangaluru,623841,IN,http://www.wikidata.org/entity/Q668
Cuiabá,623614,BR,http://www.wikidata.org/entity/Q155
Ansan,623256,KR,http://www.wikidata.org/entity/Q884
Turpan,622903,CN,http://www.wikidata.org/entity/Q148
Jos,622802,NG,http://www.wikidata.org/entity/Q1033
Feira de Santana,622639,BR,http://www.wikidata.org/entity/Q155
Uberlândia,622441,BR,http://www.wikidata.org/entity/Q155
Mansoura,621953,EG,http://www.wikidata.org/entity/Q79
Contagem,621863,BR,http://www.wikidata.org/entity/Q155
Barnaul,621598,RU,http://www.wikidata.org/entity/Q159
Leipzig,619879,DE,http://www.wikidata.org/entity/Q183
Ribeirão Preto,619746,BR,http://www.wikidata.org/entity/Q155
Feira de Santana,619609,BR,http://www.wikidata.org/entity/Q155
Uberlândia,619536,BR,http://www.wikidata.org/entity/Q155
Helwan,619293,EG,http://www.wikidata.org/entity/Q79
Thuận An,618984,VN,http://www.wikidata.org/entity/Q881
Cuiabá,618124,BR,http://www.wikidata.org/entity/Q155
Al Hudaydah,617871,YE,http://www.wikidata.org/entity/Q805
Contagem,617749,BR,http://www.wikidata.org/entity/Q155
Feira de Santana,617528,BR,http://www.wikidata.org/entity/Q155
Joinville,616317,BR,http://www.wikidata.org/entity/Q155
Izhevsk,616297,RU,http://www.wikidata.org/entity/Q159
Feira de Santana,616272,BR,http://www.wikidata.org/entity/Q155
São José dos Campos,615871,BR,http://www.wikidata.org/entity/Q155
Khabarovsk,615600,RU,http://www.wikidata.org/entity/Q159
Las Piñas,615549,PH,http://www.wikidata.org/entity/Q928
Ta'izz,615467,YE,http://www.wikidata.org/entity/Q805
Ta'izz,615000,YE,http://www.wikidata.org/entity/Q805
Feira de Santana,614872,BR,http://www.wikidata.org/entity/Q155
Bucaramanga,614860,CO,http://www.wikidata.org/entity/Q739
Kandahar,614254,AF,http://www.wikidata.org/entity/Q889
Contagem,613815,BR,http://www.wikidata.org/entity/Q155
Serang,613356,ID,http://www.wikidata.org/entity/Q252
Cuiabá,612547,BR,http://www.wikidata.org/entity/Q155
Ulyanovsk,612516,RU,http://www.wikidata.org/entity/Q159
Ribeirão Preto,612339,BR,http://www.wikidata.org/entity/Q155
Jambi,612162,ID,http://www.wikidata.org/entity/Q252
Feira de Santana,612000,BR,http://www.wikidata.org/entity/Q155
Uberlândia,611903,BR,http://www.wikidata.org/entity/Q155
Feira de Santana,609913,BR,http://www.wikidata.org/entity/Q155
São José dos Campos,609229,BR,http://www.wikidata.org/entity/Q155
Kozhikode,609224,IN,http://www.wikidata.org/entity/Q668
Torreón,608836,MX,http://www.wikidata.org/entity/Q96
Contagem,608714,BR,http://www.wikidata.org/entity/Q155
Kuantan,607778,MY,http://www.wikidata.org/entity/Q833
Gold Coast,607665,AU,http://www.wikidata.org/entity/Q408
Pyeongtaek,607435,KR,http://www.wikidata.org/entity/Q884
Cuiabá,607153,BR,http://www.wikidata.org/entity/Q155
Feira de Santana,606139,BR,http://www.wikidata.org/entity/Q155
Cuttack,606007,IN,http://www.wikidata.org/entity/Q668
Irkutsk,605708,RU,http://www.wikidata.org/entity/Q159
Ribeirão Preto,604682,BR,http://www.wikidata.org/entity/Q155
Malanje,604215,AO,http://www.wikidata.org/entity/Q916
Uberlândia,604013,BR,http://www.wikidata.org/entity/Q155
Kryvyi Rih,603904,UA,http://www.wikidata.org/entity/Q212
Djibouti,603900,DJ,http://www.wikidata.org/entity/Q977
Contagem,603442,BR,http://www.wikidata.org/entity/Q155
Tunis,602560,TN,http://www.wikidata.org/entity/Q948
San Miguel de Tucumán,601888,AR,http://www.wikidata.org/entity/Q414
Meknes,601000,MA,http://www.wikidata.org/entity/Q1028
Vitarte,599196,PE,http://www.wikidata.org/entity/Q419
Chamdo,598862,CN,http://www.wikidata.org/entity/Q148
Balikpapan,598043,ID,http://www.wikidata.org/entity/Q252
Dortmund,595471,DE,http://www.wikidata.org/entity/Q183
Durban,595061,ZA,http://www.wikidata.org/entity/Q258
Riga,595053,LV,http://www.wikidata.org/entity/Q211
Salta,594772,AR,http://www.wikidata.org/entity/Q414
Kawaguchi,593900,JP,http://www.wikidata.org/entity/Q17
Kagoshima,593754,JP,http://www.wikidata.org/entity/Q17
Mar del Plata,593337,AR,http://www.wikidata.org/entity/Q414
Irapuato,592953,MX,http://www.wikidata.org/entity/Q96
Dublin,592713,IE,http://www.wikidata.org/entity/Q27
El Mahalla El Kubra,592573,EG,http://www.wikidata.org/entity/Q79
Feira de Santana,591707,BR,http://www.wikidata.org/entity/Q155
Sialkot,591668,PK,http://www.wikidata.org/entity/Q843
Vladivostok,591628,RU,http://www.wikidata.org/entity/Q159
Pereira,590554,CO,http://www.wikidata.org/entity/Q739
Gaza City,590481,PS,http://www.wikidata.org/entity/Q219060
Cuiabá,590118,BR,http://www.wikidata.org/entity/Q155
Reynosa,589466,MX,http://www.wikidata.org/entity/Q96
Zahedan,587730,IR,http://www.wikidata.org/entity/Q794
Florianópolis,587486,BR,http://www.wikidata.org/entity/Q155
Essen,586608,DE,http://www.wikidata.org/entity/Q183
Cimahi,586580,ID,http://www.wikidata.org/entity/Q252
Mbale City,586300,UG,http://www.wikidata.org/entity/Q1036
Baltimore,585708,US,http://www.wikidata.org/entity/Q30
Cuiabá,585367,BR,http://www.wikidata.org/entity/Q155
Feira de Santana,584497,BR,http://www.wikidata.org/entity/Q155
Biñan,584479,PH,http://www.wikidata.org/entity/Q928
Shah Alam,584340,MY,http://www.wikidata.org/entity/Q833
Jaboatão dos Guararapes,581556,BR,http://www.wikidata.org/entity/Q155
Vilnius,581475,LT,http://www.wikidata.org/entity/Q37
Londrina,581382,BR,http://www.wikidata.org/entity/Q155
Londrina,580870,BR,http://www.wikidata.org/entity/Q155
Cuiabá,580489,BR,http://www.wikidata.org/entity/Q155
Ta'if,579970,SA,http://www.wikidata.org/entity/Q851
Port Sudan,579942,SD,http://www.wikidata.org/entity/Q1049
Serra,579720,BR,http://www.wikidata.org/entity/Q155
Tuxtla Gutiérrez,578830,MX,http://www.wikidata.org/entity/Q96
Dehradun,578420,IN,http://www.wikidata.org/entity/Q668
Londrina,577318,BR,http://www.wikidata.org/entity/Q155
Milwaukee,577222,US,http://www.wikidata.org/entity/Q30
Bremen,577026,DE,http://www.wikidata.org/entity/Q183
Manfalut,576972,EG,http://www.wikidata.org/entity/Q79
Malegaon,576642,IN,http://www.wikidata.org/entity/Q668
Hachiōji-shi,575721,JP,http://www.wikidata.org/entity/Q17
Cuiabá,575480,BR,http://www.wikidata.org/entity/Q155
Londrina,575377,BR,http://www.wikidata.org/entity/Q155
Calamba,575046,PH,http://www.wikidata.org/entity/Q928
Quebec City,574482,CA,http://www.wikidata.org/entity/Q16
Puente Alto,573935,CL,http://www.wikidata.org/entity/Q298
Lomé,573000,TG,http://www.wikidata.org/entity/Q945
Rabat,572717,MA,http://www.wikidata.org/entity/Q1028
Hami,572400,CN,http://www.wikidata.org/entity/Q148
Kabinda,572000,CD,http://www.wikidata.org/entity/Q974
Shibin el-Qanater,570868,EG,http://www.wikidata.org/entity/Q79
Cuiabá,569830,BR,http://www.wikidata.org/entity/Q155
Londrina,569733,BR,http://www.wikidata.org/entity/Q155
Hamilton,569353,CA,http://www.wikidata.org/entity/Q16
Surrey,568322,CA,http://www.wikidata.org/entity/Q16
Feira de Santana,568099,BR,http://www.wikidata.org/entity/Q155
Puente Alto,568086,CL,http://www.wikidata.org/entity/Q298
Ciudad Bolívar,567953,VE,http://www.wikidata.org/entity/Q717
Callao,567702,PE,http://www.wikidata.org/entity/Q419
Dar El Salam,567516,EG,http://www.wikidata.org/entity/Q79
Yaroslavl,567443,RU,http://www.wikidata.org/entity/Q159
Chișinău,567038,MD,http://www.wikidata.org/entity/Q217
Durgapur,566517,IN,http://www.wikidata.org/entity/Q668
Dresden,566222,DE,http://www.wikidata.org/entity/Q183
Albuquerque,564559,US,http://www.wikidata.org/entity/Q30
Londrina,563943,BR,http://www.wikidata.org/entity/Q155
Asansol,563917,IN,http://www.wikidata.org/entity/Q668
Ribeirão Preto,563107,BR,http://www.wikidata.org/entity/Q155
Feira de Santana,562466,BR,http://www.wikidata.org/entity/Q155
Asyut,562061,EG,http://www.wikidata.org/entity/Q79
Benguela,561775,AO,http://www.wikidata.org/entity/Q916
Cuiabá,561329,BR,http://www.wikidata.org/entity/Q155
El-Obeid,560471,SD,http://www.wikidata.org/entity/Q1049
Genoa,558745,IT,http://www.wikidata.org/entity/Q38
Londrina,558439,BR,http://www.wikidata.org/entity/Q155
Ribeirão Preto,558136,BR,http://www.wikidata.org/entity/Q155
Ensenada,557430,MX,http://www.wikidata.org/entity/Q96
Feira de Santana,556642,BR,http://www.wikidata.org/entity/Q155
Wuhai,556621,CN,http://www.wikidata.org/entity/Q148
Cuiabá,556298,BR,http://www.wikidata.org/entity/Q155
Herat,556205,AF,http://www.wikidata.org/entity/Q889
Aparecida de Goiânia,556021,BR,http://www.wikidata.org/entity/Q155
Londrina,555965,BR,http://www.wikidata.org/entity/Q155
Hamadan,554406,IR,http://www.wikidata.org/entity/Q794
Londrina,553393,BR,http://www.wikidata.org/entity/Q155
Rourkela,552970,IN,http://www.wikidata.org/entity/Q668
Chiclayo,552508,PE,http://www.wikidata.org/entity/Q419
Muntinlupa,552225,PH,http://www.wikidata.org/entity/Q928
Surakarta,552118,ID,http://www.wikidata.org/entity/Q252
Cuiabá,551098,BR,http://www.wikidata.org/entity/Q155
Cuiabá,550562,BR,http://www.wikidata.org/entity/Q155
Q391221,550122,VE,http://www.wikidata.org/entity/Q717
Amravati,549370,IN,http://www.wikidata.org/entity/Q668
Londrina,548249,BR,http://www.wikidata.org/entity/Q155
Naberezhnye Chelny,548221,RU,http://www.wikidata.org/entity/Q159
Hanover,548186,DE,http://www.wikidata.org/entity/Q183
Andijan,547800,UZ,http://www.wikidata.org/entity/Q265
Manchester,547627,GB,http://www.wikidata.org/entity/Q145
Nellore,547621,IN,http://www.wikidata.org/entity/Q668
Poznań,546859,PL,http://www.wikidata.org/entity/Q36
Samarkand,546303,UZ,http://www.wikidata.org/entity/Q265
Ibagué,546003,CO,http://www.wikidata.org/entity/Q739
Lisbon,545796,PT,http://www.wikidata.org/entity/Q45
Cuiabá,544737,BR,http://www.wikidata.org/entity/Q155
Tomsk,544566,RU,http://www.wikidata.org/entity/Q159
Valledupar,544134,CO,http://www.wikidata.org/entity/Q739
Málaga City,543392,ES,http://www.wikidata.org/entity/Q29
Londrina,543003,BR,http://www.wikidata.org/entity/Q155
Kemerovo,542928,RU,http://www.wikidata.org/entity/Q159
Tucson,542629,US,http://www.wikidata.org/entity/Q30
Ajmer,542321,IN,http://www.wikidata.org/entity/Q668
Fresno,542107,US,http://www.wikidata.org/entity/Q30
Málaga City,542090,ES,http://www.wikidata.org/entity/Q29
Matamoros,541979,MX,http://www.wikidata.org/entity/Q96
Hami,541836,CN,http://www.wikidata.org/entity/Q148
Mbeya,541603,TZ,http://www.wikidata.org/entity/Q924
Nasiriyah,541600,IQ,http://www.wikidata.org/entity/Q796
Samsun,541300,TR,http://www.wikidata.org/entity/Q43
Hillah,541034,IQ,http://www.wikidata.org/entity/Q796
Juiz de Fora,540756,BR,http://www.wikidata.org/entity/Q155
Sekondi-Takoradi,539548,GH,http://www.wikidata.org/entity/Q117
São José dos Campos,539313,BR,http://www.wikidata.org/entity/Q155
Contagem,538017,BR,http://www.wikidata.org/entity/Q155
Agadir,538000,MA,http://www.wikidata.org/entity/Q1028
Kerman,537718,IR,http://www.wikidata.org/entity/Q794
Londrina,537566,BR,http://www.wikidata.org/entity/Q155
Callao,537377,PE,http://www.wikidata.org/entity/Q419
Durban,536644,ZA,http://www.wikidata.org/entity/Q258
Orenburg,536515,RU,http://www.wikidata.org/entity/Q159
Leeds,536280,GB,http://www.wikidata.org/entity/Q145
Kassala,536009,SD,http://www.wikidata.org/entity/Q1049
Gimhae,534124,KR,http://www.wikidata.org/entity/Q884
Wuhai,532902,CN,http://www.wikidata.org/entity/Q148
Beira,530604,MZ,http://www.wikidata.org/entity/Q1029
Yazd,529673,IR,http://www.wikidata.org/entity/Q794
Antwerp,529247,BE,http://www.wikidata.org/entity/Q31
Touba,529176,SN,http://www.wikidata.org/entity/Q1041
Bikaner,529007,IN,http://www.wikidata.org/entity/Q668
Kosti,528458,SD,http://www.wikidata.org/entity/Q1049
Ndola,528330,ZM,http://www.wikidata.org/entity/Q953
Mixco,527828,GT,http://www.wikidata.org/entity/Q774
Himeji,527596,JP,http://www.wikidata.org/entity/Q17
Bandar Abbas,526648,IR,http://www.wikidata.org/entity/Q794
Şanlıurfa,526247,TR,http://www.wikidata.org/entity/Q43
Nuremberg,526091,DE,http://www.wikidata.org/entity/Q183
Santa Teresa del Tuy,525321,VE,http://www.wikidata.org/entity/Q717
Sacramento,524943,US,http://www.wikidata.org/entity/Q30
Caxias do Sul,523716,BR,http://www.wikidata.org/entity/Q155
Agartala,522613,IN,http://www.wikidata.org/entity/Q668
Arak,520944,IR,http://www.wikidata.org/entity/Q794
Pohang,520305,KR,http://www.wikidata.org/entity/Q884
Ryazan,519315,RU,http://www.wikidata.org/entity/Q159
Campos dos Goytacazes,519259,BR,http://www.wikidata.org/entity/Q155
Lyon,519127,FR,http://www.wikidata.org/entity/Q142
Faiyum,519047,EG,http://www.wikidata.org/entity/Q79
Campos dos Goytacazes,519011,BR,http://www.wikidata.org/entity/Q155
Utsunomiya,518197,JP,http://www.wikidata.org/entity/Q17
Sheffield,518090,GB,http://www.wikidata.org/entity/Q145
Porto Velho,517709,BR,http://www.wikidata.org/entity/Q155
Caxias do Sul,517451,BR,http://www.wikidata.org/entity/Q155
Makurdi,517342,NG,http://www.wikidata.org/entity/Q1033
Londrina,515707,BR,http://www.wikidata.org/entity/Q155
Karaganda,515632,KZ,http://www.wikidata.org/entity/Q232
Ujjain,515215,IN,http://www.wikidata.org/entity/Q668
Şanlıurfa,515199,TR,http://www.wikidata.org/entity/Q43
Toulouse,514819,FR,http://www.wikidata.org/entity/Q142
Campos dos Goytacazes,514643,BR,http://www.wikidata.org/entity/Q155
Siheung,514274,KR,http://www.wikidata.org/entity/Q884
Liverpool,513441,GB,http://www.wikidata.org/entity/Q145
Lalitpur,513200,NP,http://www.wikidata.org/entity/Q837
Wolaita Sodo,512498,ET,http://www.wikidata.org/entity/Q115
Amarah,511500,IQ,http://www.wikidata.org/entity/Q796
Carrefour,511345,HT,http://www.wikidata.org/entity/Q790
Londrina,511278,BR,http://www.wikidata.org/entity/Q155
Campos dos Goytacazes,511168,BR,http://www.wikidata.org/entity/Q155
Caxias do Sul,510906,BR,http://www.wikidata.org/entity/Q155
Londrina,510707,BR,http://www.wikidata.org/entity/Q155
Kansas City,508090,US,http://www.wikidata.org/entity/Q30
Torreón,508000,MX,http://www.wikidata.org/entity/Q96
Kenitra,507736,MA,http://www.wikidata.org/entity/Q1028
Campos dos Goytacazes,507548,BR,http://www.wikidata.org/entity/Q155
Jhansi,507000,IN,http://www.wikidata.org/entity/Q668
Matsuyama,506743,JP,http://www.wikidata.org/entity/Q17
Londrina,506701,BR,http://www.wikidata.org/entity/Q155
Kashgar,506640,CN,http://www.wikidata.org/entity/Q148
Oujda,506224,MA,http://www.wikidata.org/entity/Q1028
Dublin City,506211,IE,http://www.wikidata.org/entity/Q27
Ulhasnagar,506098,IN,http://www.wikidata.org/entity/Q668
Santiago de Cuba,506037,CU,http://www.wikidata.org/entity/Q241
Santa Marta,505915,CO,http://www.wikidata.org/entity/Q739
Londrina,505184,BR,http://www.wikidata.org/entity/Q155
Ribeirão Preto,504923,BR,http://www.wikidata.org/entity/Q155
Nagqu,504838,CN,http://www.wikidata.org/entity/Q148
Mesa,504258,US,http://www.wikidata.org/entity/Q30
São José do Rio Preto,504166,BR,http://www.wikidata.org/entity/Q155
Caxias do Sul,504069,BR,http://www.wikidata.org/entity/Q155
Pohang,503780,KR,http://www.wikidata.org/entity/Q884
Duisburg,503707,DE,http://www.wikidata.org/entity/Q183
Campos dos Goytacazes,503424,BR,http://www.wikidata.org/entity/Q155
Torreón,502964,MX,http://www.wikidata.org/entity/Q96
Jammu,502197,IN,http://www.wikidata.org/entity/Q668
Ile Ife,501952,NG,http://www.wikidata.org/entity/Q1033
São José do Rio Preto,501597,BR,http://www.wikidata.org/entity/Q155
Mazatlán,501441,MX,http://www.wikidata.org/entity/Q96
Uberlândia,501214,BR,http://www.wikidata.org/entity/Q155
Juba,500088,SS,http://www.wikidata.org/entity/Q958
10th of Ramadan City,500000,EG,http://www.wikidata.org/entity/Q79
Torreón,500000,MX,http://www.wikidata.org/entity/Q96
Ctesiphon,500000,IQ,http://www.wikidata.org/entity/Q796
Sukkur,499900,PK,http://www.wikidata.org/entity/Q843
Gomel,499853,BY,http://www.wikidata.org/entity/Q184
Hsinchu City,499348,TW,http://www.wikidata.org/entity/Q865
Atlanta,498715,US,http://www.wikidata.org/entity/Q30
Şanlıurfa,498111,TR,http://www.wikidata.org/entity/Q43
Lapu-Lapu,497813,PH,http://www.wikidata.org/entity/Q928
Paju,497775,KR,http://www.wikidata.org/entity/Q884
Matsudo,497514,JP,http://www.wikidata.org/entity/Q17
Johor Bahru,497097,MY,http://www.wikidata.org/entity/Q833
Cheboksary,497061,RU,http://www.wikidata.org/entity/Q159
Niterói,496696,BR,http://www.wikidata.org/entity/Q155
Ichikawa,495768,JP,http://www.wikidata.org/entity/Q17
Staten Island,495747,US,http://www.wikidata.org/entity/Q30
Nyala,492984,SD,http://www.wikidata.org/entity/Q1049
Villa Nueva,492480,GT,http://www.wikidata.org/entity/Q774
Hami,492096,CN,http://www.wikidata.org/entity/Q148
Bissau,492004,GW,http://www.wikidata.org/entity/Q1007
Kota Bharu,491237,MY,http://www.wikidata.org/entity/Q833
Higashiōsaka-shi,490819,JP,http://www.wikidata.org/entity/Q17
Larkana,490508,PK,http://www.wikidata.org/entity/Q843
Karamay,490348,CN,http://www.wikidata.org/entity/Q148
Campos dos Goytacazes,490288,BR,http://www.wikidata.org/entity/Q155
Ajman,490035,AE,http://www.wikidata.org/entity/Q878
Vinh,490000,VN,http://www.wikidata.org/entity/Q881
Kaliningrad,488690,RU,http://www.wikidata.org/entity/Q159
Belgaum,488157,IN,http://www.wikidata.org/entity/Q668
Edinburgh,488050,GB,http://www.wikidata.org/entity/Q145
Penza,487978,RU,http://www.wikidata.org/entity/Q159
Gdańsk,487834,PL,http://www.wikidata.org/entity/Q36
Campos dos Goytacazes,487186,BR,http://www.wikidata.org/entity/Q155
Jaboatão dos Guararapes,487119,BR,http://www.wikidata.org/entity/Q155
Nishinomiya,487010,JP,http://www.wikidata.org/entity/Q17
Karamay,487000,CN,http://www.wikidata.org/entity/Q148
Mbuji-Mayi,486235,CD,http://www.wikidata.org/entity/Q974
Windhoek,486169,NA,http://www.wikidata.org/entity/Q1030
Omaha,486051,US,http://www.wikidata.org/entity/Q30
Sevastopol,485386,RU,http://www.wikidata.org/entity/Q159
Sevastopol,485386,UA,http://www.wikidata.org/entity/Q212
Akure,484798,NG,http://www.wikidata.org/entity/Q1033
Vellore,484690,IN,http://www.wikidata.org/entity/Q668
Campos dos Goytacazes,483970,BR,http://www.wikidata.org/entity/Q155
Campos dos Goytacazes,483540,BR,http://www.wikidata.org/entity/Q155
Q55741,483452,PH,http://www.wikidata.org/entity/Q928
Caxias do Sul,483377,BR,http://www.wikidata.org/entity/Q155
Cuiabá,483346,BR,http://www.wikidata.org/entity/Q155
Belford Roxo,483087,BR,http://www.wikidata.org/entity/Q155
Cuiabá,483044,BR,http://www.wikidata.org/entity/Q155
General Trias,482453,PH,http://www.wikidata.org/entity/Q928
Şanlıurfa,482323,TR,http://www.wikidata.org/entity/Q43
Q63145,481949,PH,http://www.wikidata.org/entity/Q928
Zarqa,481300,JO,http://www.wikidata.org/entity/Q810
Feira de Santana,480949,BR,http://www.wikidata.org/entity/Q155
Bratislava,480902,SK,http://www.wikidata.org/entity/Q214
Campos dos Goytacazes,480648,BR,http://www.wikidata.org/entity/Q155
São José do Rio Preto,480393,BR,http://www.wikidata.org/entity/Q155
Bafoussam,480000,CM,http://www.wikidata.org/entity/Q1009
Jamnagar,479920,IN,http://www.wikidata.org/entity/Q668
Sylhet,479837,BD,http://www.wikidata.org/entity/Q902
Caxias do Sul,479599,BR,http://www.wikidata.org/entity/Q155
Caxias do Sul,479256,BR,http://www.wikidata.org/entity/Q155
Caxias do Sul,479236,BR,http://www.wikidata.org/entity/Q155
Colorado Springs,478961,US,http://www.wikidata.org/entity/Q30
Ananindeua,478778,BR,http://www.wikidata.org/entity/Q155
East London,478676,ZA,http://www.wikidata.org/entity/Q258
Taoyuan District,477988,TW,http://www.wikidata.org/entity/Q865
Chiniot,477781,PK,http://www.wikidata.org/entity/Q843
Campos dos Goytacazes,477208,BR,http://www.wikidata.org/entity/Q155
Ōita-shi,477186,JP,http://www.wikidata.org/entity/Q17
Tongi,476350,BD,http://www.wikidata.org/entity/Q902
Kirov,475871,RU,http://www.wikidata.org/entity/Q159
Kurashiki,474862,JP,http://www.wikidata.org/entity/Q17
Caxias do Sul,474853,BR,http://www.wikidata.org/entity/Q155
Gaya,474093,IN,http://www.wikidata.org/entity/Q668
Iloilo City,473728,PH,http://www.wikidata.org/entity/Q928
Sheikhupura,473129,PK,http://www.wikidata.org/entity/Q843
Piura,473025,PE,http://www.wikidata.org/entity/Q419
Vila Velha,472762,BR,http://www.wikidata.org/entity/Q155
Russeifa,472604,JO,http://www.wikidata.org/entity/Q810
Bristol,472465,GB,http://www.wikidata.org/entity/Q145
Campos dos Goytacazes,472300,BR,http://www.wikidata.org/entity/Q155
Morogoro,471409,TZ,http://www.wikidata.org/entity/Q924
San Juan,471389,AR,http://www.wikidata.org/entity/Q414
Marikina,471323,PH,http://www.wikidata.org/entity/Q928
Seeb,470878,OM,http://www.wikidata.org/entity/Q842
Mbandaka,470307,CD,http://www.wikidata.org/entity/Q974
Caxias do Sul,470223,BR,http://www.wikidata.org/entity/Q155
Mykolaiv,470011,UA,http://www.wikidata.org/entity/Q212
Mazar-i-Sharif,469247,AF,http://www.wikidata.org/entity/Q889
São José do Rio Preto,469173,BR,http://www.wikidata.org/entity/Q155
Campos dos Goytacazes,468086,BR,http://www.wikidata.org/entity/Q155
Kadıköy,467919,TR,http://www.wikidata.org/entity/Q43
Baqubah,467900,IQ,http://www.wikidata.org/entity/Q796
Tel Aviv,467875,IL,http://www.wikidata.org/entity/Q801
Mactan,467824,PH,http://www.wikidata.org/entity/Q928
Raleigh,467665,US,http://www.wikidata.org/entity/Q30
Burayda,467410,SA,http://www.wikidata.org/entity/Q851
Long Beach,466742,US,http://www.wikidata.org/entity/Q30
Tamale,466723,GH,http://www.wikidata.org/entity/Q117
Kupang,466632,ID,http://www.wikidata.org/entity/Q252
Tula,466609,RU,http://www.wikidata.org/entity/Q159
Astrakhan,465990,RU,http://www.wikidata.org/entity/Q159
Mandaluyong,465902,PH,http://www.wikidata.org/entity/Q928
Caxias do Sul,465304,BR,http://www.wikidata.org/entity/Q155
Constantine,465138,DZ,http://www.wikidata.org/entity/Q262
Junagadh,465000,IN,http://www.wikidata.org/entity/Q668
São José do Rio Preto,464983,BR,http://www.wikidata.org/entity/Q155
Jinchang,464050,CN,http://www.wikidata.org/entity/Q148
Campos dos Goytacazes,463731,BR,http://www.wikidata.org/entity/Q155
Caxias do Sul,463501,BR,http://www.wikidata.org/entity/Q155
Uijeongbu,463324,KR,http://www.wikidata.org/entity/Q884
Esna,462787,EG,http://www.wikidata.org/entity/Q79
Kanazawa,462479,JP,http://www.wikidata.org/entity/Q17
Asunción,462241,PY,http://www.wikidata.org/entity/Q733
Manado,461636,ID,http://www.wikidata.org/entity/Q252
São José do Rio Preto,460671,BR,http://www.wikidata.org/entity/Q155
Jalgaon,460468,IN,http://www.wikidata.org/entity/Q668
Fukuyama,459576,JP,http://www.wikidata.org/entity/Q17
Virginia Beach,459470,US,http://www.wikidata.org/entity/Q30
Lanús,459263,AR,http://www.wikidata.org/entity/Q414
Kurnool,457633,IN,http://www.wikidata.org/entity/Q668
Tallinn,457572,EE,http://www.wikidata.org/entity/Q191
São José do Rio Preto,456245,BR,http://www.wikidata.org/entity/Q155
Amagasaki,455555,JP,http://www.wikidata.org/entity/Q17
Malacca,455300,MY,http://www.wikidata.org/entity/Q833
Hsinchu City,455275,TW,http://www.wikidata.org/entity/Q865
Manizales,454494,CO,http://www.wikidata.org/entity/Q739
Pasay,453186,PH,http://www.wikidata.org/entity/Q928
Zurich,452421,CH,http://www.wikidata.org/entity/Q39
Kota Kinabalu,452058,MY,http://www.wikidata.org/entity/Q833
Udaipur,451100,IN,http://www.wikidata.org/entity/Q668
Mogi das Cruzes,450785,BR,http://www.wikidata.org/entity/Q155
Stavropol,450680,RU,http://www.wikidata.org/entity/Q159
São José do Rio Preto,450657,BR,http://www.wikidata.org/entity/Q155
Laval,450629,CA,http://www.wikidata.org/entity/Q16
Betim,450024,BR,http://www.wikidata.org/entity/Q155
Lomé,450000,TG,http://www.wikidata.org/entity/Q945
Sirajganj,450000,BD,http://www.wikidata.org/entity/Q902
Contagem,449588,BR,http://www.wikidata.org/entity/Q155
Constantine,448374,DZ,http://www.wikidata.org/entity/Q262
Maheshtala,448317,IN,http://www.wikidata.org/entity/Q668
Eslamshahr,448129,IR,http://www.wikidata.org/entity/Q794
Rajshahi,448087,BD,http://www.wikidata.org/entity/Q902
Londrina,447065,BR,http://www.wikidata.org/entity/Q155
Caxias do Sul,446911,BR,http://www.wikidata.org/entity/Q155
Ado Ekiti,446749,NG,http://www.wikidata.org/entity/Q1033
São José do Rio Preto,446649,BR,http://www.wikidata.org/entity/Q155
Batman,445874,TR,http://www.wikidata.org/entity/Q43
Betim,444784,BR,http://www.wikidata.org/entity/Q155
Kahramanmaraş,443575,TR,http://www.wikidata.org/entity/Q43
Macapá,442933,BR,http://www.wikidata.org/entity/Q155
Kupang,442758,ID,http://www.wikidata.org/entity/Q252
São José do Rio Preto,442548,BR,http://www.wikidata.org/entity/Q155
Tonalá,442440,MX,http://www.wikidata.org/entity/Q96
São José dos Campos,442370,BR,http://www.wikidata.org/entity/Q155
Miami,442241,US,http://www.wikidata.org/entity/Q30
Betim,441748,BR,http://www.wikidata.org/entity/Q155
Caxias do Sul,441332,BR,http://www.wikidata.org/entity/Q155
São João de Meriti,440962,BR,http://www.wikidata.org/entity/Q155
Korhogo,440926,CI,http://www.wikidata.org/entity/Q1008
Oakland,440646,US,http://www.wikidata.org/entity/Q30
Torreón,439436,MX,http://www.wikidata.org/entity/Q96
Betim,439340,BR,http://www.wikidata.org/entity/Q155
Laval,438366,CA,http://www.wikidata.org/entity/Q16
São José do Rio Preto,438354,BR,http://www.wikidata.org/entity/Q155
Jinchang,438026,CN,http://www.wikidata.org/entity/Q148
Montes Claros,437601,BR,http://www.wikidata.org/entity/Q155
Phrae,437350,TH,http://www.wikidata.org/entity/Q869
Sunchon,437000,KP,http://www.wikidata.org/entity/Q423
Fujisawa,436744,JP,http://www.wikidata.org/entity/Q17
Ribeirão Preto,436682,BR,http://www.wikidata.org/entity/Q155
Sangli,436639,IN,http://www.wikidata.org/entity/Q668
Siguiri,436555,GN,http://www.wikidata.org/entity/Q1006
Lobito,436467,AO,http://www.wikidata.org/entity/Q916
Caxias do Sul,435564,BR,http://www.wikidata.org/entity/Q155
Ulan-Ude,435067,RU,http://www.wikidata.org/entity/Q159
Palma,434786,ES,http://www.wikidata.org/entity/Q29
Kursk,434696,RU,http://www.wikidata.org/entity/Q159
Machida,434414,JP,http://www.wikidata.org/entity/Q17
Montes Claros,434321,BR,http://www.wikidata.org/entity/Q155
São José do Rio Preto,434039,BR,http://www.wikidata.org/entity/Q155
Campos dos Goytacazes,434008,BR,http://www.wikidata.org/entity/Q155
Betim,432575,BR,http://www.wikidata.org/entity/Q155
Campos dos Goytacazes,431839,BR,http://www.wikidata.org/entity/Q155
Dutse,431800,NG,http://www.wikidata.org/entity/Q1033
Kozhikode,431560,IN,http://www.wikidata.org/entity/Q668
Betim,431433,BR,http://www.wikidata.org/entity/Q155
Santa Rosa,430920,PH,http://www.wikidata.org/entity/Q928
Zanjan,430871,IR,http://www.wikidata.org/entity/Q794
Khamis Mushait,430828,SA,http://www.wikidata.org/entity/Q851
Letopolis,430609,EG,http://www.wikidata.org/entity/Q79
Awka,430200,NG,http://www.wikidata.org/entity/Q1033
Corrientes,430170,AR,http://www.wikidata.org/entity/Q414
Minneapolis,429954,US,http://www.wikidata.org/entity/Q30
Uyo,429900,NG,http://www.wikidata.org/entity/Q1033
Masan,429612,KR,http://www.wikidata.org/entity/Q884
Betim,429507,BR,http://www.wikidata.org/entity/Q155
Tanta,429503,EG,http://www.wikidata.org/entity/Q79
Ismailia,429465,EG,http://www.wikidata.org/entity/Q79
Betim,429236,BR,http://www.wikidata.org/entity/Q155
Cusco,428450,PE,http://www.wikidata.org/entity/Q419
Veracruz,428323,MX,http://www.wikidata.org/entity/Q96
Sokoto,427760,NG,http://www.wikidata.org/entity/Q1033
Kashiwa,427603,JP,http://www.wikidata.org/entity/Q17
Betim,427146,BR,http://www.wikidata.org/entity/Q155
Malatya,426381,TR,http://www.wikidata.org/entity/Q43
Aomori,425962,JP,http://www.wikidata.org/entity/Q17
Tepic,425942,MX,http://www.wikidata.org/entity/Q96
Akola,425817,IN,http://www.wikidata.org/entity/Q668
Xalapa,424755,MX,http://www.wikidata.org/entity/Q96
Rajpur Sonarpur,424368,IN,http://www.wikidata.org/entity/Q668
Piracicaba,423323,BR,http://www.wikidata.org/entity/Q155
Tétouan,422757,MA,http://www.wikidata.org/entity/Q1028
Yogyakarta,422732,ID,http://www.wikidata.org/entity/Q252
Skopje,422540,MK,http://www.wikidata.org/entity/Q221
Likasi,422535,CD,http://www.wikidata.org/entity/Q974
Betim,422354,BR,http://www.wikidata.org/entity/Q155
London,422324,CA,http://www.wikidata.org/entity/Q16
Toyota,422106,JP,http://www.wikidata.org/entity/Q17
Elazığ,421726,TR,http://www.wikidata.org/entity/Q43
Uijeongbu,421579,KR,http://www.wikidata.org/entity/Q884
Hpa-An,421525,MM,http://www.wikidata.org/entity/Q836
Gumi,421075,KR,http://www.wikidata.org/entity/Q884
Rahim Yar Khan,420419,PK,http://www.wikidata.org/entity/Q843
Surgut,420347,RU,http://www.wikidata.org/entity/Q159
Manisa,420015,TR,http://www.wikidata.org/entity/Q43
São José do Rio Preto,419632,BR,http://www.wikidata.org/entity/Q155
Seremban,419536,MY,http://www.wikidata.org/entity/Q833
Campina Grande,419379,BR,http://www.wikidata.org/entity/Q155
Santos,418608,BR,http://www.wikidata.org/entity/Q155
Petrolina,418444,BR,http://www.wikidata.org/entity/Q155
Taraz,418368,KZ,http://www.wikidata.org/entity/Q232
Mauá,418261,BR,http://www.wikidata.org/entity/Q155
Kolwezi,418000,CD,http://www.wikidata.org/entity/Q974
Luhansk,417990,UA,http://www.wikidata.org/entity/Q212
Takamatsu,417814,JP,http://www.wikidata.org/entity/Q17
Manisa,417578,TR,http://www.wikidata.org/entity/Q43
Montes Claros,417478,BR,http://www.wikidata.org/entity/Q155
Betim,417307,BR,http://www.wikidata.org/entity/Q155
Arusha,416442,TZ,http://www.wikidata.org/entity/Q924
Nuevo Laredo,416055,MX,http://www.wikidata.org/entity/Q96
Callao,415888,PE,http://www.wikidata.org/entity/Q419
São José do Rio Preto,415769,BR,http://www.wikidata.org/entity/Q155
Paju,415345,KR,http://www.wikidata.org/entity/Q884
Nagqu,414554,CN,http://www.wikidata.org/entity/Q148
São José do Rio Preto,414272,BR,http://www.wikidata.org/entity/Q155
Montes Claros,414240,BR,http://www.wikidata.org/entity/Q155
Jhang,414131,PK,http://www.wikidata.org/entity/Q843
Talkha,413584,EG,http://www.wikidata.org/entity/Q79
Montes Claros,413487,BR,http://www.wikidata.org/entity/Q155
Boa Vista,413486,BR,http://www.wikidata.org/entity/Q155
Jayapura,413283,ID,http://www.wikidata.org/entity/Q252
Tulsa,413066,US,http://www.wikidata.org/entity/Q30
Toyama,413028,JP,http://www.wikidata.org/entity/Q17
Tver,412806,RU,http://www.wikidata.org/entity/Q159
Sanandaj,412767,IR,http://www.wikidata.org/entity/Q794
São José do Rio Preto,412075,BR,http://www.wikidata.org/entity/Q155
Betim,412003,BR,http://www.wikidata.org/entity/Q155
Betim,411846,BR,http://www.wikidata.org/entity/Q155
Tirunelveli,411298,IN,http://www.wikidata.org/entity/Q668
Pasto,410835,CO,http://www.wikidata.org/entity/Q739
Ballary,410445,IN,http://www.wikidata.org/entity/Q668
Manisa,410440,TR,http://www.wikidata.org/entity/Q43
Samannud,410388,EG,http://www.wikidata.org/entity/Q79
Bhagalpur,410210,IN,http://www.wikidata.org/entity/Q668
Caxias do Sul,410166,BR,http://www.wikidata.org/entity/Q155
Maringá,409657,BR,http://www.wikidata.org/entity/Q155
Montes Claros,409341,BR,http://www.wikidata.org/entity/Q155
Kom Ombo,409311,EG,http://www.wikidata.org/entity/Q79
Mataram,408900,ID,http://www.wikidata.org/entity/Q252
Santa Fe,408572,AR,http://www.wikidata.org/entity/Q414
Magnitogorsk,408487,RU,http://www.wikidata.org/entity/Q159
São José do Rio Preto,408258,BR,http://www.wikidata.org/entity/Q155
Zaria,408198,NG,http://www.wikidata.org/entity/Q1033
Campos dos Goytacazes,406989,BR,http://www.wikidata.org/entity/Q155
Betim,406474,BR,http://www.wikidata.org/entity/Q155
Feira de Santana,406447,BR,http://www.wikidata.org/entity/Q155
Patiala,406192,IN,http://www.wikidata.org/entity/Q668
Caxias do Sul,405858,BR,http://www.wikidata.org/entity/Q155
Caruaru,405408,BR,http://www.wikidata.org/entity/Q155
Carapicuíba,405375,BR,http://www.wikidata.org/entity/Q155
Montes Claros,404804,BR,http://www.wikidata.org/entity/Q155
Bakersfield,403455,US,http://www.wikidata.org/entity/Q30
South Dum Dum,403316,IN,http://www.wikidata.org/entity/Q668
Carapicuíba,403183,BR,http://www.wikidata.org/entity/Q155
Cuiabá,402813,BR,http://www.wikidata.org/entity/Q155
Qazvin,402748,IR,http://www.wikidata.org/entity/Q794
Brno,402739,CZ,http://www.wikidata.org/entity/Q213
Caruaru,402290,BR,http://www.wikidata.org/entity/Q155
Montes Claros,402027,BR,http://www.wikidata.org/entity/Q155
Jundiaí,401896,BR,http://www.wikidata.org/entity/Q155
Tarlac City,401892,PH,http://www.wikidata.org/entity/Q928
Aswan,401890,EG,http://www.wikidata.org/entity/Q79
Cuiabá,401303,BR,http://www.wikidata.org/entity/Q155
Lekki,401272,NG,http://www.wikidata.org/entity/Q1033
Bogura,400983,BD,http://www.wikidata.org/entity/Q902
Carapicuíba,400927,BR,http://www.wikidata.org/entity/Q155
Wah Cantonment,400733,PK,http://www.wikidata.org/entity/Q843
Manisa,400686,TR,http://www.wikidata.org/entity/Q43
Gifu,400118,JP,http://www.wikidata.org/entity/Q17
Douma,400000,SY,http://www.wikidata.org/entity/Q858
Montería,400000,CO,http://www.wikidata.org/entity/Q739
Toyonaka,399263,JP,http://www.wikidata.org/entity/Q17
Dera Ghazi Khan,399064,PK,http://www.wikidata.org/entity/Q843
Anápolis,398869,BR,http://www.wikidata.org/entity/Q155
Carapicuíba,398611,BR,http://www.wikidata.org/entity/Q155
Carapicuíba,398462,BR,http://www.wikidata.org/entity/Q155
Montes Claros,398288,BR,http://www.wikidata.org/entity/Q155
Carapicuíba,398236,BR,http://www.wikidata.org/entity/Q155
Kisumu,397957,KE,http://www.wikidata.org/entity/Q114
Kikwit,397737,CD,http://www.wikidata.org/entity/Q974
Wichita,397532,US,http://www.wikidata.org/entity/Q30
Miyazaki,397476,JP,http://www.wikidata.org/entity/Q17
Kollam,397419,IN,http://www.wikidata.org/entity/Q668
Gwangju,397269,KR,http://www.wikidata.org/entity/Q884
Hirakata,396694,JP,http://www.wikidata.org/entity/Q17
Vitória da Conquista,396613,BR,http://www.wikidata.org/entity/Q155
Carapicuíba,396587,BR,http://www.wikidata.org/entity/Q155
Sandakan,396290,MY,http://www.wikidata.org/entity/Q833
Chimbote,395100,PE,http://www.wikidata.org/entity/Q419
Carapicuíba,394465,BR,http://www.wikidata.org/entity/Q155
Montes Claros,394350,BR,http://www.wikidata.org/entity/Q155
Arlington,394266,US,http://www.wikidata.org/entity/Q30
Vitória da Conquista,394024,BR,http://www.wikidata.org/entity/Q155
Diadema,393237,BR,http://www.wikidata.org/entity/Q155
Bauru,392947,BR,http://www.wikidata.org/entity/Q155
Yola,392854,NG,http://www.wikidata.org/entity/Q1033
Muzaffarnagar,392768,IN,http://www.wikidata.org/entity/Q668
Carapicuíba,392701,BR,http://www.wikidata.org/entity/Q155
Carapicuíba,392294,BR,http://www.wikidata.org/entity/Q155
Nha Trang,392279,VN,http://www.wikidata.org/entity/Q881
Sejong,391984,KR,http://www.wikidata.org/entity/Q884
Al Diwaniyah,391600,IQ,http://www.wikidata.org/entity/Q796
Thiès,391253,SN,http://www.wikidata.org/entity/Q1041
San-Pédro,390654,CI,http://www.wikidata.org/entity/Q1008
Gujrat,390533,PK,http://www.wikidata.org/entity/Q843
Yokosuka,390275,JP,http://www.wikidata.org/entity/Q17
Montes Claros,390212,BR,http://www.wikidata.org/entity/Q155
Manisa,390182,TR,http://www.wikidata.org/entity/Q43
Londrina,390100,BR,http://www.wikidata.org/entity/Q155
Carapicuíba,390073,BR,http://www.wikidata.org/entity/Q155
Tieli,390000,CN,http://www.wikidata.org/entity/Q148
Hafar Al-Batin,389993,SA,http://www.wikidata.org/entity/Q851
Malabon,389929,PH,http://www.wikidata.org/entity/Q928
Tirana,389323,AL,http://www.wikidata.org/entity/Q222
Campos dos Goytacazes,389109,BR,http://www.wikidata.org/entity/Q155
Betim,388873,BR,http://www.wikidata.org/entity/Q155
Carapicuíba,388532,BR,http://www.wikidata.org/entity/Q155
Bologna,387971,IT,http://www.wikidata.org/entity/Q38
Aktobe,387807,KZ,http://www.wikidata.org/entity/Q232
Carapicuíba,387788,BR,http://www.wikidata.org/entity/Q155
Szczecin,387700,PL,http://www.wikidata.org/entity/Q36
Cilegon,387543,ID,http://www.wikidata.org/entity/Q252
Lipa,387392,PH,http://www.wikidata.org/entity/Q928
Carapicuíba,386984,BR,http://www.wikidata.org/entity/Q155
Zanjan,386851,IR,http://www.wikidata.org/entity/Q794
Oyo,386723,NG,http://www.wikidata.org/entity/Q1033
Aurora,386261,US,http://www.wikidata.org/entity/Q30
Bhatpara,386019,IN,http://www.wikidata.org/entity/Q668
Montes Claros,385898,BR,http://www.wikidata.org/entity/Q155
Butuan,385530,PH,http://www.wikidata.org/entity/Q928
Okazaki,385376,JP,http://www.wikidata.org/entity/Q17
Tampa,384959,US,http://www.wikidata.org/entity/Q30
Suita,384953,JP,http://www.wikidata.org/entity/Q17
Lianzhou,384700,CN,http://www.wikidata.org/entity/Q148
Arua,384656,UG,http://www.wikidata.org/entity/Q1036
Yidu,384598,CN,http://www.wikidata.org/entity/Q148
Kakinada,384182,IN,http://www.wikidata.org/entity/Q668
Savar,384105,BD,http://www.wikidata.org/entity/Q902
Nuevo Laredo,384033,MX,http://www.wikidata.org/entity/Q96
New Orleans,383997,US,http://www.wikidata.org/entity/Q30
Betim,383570,BR,http://www.wikidata.org/entity/Q155
Cardiff,383536,GB,http://www.wikidata.org/entity/Q145
Cotabato City,383383,PH,http://www.wikidata.org/entity/Q928
Christchurch,383200,NZ,http://www.wikidata.org/entity/Q664
Gashua,383162,NG,http://www.wikidata.org/entity/Q1033
Belas,381861,AO,http://www.wikidata.org/entity/Q916
Canberra,381488,AU,http://www.wikidata.org/entity/Q408
Manisa,380368,TR,http://www.wikidata.org/entity/Q43
Neiva,380019,CO,http://www.wikidata.org/entity/Q739
Jubail,378949,SA,http://www.wikidata.org/entity/Q851
Huancayo,378203,PE,http://www.wikidata.org/entity/Q419
Ichinomiya,378108,JP,http://www.wikidata.org/entity/Q17
Betim,378089,BR,http://www.wikidata.org/entity/Q155
Caruaru,378048,BR,http://www.wikidata.org/entity/Q155
Antakya,377793,TR,http://www.wikidata.org/entity/Q43
Iquitos,377609,PE,http://www.wikidata.org/entity/Q419
Kut,377600,IQ,http://www.wikidata.org/entity/Q796
San Fernando,377534,PH,http://www.wikidata.org/entity/Q928
Panihati,377347,IN,http://www.wikidata.org/entity/Q668
Lianzhou,377220,CN,http://www.wikidata.org/entity/Q148
Pétion-Ville,376834,HT,http://www.wikidata.org/entity/Q790
6th of October City,376302,EG,http://www.wikidata.org/entity/Q79
Cariacica,376200,BR,http://www.wikidata.org/entity/Q155
İzmit,376056,TR,http://www.wikidata.org/entity/Q43
Ponta Grossa,375632,BR,http://www.wikidata.org/entity/Q155
Dhule,375559,IN,http://www.wikidata.org/entity/Q668
Lomé,375499,TG,http://www.wikidata.org/entity/Q945
Osh,375400,KG,http://www.wikidata.org/entity/Q813
Itaquaquecetuba,375011,BR,http://www.wikidata.org/entity/Q155
Cumaná,374706,VE,http://www.wikidata.org/entity/Q717
Rohtak,374292,IN,http://www.wikidata.org/entity/Q668
Bhawana,373841,PK,http://www.wikidata.org/entity/Q843
Khorramabad,373416,IR,http://www.wikidata.org/entity/Q794
Carapicuíba,373358,BR,http://www.wikidata.org/entity/Q155
Bryansk,373310,RU,http://www.wikidata.org/entity/Q159
Palu,373218,ID,http://www.wikidata.org/entity/Q252
Takasaki,372639,JP,http://www.wikidata.org/entity/Q17
Cleveland,372624,US,http://www.wikidata.org/entity/Q30
Ponta Grossa,372562,BR,http://www.wikidata.org/entity/Q155
Ambon,372249,ID,http://www.wikidata.org/entity/Q252
Malakwal,371869,PK,http://www.wikidata.org/entity/Q843
Toyohashi,371507,JP,http://www.wikidata.org/entity/Q17
Carapicuíba,371502,BR,http://www.wikidata.org/entity/Q155
Tamale,371351,GH,http://www.wikidata.org/entity/Q117
Calabar,371022,NG,http://www.wikidata.org/entity/Q1033
Manisa,370879,TR,http://www.wikidata.org/entity/Q43
Vitória da Conquista,370879,BR,http://www.wikidata.org/entity/Q155
Montes Claros,370216,BR,http://www.wikidata.org/entity/Q155
Az Zubayr,370000,IQ,http://www.wikidata.org/entity/Q796
Vinnytsia,369739,UA,http://www.wikidata.org/entity/Q212
Carapicuíba,369584,BR,http://www.wikidata.org/entity/Q155
Bharatpur,369377,NP,http://www.wikidata.org/entity/Q837
Caruaru,369343,BR,http://www.wikidata.org/entity/Q155
Leicester,368600,GB,http://www.wikidata.org/entity/Q145
Q1822,368426,PH,http://www.wikidata.org/entity/Q928
Iligan,368132,PH,http://www.wikidata.org/entity/Q928
Safi,367249,MA,http://www.wikidata.org/entity/Q1028
Nagano,367184,JP,http://www.wikidata.org/entity/Q17
Uberlândia,367061,BR,http://www.wikidata.org/entity/Q155
Nampo,366815,KP,http://www.wikidata.org/entity/Q423
Bochum,366385,DE,http://www.wikidata.org/entity/Q183
Alicante,366221,ES,http://www.wikidata.org/entity/Q29
Montes Claros,366134,BR,http://www.wikidata.org/entity/Q155
Avellaneda,366117,AR,http://www.wikidata.org/entity/Q414
Bilaspur,365579,IN,http://www.wikidata.org/entity/Q668
Franca,365494,BR,http://www.wikidata.org/entity/Q155
Iseyin,365300,NG,http://www.wikidata.org/entity/Q1033
Caruaru,365278,BR,http://www.wikidata.org/entity/Q155
Sivas,365274,TR,http://www.wikidata.org/entity/Q43
Cabuyao,365202,PH,http://www.wikidata.org/entity/Q928
Hrodna,364902,BY,http://www.wikidata.org/entity/Q184
Rio Branco,364756,BR,http://www.wikidata.org/entity/Q155
Mandaue,364482,PH,http://www.wikidata.org/entity/Q928
Manisa,364332,TR,http://www.wikidata.org/entity/Q43
Franca,364331,BR,http://www.wikidata.org/entity/Q155
Alanya,364180,TR,http://www.wikidata.org/entity/Q43
Mardan,363788,PK,http://www.wikidata.org/entity/Q843
Montes Claros,363227,BR,http://www.wikidata.org/entity/Q155
Wonsan,363127,KP,http://www.wikidata.org/entity/Q423
Coventry,362690,GB,http://www.wikidata.org/entity/Q145
Montes Claros,361915,BR,http://www.wikidata.org/entity/Q155
Geita,361671,TZ,http://www.wikidata.org/entity/Q924
Cuenca,361524,EC,http://www.wikidata.org/entity/Q736
Blumenau,361261,BR,http://www.wikidata.org/entity/Q155
Caruaru,361118,BR,http://www.wikidata.org/entity/Q155
Florence,360930,IT,http://www.wikidata.org/entity/Q38
Santarém,360871,BR,http://www.wikidata.org/entity/Q155
Sucre,360544,BO,http://www.wikidata.org/entity/Q750
Bengkulu,360495,ID,http://www.wikidata.org/entity/Q252
Keelung,360429,TW,http://www.wikidata.org/entity/Q865
Caxias do Sul,360419,BR,http://www.wikidata.org/entity/Q155
Pétion-Ville,359615,HT,http://www.wikidata.org/entity/Q790
Bhilwara,359483,IN,http://www.wikidata.org/entity/Q668
Palu,359350,ID,http://www.wikidata.org/entity/Q252
Sinuiju,359341,KP,http://www.wikidata.org/entity/Q423
Umuahia,359230,NG,http://www.wikidata.org/entity/Q1033
Wuppertal,358938,DE,http://www.wikidata.org/entity/Q183
Ponta Grossa,358838,BR,http://www.wikidata.org/entity/Q155
Franca,358539,BR,http://www.wikidata.org/entity/Q155
São José do Rio Preto,358523,BR,http://www.wikidata.org/entity/Q155
Ondo,358430,NG,http://www.wikidata.org/entity/Q1033
Ponta Grossa,358371,BR,http://www.wikidata.org/entity/Q155
Montes Claros,358271,BR,http://www.wikidata.org/entity/Q155
Batangas City,358267,PH,http://www.wikidata.org/entity/Q928
Vitebsk,357899,BY,http://www.wikidata.org/entity/Q184
Nice,357737,FR,http://www.wikidata.org/entity/Q142
Luena,357413,AO,http://www.wikidata.org/entity/Q916
Santarém,357311,BR,http://www.wikidata.org/entity/Q155
Muar,357148,MY,http://www.wikidata.org/entity/Q833
Vũng Tàu,357124,VN,http://www.wikidata.org/entity/Q881
Caruaru,356872,BR,http://www.wikidata.org/entity/Q155
Uberaba,356781,BR,http://www.wikidata.org/entity/Q155
Manisa,356702,TR,http://www.wikidata.org/entity/Q43
Kunduz,356536,AF,http://www.wikidata.org/entity/Q889
Gonaïves,356324,HT,http://www.wikidata.org/entity/Q790
Caruaru,356128,BR,http://www.wikidata.org/entity/Q155
Ulanhot,356035,CN,http://www.wikidata.org/entity/Q148
Minatitlán,356020,MX,http://www.wikidata.org/entity/Q96
Franca,355901,BR,http://www.wikidata.org/entity/Q155
Caucaia,355679,BR,http://www.wikidata.org/entity/Q155
Ponta Grossa,355336,BR,http://www.wikidata.org/entity/Q155
Al Qadarif,354927,SD,http://www.wikidata.org/entity/Q1049
Kawagoe,354598,JP,http://www.wikidata.org/entity/Q17
Uberaba,354142,BR,http://www.wikidata.org/entity/Q155
Lhoka,354035,CN,http://www.wikidata.org/entity/Q148
Chiang Mai,354000,TH,http://www.wikidata.org/entity/Q869
Pokhara,353841,NP,http://www.wikidata.org/entity/Q837
Wakayama,353299,JP,http://www.wikidata.org/entity/Q17
Franca,353187,BR,http://www.wikidata.org/entity/Q155
Mogilev,352891,BY,http://www.wikidata.org/entity/Q184
Gimpo,352683,KR,http://www.wikidata.org/entity/Q884
Franca,352536,BR,http://www.wikidata.org/entity/Q155
Nara,352377,JP,http://www.wikidata.org/entity/Q17
Yenegoa,352285,NG,http://www.wikidata.org/entity/Q1033
Nam Định,352108,VN,http://www.wikidata.org/entity/Q881
Sinuiju,352000,KP,http://www.wikidata.org/entity/Q423
Ponta Grossa,351736,BR,http://www.wikidata.org/entity/Q155
Cabimas,351735,VE,http://www.wikidata.org/entity/Q717
Caruaru,351686,BR,http://www.wikidata.org/entity/Q155
Honolulu,350964,US,http://www.wikidata.org/entity/Q30
Ibb,350864,YE,http://www.wikidata.org/entity/Q805
Ahilyanagar,350859,IN,http://www.wikidata.org/entity/Q668
Gorgan,350676,IR,http://www.wikidata.org/entity/Q794
Sarıyer,350454,TR,http://www.wikidata.org/entity/Q43
Franca,350400,BR,http://www.wikidata.org/entity/Q155
Burao,350211,SO,http://www.wikidata.org/entity/Q1045
Semey,350201,KZ,http://www.wikidata.org/entity/Q232
Holguin,350191,CU,http://www.wikidata.org/entity/Q241
Samsun,350000,TR,http://www.wikidata.org/entity/Q43
Ciudad del Este,350000,PY,http://www.wikidata.org/entity/Q733
Tongi,350000,BD,http://www.wikidata.org/entity/Q902
Olinda,349976,BR,http://www.wikidata.org/entity/Q155
Praia Grande,349935,BR,http://www.wikidata.org/entity/Q155
São José dos Pinhais,349880,BR,http://www.wikidata.org/entity/Q155
Quelimane,349842,MZ,http://www.wikidata.org/entity/Q1029
Q75933,348968,PH,http://www.wikidata.org/entity/Q928
Bamenda,348766,CM,http://www.wikidata.org/entity/Q1009
Vitória da Conquista,348718,BR,http://www.wikidata.org/entity/Q155
Campos dos Goytacazes,348542,BR,http://www.wikidata.org/entity/Q155
Antofagasta,348517,CL,http://www.wikidata.org/entity/Q298
Cascavel,348051,BR,http://www.wikidata.org/entity/Q155
Ponta Grossa,348043,BR,http://www.wikidata.org/entity/Q155
Canoas,347657,BR,http://www.wikidata.org/entity/Q155
Takatsuki,347496,JP,http://www.wikidata.org/entity/Q17
Yidu,347388,CN,http://www.wikidata.org/entity/Q148
Franca,347237,BR,http://www.wikidata.org/entity/Q155
Brest,347138,BY,http://www.wikidata.org/entity/Q184
Caruaru,347088,BR,http://www.wikidata.org/entity/Q155
Anaheim,346824,US,http://www.wikidata.org/entity/Q30
Tarsus,346715,TR,http://www.wikidata.org/entity/Q43
Vitória da Conquista,346069,BR,http://www.wikidata.org/entity/Q155
Tanchon,345875,KP,http://www.wikidata.org/entity/Q423
São José dos Pinhais,345644,BR,http://www.wikidata.org/entity/Q155
Pelotas,345181,BR,http://www.wikidata.org/entity/Q155
Belfast,345006,GB,http://www.wikidata.org/entity/Q145
Avellaneda,344991,AR,http://www.wikidata.org/entity/Q414
Kadapa,344893,IN,http://www.wikidata.org/entity/Q668
Franca,344704,BR,http://www.wikidata.org/entity/Q155
Carapicuíba,344596,BR,http://www.wikidata.org/entity/Q155
Pelotas,344385,BR,http://www.wikidata.org/entity/Q155
Ponta Grossa,344332,BR,http://www.wikidata.org/entity/Q155
Pelotas,343826,BR,http://www.wikidata.org/entity/Q155
Cabanatuan,343672,PH,http://www.wikidata.org/entity/Q928
Pelotas,343651,BR,http://www.wikidata.org/entity/Q155
Vitória da Conquista,343643,BR,http://www.wikidata.org/entity/Q155
Maseru,343541,LS,http://www.wikidata.org/entity/Q1013
Vitória,343378,BR,http://www.wikidata.org/entity/Q155
Vitória da Conquista,343230,BR,http://www.wikidata.org/entity/Q155
Pelotas,343167,BR,http://www.wikidata.org/entity/Q155
Makiivka,343158,UA,http://www.wikidata.org/entity/Q212
Pelotas,343132,BR,http://www.wikidata.org/entity/Q155
Pelotas,342873,BR,http://www.wikidata.org/entity/Q155
Avellaneda,342677,AR,http://www.wikidata.org/entity/Q414
Otsu,342607,JP,http://www.wikidata.org/entity/Q17
Pelotas,342405,BR,http://www.wikidata.org/entity/Q155
Tarsus,342373,TR,http://www.wikidata.org/entity/Q43
Caruaru,342328,BR,http://www.wikidata.org/entity/Q155
Gómez Palacio,342286,MX,http://www.wikidata.org/entity/Q96
San Juan,342259,US,http://www.wikidata.org/entity/Q30
Paulista,342167,BR,http://www.wikidata.org/entity/Q155
Franca,342112,BR,http://www.wikidata.org/entity/Q155
Pelotas,342053,BR,http://www.wikidata.org/entity/Q155
Koshigaya,341784,JP,http://www.wikidata.org/entity/Q17
Pelotas,341648,BR,http://www.wikidata.org/entity/Q155
Vitória da Conquista,341597,BR,http://www.wikidata.org/entity/Q155
Vladimir,341579,RU,http://www.wikidata.org/entity/Q159
Jeonju,341545,KR,http://www.wikidata.org/entity/Q884
Jinju,341545,KR,http://www.wikidata.org/entity/Q884
Alwar,341422,IN,http://www.wikidata.org/entity/Q668
Owo,341400,NG,http://www.wikidata.org/entity/Q1033
Tokorozawa,341289,JP,http://www.wikidata.org/entity/Q17
Cirebon,341235,ID,http://www.wikidata.org/entity/Q252
Sumgait,341200,AZ,http://www.wikidata.org/entity/Q227
Pelotas,341180,BR,http://www.wikidata.org/entity/Q155
Ponta Grossa,341130,BR,http://www.wikidata.org/entity/Q155
Vitória da Conquista,341128,BR,http://www.wikidata.org/entity/Q155
Uberaba,340277,BR,http://www.wikidata.org/entity/Q155
Yamoussoukro,340234,CI,http://www.wikidata.org/entity/Q1008
Vitória da Conquista,340199,BR,http://www.wikidata.org/entity/Q155
Villahermosa,340060,MX,http://www.wikidata.org/entity/Q96
Samsun,340000,TR,http://www.wikidata.org/entity/Q43
Shorouk city,340000,EG,http://www.wikidata.org/entity/Q79
Buôn Ma Thuột,340000,VN,http://www.wikidata.org/entity/Q881
Tarsus,339676,TR,http://www.wikidata.org/entity/Q43
Franca,339461,BR,http://www.wikidata.org/entity/Q155
Malmö,339316,SE,http://www.wikidata.org/entity/Q34
Vitória da Conquista,338885,BR,http://www.wikidata.org/entity/Q155
Markham,338503,CA,http://www.wikidata.org/entity/Q16
Bielefeld,338410,DE,http://www.wikidata.org/entity/Q183
Ponta Grossa,337865,BR,http://www.wikidata.org/entity/Q155
Uberaba,337836,BR,http://www.wikidata.org/entity/Q155
Jubail,337778,SA,http://www.wikidata.org/entity/Q851
Caruaru,337416,BR,http://www.wikidata.org/entity/Q155
Jinju,337230,KR,http://www.wikidata.org/entity/Q884
Uberaba,337092,BR,http://www.wikidata.org/entity/Q155
Chita,337063,RU,http://www.wikidata.org/entity/Q159
Randburg,337053,ZA,http://www.wikidata.org/entity/Q258
Vitória da Conquista,336987,BR,http://www.wikidata.org/entity/Q155
Merkezefendi district,336818,TR,http://www.wikidata.org/entity/Q43
Franca,336734,BR,http://www.wikidata.org/entity/Q155
Pelotas,336150,BR,http://www.wikidata.org/entity/Q155
Pelotas,336131,BR,http://www.wikidata.org/entity/Q155
Iwaki,336111,JP,http://www.wikidata.org/entity/Q17
Shah Faisal Town,335823,PK,http://www.wikidata.org/entity/Q843
Bonn,335789,DE,http://www.wikidata.org/entity/Q183
Simferopol,335009,RU,http://www.wikidata.org/entity/Q159
Simferopol,335009,UA,http://www.wikidata.org/entity/Q212
San José,335007,CR,http://www.wikidata.org/entity/Q800
Orlando,334854,US,http://www.wikidata.org/entity/Q30
Santo Domingo,334826,EC,http://www.wikidata.org/entity/Q736
Lublin,334681,PL,http://www.wikidata.org/entity/Q36
São José dos Pinhais,334620,BR,http://www.wikidata.org/entity/Q155
Ponta Grossa,334535,BR,http://www.wikidata.org/entity/Q155
Plovdiv,333994,BG,http://www.wikidata.org/entity/Q219
Uberaba,333783,BR,http://www.wikidata.org/entity/Q155
Barueri,333737,BR,http://www.wikidata.org/entity/Q155
Cirebon,333303,ID,http://www.wikidata.org/entity/Q252
Muzaffarpur,333200,IN,http://www.wikidata.org/entity/Q668
Pavlodar,333190,KZ,http://www.wikidata.org/entity/Q232
Oskemen,333113,KZ,http://www.wikidata.org/entity/Q232
Viña del Mar,332875,CL,http://www.wikidata.org/entity/Q298
Los Teques,332725,VE,http://www.wikidata.org/entity/Q717
Salalah,331949,OM,http://www.wikidata.org/entity/Q842
Santarém,331942,BR,http://www.wikidata.org/entity/Q155
Maebashi,331849,JP,http://www.wikidata.org/entity/Q17
Kaluga,331842,RU,http://www.wikidata.org/entity/Q159
Khamis Mushait,331615,SA,http://www.wikidata.org/entity/Q851
Ganja,331400,AZ,http://www.wikidata.org/entity/Q227
Asahikawa,331392,JP,http://www.wikidata.org/entity/Q17
Ponta Grossa,331084,BR,http://www.wikidata.org/entity/Q155
Kendari,331013,ID,http://www.wikidata.org/entity/Q252
Franca,330938,BR,http://www.wikidata.org/entity/Q155
Wonju,330854,KR,http://www.wikidata.org/entity/Q884
Lafia,330712,NG,http://www.wikidata.org/entity/Q1033
Duhok,330600,IQ,http://www.wikidata.org/entity/Q796
San Salvador,330543,SV,http://www.wikidata.org/entity/Q792
Jaboatão dos Guararapes,330416,BR,http://www.wikidata.org/entity/Q155
Uberaba,330361,BR,http://www.wikidata.org/entity/Q155
Kamarhati,330211,IN,http://www.wikidata.org/entity/Q668
Lhoka,330152,CN,http://www.wikidata.org/entity/Q148
Taraz,330125,KZ,http://www.wikidata.org/entity/Q232
Free Territory of Trieste,330000,IT,http://www.wikidata.org/entity/Q38
São Vicente,329911,BR,http://www.wikidata.org/entity/Q155
Hanam,329822,KR,http://www.wikidata.org/entity/Q884
Ribeirão das Neves,329794,BR,http://www.wikidata.org/entity/Q155
São José dos Pinhais,329628,BR,http://www.wikidata.org/entity/Q155
Damanhur,329572,EG,http://www.wikidata.org/entity/Q79
Gorgan,329536,IR,http://www.wikidata.org/entity/Q794
Tarsus,329494,TR,http://www.wikidata.org/entity/Q43
Pelotas,329435,BR,http://www.wikidata.org/entity/Q155
Ciudad Obregón,329404,MX,http://www.wikidata.org/entity/Q96
São José dos Pinhais,329058,BR,http://www.wikidata.org/entity/Q155
Avellaneda,328980,AR,http://www.wikidata.org/entity/Q414
Pelotas,328864,BR,http://www.wikidata.org/entity/Q155
Barishal,328278,BD,http://www.wikidata.org/entity/Q902
Pelotas,328275,BR,http://www.wikidata.org/entity/Q155
Uberaba,328272,BR,http://www.wikidata.org/entity/Q155
Nizhny Tagil,328157,RU,http://www.wikidata.org/entity/Q159
Torreón,328086,MX,http://www.wikidata.org/entity/Q96
Bunia,327837,CD,http://www.wikidata.org/entity/Q974
Nantes,327734,FR,http://www.wikidata.org/entity/Q142
Vijayapura,327427,IN,http://www.wikidata.org/entity/Q668
Franca,327176,BR,http://www.wikidata.org/entity/Q155
Ulanhot,327081,CN,http://www.wikidata.org/entity/Q148
Kōriyama,327040,JP,http://www.wikidata.org/entity/Q17
Vũng Tàu,327000,VN,http://www.wikidata.org/entity/Q881
Roodepoort,326416,ZA,http://www.wikidata.org/entity/Q258
Pucallpa,326040,PE,http://www.wikidata.org/entity/Q419
Espoo,325716,FI,http://www.wikidata.org/entity/Q33
Pelotas,325685,BR,http://www.wikidata.org/entity/Q155
Kōchi-shi,325535,JP,http://www.wikidata.org/entity/Q17
Uberaba,325279,BR,http://www.wikidata.org/entity/Q155
Kuching,325132,MY,http://www.wikidata.org/entity/Q833
Bydgoszcz,324984,PL,http://www.wikidata.org/entity/Q36
Hafar Al-Batin,324246,SA,http://www.wikidata.org/entity/Q851
Caruaru,324095,BR,http://www.wikidata.org/entity/Q155
Adama,324000,ET,http://www.wikidata.org/entity/Q115
Gondar,323900,ET,http://www.wikidata.org/entity/Q115
Mekele,323700,ET,http://www.wikidata.org/entity/Q115
São José dos Pinhais,323340,BR,http://www.wikidata.org/entity/Q155
Franca,323307,BR,http://www.wikidata.org/entity/Q155
Pelotas,323158,BR,http://www.wikidata.org/entity/Q155
Vaughan,323103,CA,http://www.wikidata.org/entity/Q16
Münster,322904,DE,http://www.wikidata.org/entity/Q183
Lexington,322570,US,http://www.wikidata.org/entity/Q30
Minna,322163,NG,http://www.wikidata.org/entity/Q1033
Uberaba,322126,BR,http://www.wikidata.org/entity/Q155
Camagüey,321992,CU,http://www.wikidata.org/entity/Q241
Taourirt,321876,MA,http://www.wikidata.org/entity/Q1028
Belgorod,321761,RU,http://www.wikidata.org/entity/Q159
Camaçari,321636,BR,http://www.wikidata.org/entity/Q155
Franca,321012,BR,http://www.wikidata.org/entity/Q155
Sukabumi,320970,ID,http://www.wikidata.org/entity/Q252
Stockton,320804,US,http://www.wikidata.org/entity/Q30
Wau,320752,SS,http://www.wikidata.org/entity/Q958
Taraz,320634,KZ,http://www.wikidata.org/entity/Q232
Suzano,320261,BR,http://www.wikidata.org/entity/Q155
Okene,320260,NG,http://www.wikidata.org/entity/Q1033
Junagadh,320250,IN,http://www.wikidata.org/entity/Q668
Basyoun,320056,EG,http://www.wikidata.org/entity/Q79
Asan,319929,KR,http://www.wikidata.org/entity/Q884
Nukus,319583,UZ,http://www.wikidata.org/entity/Q265
Caruaru,319579,BR,http://www.wikidata.org/entity/Q155
Kaechon,319554,KP,http://www.wikidata.org/entity/Q423
Camaçari,319394,BR,http://www.wikidata.org/entity/Q155
Coatzacoalcos,319187,MX,http://www.wikidata.org/entity/Q96
Muhanga,319141,RW,http://www.wikidata.org/entity/Q1037
Várzea Grande,318922,BR,http://www.wikidata.org/entity/Q155
Vitória da Conquista,318901,BR,http://www.wikidata.org/entity/Q155
Uberaba,318813,BR,http://www.wikidata.org/entity/Q155
Campos dos Goytacazes,318806,BR,http://www.wikidata.org/entity/Q155
Suzano,318765,BR,http://www.wikidata.org/entity/Q155
Varna,318737,BG,http://www.wikidata.org/entity/Q219
Franca,318640,BR,http://www.wikidata.org/entity/Q155
Ribeirão Preto,318544,BR,http://www.wikidata.org/entity/Q155
Katsina,318459,NG,http://www.wikidata.org/entity/Q1033
Chiniot,318165,PK,http://www.wikidata.org/entity/Q843
Gwangmyeong,318021,KR,http://www.wikidata.org/entity/Q884
Taubaté,317915,BR,http://www.wikidata.org/entity/Q155
Corpus Christi,317863,US,http://www.wikidata.org/entity/Q30
Thiès,317763,SN,http://www.wikidata.org/entity/Q1041
Henderson,317610,US,http://www.wikidata.org/entity/Q30
Ortahisar,317520,TR,http://www.wikidata.org/entity/Q43
São José dos Pinhais,317476,BR,http://www.wikidata.org/entity/Q155
Port Moresby,317374,PG,http://www.wikidata.org/entity/Q691
Ponta Grossa,317339,BR,http://www.wikidata.org/entity/Q155
Kira Town,317157,UG,http://www.wikidata.org/entity/Q1036
Mannheim,316877,DE,http://www.wikidata.org/entity/Q183
Puerto Princesa,316384,PH,http://www.wikidata.org/entity/Q928
Naha,316048,JP,http://www.wikidata.org/entity/Q17
Vitória da Conquista,315884,BR,http://www.wikidata.org/entity/Q155
Thrissur,315596,IN,http://www.wikidata.org/entity/Q668
Bari,315473,IT,http://www.wikidata.org/entity/Q38
Uberaba,315360,BR,http://www.wikidata.org/entity/Q155
Bor,315351,SS,http://www.wikidata.org/entity/Q958
Cà Mau,315270,VN,http://www.wikidata.org/entity/Q881
Riverside,314998,US,http://www.wikidata.org/entity/Q30
Caruaru,314912,BR,http://www.wikidata.org/entity/Q155
Ponta Grossa,314681,BR,http://www.wikidata.org/entity/Q155
Várzea Grande,314627,BR,http://www.wikidata.org/entity/Q155
Kasur,314617,PK,http://www.wikidata.org/entity/Q843
Ponta Grossa,314527,BR,http://www.wikidata.org/entity/Q155
Bardhaman,314265,IN,http://www.wikidata.org/entity/Q668
Vitória da Conquista,313898,BR,http://www.wikidata.org/entity/Q155
Ado Ekiti,313690,NG,http://www.wikidata.org/entity/Q1033
Volzhsky,313034,RU,http://www.wikidata.org/entity/Q159
Jiayuguan City,312663,CN,http://www.wikidata.org/entity/Q148
San Salvador de Jujuy,312446,AR,http://www.wikidata.org/entity/Q414
Jhelum,312426,PK,http://www.wikidata.org/entity/Q843
Gqeberha,312392,ZA,http://www.wikidata.org/entity/Q258
Warri,311970,NG,http://www.wikidata.org/entity/Q1033
Yakutsk,311760,RU,http://www.wikidata.org/entity/Q159
Ponta Grossa,311611,BR,http://www.wikidata.org/entity/Q155
Catania,311584,IT,http://www.wikidata.org/entity/Q38
Newark,311549,US,http://www.wikidata.org/entity/Q30
Saint Paul,311527,US,http://www.wikidata.org/entity/Q30
Santiago del Estero,311487,AR,http://www.wikidata.org/entity/Q414
Guarujá,311230,BR,http://www.wikidata.org/entity/Q155
Nizamabad,311152,IN,http://www.wikidata.org/entity/Q668
Ponta Grossa,311106,BR,http://www.wikidata.org/entity/Q155
Saransk,310898,RU,http://www.wikidata.org/entity/Q159
Ha'il,310897,SA,http://www.wikidata.org/entity/Q851
Purnia,310817,IN,http://www.wikidata.org/entity/Q668
Limeira,310783,BR,http://www.wikidata.org/entity/Q155
Smolensk,310460,RU,http://www.wikidata.org/entity/Q159
Yokkaichi,310263,JP,http://www.wikidata.org/entity/Q17
Montpellier,310240,FR,http://www.wikidata.org/entity/Q142
Santa Ana,310227,US,http://www.wikidata.org/entity/Q30
Vitória da Conquista,310129,BR,http://www.wikidata.org/entity/Q155
Karlsruhe,309964,DE,http://www.wikidata.org/entity/Q183
Sari,309820,IR,http://www.wikidata.org/entity/Q794
Makati,309770,PH,http://www.wikidata.org/entity/Q928
Thessaloniki,309617,GR,http://www.wikidata.org/entity/Q41
Cincinnati,309317,US,http://www.wikidata.org/entity/Q30
Camaçari,309208,BR,http://www.wikidata.org/entity/Q155
Tabora,308741,TZ,http://www.wikidata.org/entity/Q924
Limeira,308482,BR,http://www.wikidata.org/entity/Q155
Santarém,308339,BR,http://www.wikidata.org/entity/Q155
Vitória da Conquista,308204,BR,http://www.wikidata.org/entity/Q155
Nakuru,307990,KE,http://www.wikidata.org/entity/Q114
Sariwon,307764,KP,http://www.wikidata.org/entity/Q423
Irvine,307670,US,http://www.wikidata.org/entity/Q30
São José dos Pinhais,307530,BR,http://www.wikidata.org/entity/Q155
Suzano,307429,BR,http://www.wikidata.org/entity/Q155
Cirebon,307319,ID,http://www.wikidata.org/entity/Q252
Pekalongan,307150,ID,http://www.wikidata.org/entity/Q252
Hisar,307024,IN,http://www.wikidata.org/entity/Q668
Montes Claros,306947,BR,http://www.wikidata.org/entity/Q155
Vitória da Conquista,306866,BR,http://www.wikidata.org/entity/Q155
Taraz,306715,KZ,http://www.wikidata.org/entity/Q232
Betim,306675,BR,http://www.wikidata.org/entity/Q155
Mabalacat,306594,PH,http://www.wikidata.org/entity/Q928
Santarém,306480,BR,http://www.wikidata.org/entity/Q155
Kasugai,306449,JP,http://www.wikidata.org/entity/Q17
Puerto La Cruz,306261,VE,http://www.wikidata.org/entity/Q717
Limeira,306114,BR,http://www.wikidata.org/entity/Q155
Matadi,306053,CD,http://www.wikidata.org/entity/Q974
Parauapebas,305771,BR,http://www.wikidata.org/entity/Q155
Kaunas,305120,LT,http://www.wikidata.org/entity/Q37
Santarém,304589,BR,http://www.wikidata.org/entity/Q155
Kashan,304487,IR,http://www.wikidata.org/entity/Q794
Camaçari,304302,BR,http://www.wikidata.org/entity/Q155
Minna,304113,NG,http://www.wikidata.org/entity/Q1033
Limeira,303682,BR,http://www.wikidata.org/entity/Q155
Suzano,303397,BR,http://www.wikidata.org/entity/Q155
Augsburg,303150,DE,http://www.wikidata.org/entity/Q183
Akita,302984,JP,http://www.wikidata.org/entity/Q17
Pittsburgh,302971,US,http://www.wikidata.org/entity/Q30
Kurume,302858,JP,http://www.wikidata.org/entity/Q17
Zagazig,302840,EG,http://www.wikidata.org/entity/Q79
São José dos Pinhais,302759,BR,http://www.wikidata.org/entity/Q155
Palmas,302692,BR,http://www.wikidata.org/entity/Q155
Santarém,302667,BR,http://www.wikidata.org/entity/Q155
Uberaba,302623,BR,http://www.wikidata.org/entity/Q155
Londrina,301696,BR,http://www.wikidata.org/entity/Q155
Awka,301657,NG,http://www.wikidata.org/entity/Q1033
St. Louis,301578,US,http://www.wikidata.org/entity/Q30
San Bernardo,301313,CL,http://www.wikidata.org/entity/Q298
Limeira,301292,BR,http://www.wikidata.org/entity/Q155
Armenia,301226,CO,http://www.wikidata.org/entity/Q739
Limeira,300911,BR,http://www.wikidata.org/entity/Q155
Popayán,300837,CO,http://www.wikidata.org/entity/Q739
Kurgan,300763,RU,http://www.wikidata.org/entity/Q159
Limeira,300728,BR,http://www.wikidata.org/entity/Q155
Resistencia,300640,AR,http://www.wikidata.org/entity/Q414
Suzano,300559,BR,http://www.wikidata.org/entity/Q155
Camaçari,300372,BR,http://www.wikidata.org/entity/Q155
Newcastle upon Tyne,300196,GB,http://www.wikidata.org/entity/Q145
San Pablo,300166,PH,http://www.wikidata.org/entity/Q928
Hawaasa,300100,ET,http://www.wikidata.org/entity/Q115
Várzea Grande,300078,BR,http://www.wikidata.org/entity/Q155
Tagum,300042,PH,http://www.wikidata.org/entity/Q928
Ta'izz,300000,YE,http://www.wikidata.org/entity/Q805
Raqqa,299824,SY,http://www.wikidata.org/entity/Q858
Valladolid,299816,MX,http://www.wikidata.org/entity/Q96
Chakwal,299751,PK,http://www.wikidata.org/entity/Q843
Akashi,299699,JP,http://www.wikidata.org/entity/Q17
Afyonkarahisar,299673,TR,http://www.wikidata.org/entity/Q43
Santarém,299419,BR,http://www.wikidata.org/entity/Q155
Uberaba,299360,BR,http://www.wikidata.org/entity/Q155
Kabwe,299206,ZM,http://www.wikidata.org/entity/Q953
Camaçari,299132,BR,http://www.wikidata.org/entity/Q155
Bahía Blanca,299101,AR,http://www.wikidata.org/entity/Q414
Greensboro,299035,US,http://www.wikidata.org/entity/Q30
Bahía Blanca,299000,AR,http://www.wikidata.org/entity/Q414
Parauapebas,298854,BR,http://www.wikidata.org/entity/Q155
Limeira,298701,BR,http://www.wikidata.org/entity/Q155
Yanbu,298675,SA,http://www.wikidata.org/entity/Q851
Resistencia,298611,AR,http://www.wikidata.org/entity/Q414
Caruaru,298501,BR,http://www.wikidata.org/entity/Q155
Pekalongan,298386,ID,http://www.wikidata.org/entity/Q252
Najran,298288,SA,http://www.wikidata.org/entity/Q851
Gatineau,298126,CA,http://www.wikidata.org/entity/Q16
Bahía Blanca,297900,AR,http://www.wikidata.org/entity/Q414
São José dos Pinhais,297895,BR,http://www.wikidata.org/entity/Q155
Ar Ramtha,297830,JO,http://www.wikidata.org/entity/Q810
Las Palmas de Gran Canaria,297682,ES,http://www.wikidata.org/entity/Q29
Suzano,297637,BR,http://www.wikidata.org/entity/Q155
Yangsan,297532,KR,http://www.wikidata.org/entity/Q884
Manama,297502,BH,http://www.wikidata.org/entity/Q398
Oruro,297497,BO,http://www.wikidata.org/entity/Q750
Espoo,297132,FI,http://www.wikidata.org/entity/Q33
Temara,297098,MA,http://www.wikidata.org/entity/Q1028
Santarém,297039,BR,http://www.wikidata.org/entity/Q155
Malabo,297000,GQ,http://www.wikidata.org/entity/Q983
Camaçari,296893,BR,http://www.wikidata.org/entity/Q155
Valparaíso,296655,CL,http://www.wikidata.org/entity/Q298
Limeira,296440,BR,http://www.wikidata.org/entity/Q155
Cirebon,296389,ID,http://www.wikidata.org/entity/Q252
Santarém,296302,BR,http://www.wikidata.org/entity/Q155
Uberaba,296261,BR,http://www.wikidata.org/entity/Q155
Cumilla,296010,BD,http://www.wikidata.org/entity/Q902
Uberaba,295988,BR,http://www.wikidata.org/entity/Q155
Sorong,295809,ID,http://www.wikidata.org/entity/Q252
São José,295658,BR,http://www.wikidata.org/entity/Q155
Atyrau,295496,KZ,http://www.wikidata.org/entity/Q232
Al-Kharj,295462,SA,http://www.wikidata.org/entity/Q851
Rufisque,295459,SN,http://www.wikidata.org/entity/Q1041
Durán,295211,EC,http://www.wikidata.org/entity/Q736
Las Condes,294838,CL,http://www.wikidata.org/entity/Q298
Suzano,294638,BR,http://www.wikidata.org/entity/Q155
Santarém,294580,BR,http://www.wikidata.org/entity/Q155
Divo,294559,CI,http://www.wikidata.org/entity/Q1008
Caruaru,294558,BR,http://www.wikidata.org/entity/Q155
Siliguri,294546,IN,http://www.wikidata.org/entity/Q668
Bailundo,294494,AO,http://www.wikidata.org/entity/Q916
Santarém,294447,BR,http://www.wikidata.org/entity/Q155
Rangpur,294265,BD,http://www.wikidata.org/entity/Q902
Masaka,294166,UG,http://www.wikidata.org/entity/Q1036
Limeira,294128,BR,http://www.wikidata.org/entity/Q155
Beni Suef,294125,EG,http://www.wikidata.org/entity/Q79
Strasbourg,293771,FR,http://www.wikidata.org/entity/Q142
Camaçari,293723,BR,http://www.wikidata.org/entity/Q155
Aizawl,293416,IN,http://www.wikidata.org/entity/Q668
Bally,293373,IN,http://www.wikidata.org/entity/Q668
Bradford,293277,GB,http://www.wikidata.org/entity/Q145
São José dos Pinhais,292934,BR,http://www.wikidata.org/entity/Q155
Graz,292630,AT,http://www.wikidata.org/entity/Q40
Santarém,292520,BR,http://www.wikidata.org/entity/Q155
Jersey City,292449,US,http://www.wikidata.org/entity/Q30
Valladolid city,292426,ES,http://www.wikidata.org/entity/Q29
Valladolid city,292417,ES,http://www.wikidata.org/entity/Q29
Uberaba,292377,BR,http://www.wikidata.org/entity/Q155
Gandhinagar,292167,IN,http://www.wikidata.org/entity/Q668
Camaçari,292074,BR,http://www.wikidata.org/entity/Q155
Limeira,291869,BR,http://www.wikidata.org/entity/Q155
Limeira,291748,BR,http://www.wikidata.org/entity/Q155
Grozny,291687,RU,http://www.wikidata.org/entity/Q159
Feira de Santana,291506,BR,http://www.wikidata.org/entity/Q155
Farrukhabad,291374,IN,http://www.wikidata.org/entity/Q668
Anchorage,291247,US,http://www.wikidata.org/entity/Q30
Bergen,291189,NO,http://www.wikidata.org/entity/Q20
Pelotas,291100,BR,http://www.wikidata.org/entity/Q155
Lincoln,291082,US,http://www.wikidata.org/entity/Q30
Gatineau,291041,CA,http://www.wikidata.org/entity/Q16
Marabá,290975,BR,http://www.wikidata.org/entity/Q155
Caxias do Sul,290925,BR,http://www.wikidata.org/entity/Q155
Suzano,290769,BR,http://www.wikidata.org/entity/Q155
Atyrau,290700,KZ,http://www.wikidata.org/entity/Q232
Batna,290645,DZ,http://www.wikidata.org/entity/Q262
Aarhus,290598,DK,http://www.wikidata.org/entity/Q35
Morioka,290553,JP,http://www.wikidata.org/entity/Q17
Santarém,290521,BR,http://www.wikidata.org/entity/Q155
Mbale City,290414,UG,http://www.wikidata.org/entity/Q1036
Białystok,290386,PL,http://www.wikidata.org/entity/Q36
Várzea Grande,290383,BR,http://www.wikidata.org/entity/Q155
Çorlu,290155,TR,http://www.wikidata.org/entity/Q43
Córdoba,290022,ES,http://www.wikidata.org/entity/Q29
Bata,290000,GQ,http://www.wikidata.org/entity/Q983
São José,289949,BR,http://www.wikidata.org/entity/Q155
Karimnagar,289821,IN,http://www.wikidata.org/entity/Q668
L'Hospitalet de Llobregat,289510,ES,http://www.wikidata.org/entity/Q29
Cotia,289493,BR,http://www.wikidata.org/entity/Q155
Mawlamyine,289388,MM,http://www.wikidata.org/entity/Q836
Eldoret,289380,KE,http://www.wikidata.org/entity/Q114
Nottingham,289301,GB,http://www.wikidata.org/entity/Q145
Neuquén,288896,AR,http://www.wikidata.org/entity/Q414
Massarah,288880,EG,http://www.wikidata.org/entity/Q79
Fergana,288850,UZ,http://www.wikidata.org/entity/Q265
Marabá,288513,BR,http://www.wikidata.org/entity/Q155
Santarém,288462,BR,http://www.wikidata.org/entity/Q155
Sétif,288461,DZ,http://www.wikidata.org/entity/Q262
Machala,288072,EC,http://www.wikidata.org/entity/Q736
Suzano,288056,BR,http://www.wikidata.org/entity/Q155
São José dos Pinhais,287792,BR,http://www.wikidata.org/entity/Q155
Franca,287737,BR,http://www.wikidata.org/entity/Q155
Marabá,287664,BR,http://www.wikidata.org/entity/Q155
Ichalkaranji,287570,IN,http://www.wikidata.org/entity/Q668
Punto Fijo,287558,VE,http://www.wikidata.org/entity/Q717
Várzea Grande,287526,BR,http://www.wikidata.org/entity/Q155
São José dos Campos,287513,BR,http://www.wikidata.org/entity/Q155
Pathein,287071,MM,http://www.wikidata.org/entity/Q836
Cotia,287004,BR,http://www.wikidata.org/entity/Q155
Camaçari,286919,BR,http://www.wikidata.org/entity/Q155
Chernihiv,286899,UA,http://www.wikidata.org/entity/Q212
Sincelejo,286716,CO,http://www.wikidata.org/entity/Q739
Cluj-Napoca,286598,RO,http://www.wikidata.org/entity/Q218
Songea,286285,TZ,http://www.wikidata.org/entity/Q924
Al-Fashir,286277,SD,http://www.wikidata.org/entity/Q1049
Tacna,286240,PE,http://www.wikidata.org/entity/Q419
Juazeiro do Norte,286120,BR,http://www.wikidata.org/entity/Q155
Yangju,285930,KR,http://www.wikidata.org/entity/Q884
San Cristóbal,285872,VE,http://www.wikidata.org/entity/Q717
Bathinda,285813,IN,http://www.wikidata.org/entity/Q668
Gunpo,285721,KR,http://www.wikidata.org/entity/Q884
Jalna,285577,IN,http://www.wikidata.org/entity/Q668
Gravataí,285564,BR,http://www.wikidata.org/entity/Q155
Wiesbaden,285522,DE,http://www.wikidata.org/entity/Q183
Plano,285494,US,http://www.wikidata.org/entity/Q30
Foz do Iguaçu,285415,BR,http://www.wikidata.org/entity/Q155
Bolton,285372,GB,http://www.wikidata.org/entity/Q145
Suzano,285280,BR,http://www.wikidata.org/entity/Q155
Yoshkar-Ola,285219,RU,http://www.wikidata.org/entity/Q159
Santa Maria,285159,BR,http://www.wikidata.org/entity/Q155
Várzea Grande,284971,BR,http://www.wikidata.org/entity/Q155
Pyongsong,284386,KP,http://www.wikidata.org/entity/Q423
Suzano,284356,BR,http://www.wikidata.org/entity/Q155
Ljubljana,284293,SI,http://www.wikidata.org/entity/Q215
Fukushima,284282,JP,http://www.wikidata.org/entity/Q17
M'Bour,284189,SN,http://www.wikidata.org/entity/Q1041
Bago,284179,MM,http://www.wikidata.org/entity/Q836
Delmas,284079,HT,http://www.wikidata.org/entity/Q790
Ibaraki,283835,JP,http://www.wikidata.org/entity/Q17
São José do Rio Preto,283761,BR,http://www.wikidata.org/entity/Q155
Santa Maria,283677,BR,http://www.wikidata.org/entity/Q155
Carapicuíba,283661,BR,http://www.wikidata.org/entity/Q155
Gravataí,283620,BR,http://www.wikidata.org/entity/Q155
Marabá,283542,BR,http://www.wikidata.org/entity/Q155
Durham,283506,US,http://www.wikidata.org/entity/Q30
Poltava,283402,UA,http://www.wikidata.org/entity/Q212
Nizhnevartovsk,283256,RU,http://www.wikidata.org/entity/Q159
Ostrava,283187,CZ,http://www.wikidata.org/entity/Q213
Satna,283004,IN,http://www.wikidata.org/entity/Q668
Haifa,282831,IL,http://www.wikidata.org/entity/Q801
Suzano,282441,BR,http://www.wikidata.org/entity/Q155
Temuco,282415,CL,http://www.wikidata.org/entity/Q298
Ica,282407,PE,http://www.wikidata.org/entity/Q419
Santa Maria,282395,BR,http://www.wikidata.org/entity/Q155
Santa Maria,282244,BR,http://www.wikidata.org/entity/Q155
Santa Maria,282123,BR,http://www.wikidata.org/entity/Q155
La Vega,282055,DO,http://www.wikidata.org/entity/Q786
Várzea Grande,282009,BR,http://www.wikidata.org/entity/Q155
Irvine,281707,US,http://www.wikidata.org/entity/Q30
Chuncheon,281596,KR,http://www.wikidata.org/entity/Q884
Limeira,281583,BR,http://www.wikidata.org/entity/Q155
Gravataí,281519,BR,http://www.wikidata.org/entity/Q155
Adapazarı,281489,TR,http://www.wikidata.org/entity/Q43
Camaçari,281413,BR,http://www.wikidata.org/entity/Q155
İnegöl,281384,TR,http://www.wikidata.org/entity/Q43
Santa Maria,280505,BR,http://www.wikidata.org/entity/Q155
Contagem,280470,BR,http://www.wikidata.org/entity/Q155
Q104125,280331,PH,http://www.wikidata.org/entity/Q928
Satna,280222,IN,http://www.wikidata.org/entity/Q668
Bukhara,280187,UZ,http://www.wikidata.org/entity/Q265
Limeira,280096,BR,http://www.wikidata.org/entity/Q155
Samsun,280000,TR,http://www.wikidata.org/entity/Q43
Volta Redonda,279971,BR,http://www.wikidata.org/entity/Q155
Sumbe,279968,AO,http://www.wikidata.org/entity/Q916
Mingora,279914,PK,http://www.wikidata.org/entity/Q843
Volta Redonda,279898,BR,http://www.wikidata.org/entity/Q155
Suzano,279520,BR,http://www.wikidata.org/entity/Q155
Gravataí,279398,BR,http://www.wikidata.org/entity/Q155
Suzano,279394,BR,http://www.wikidata.org/entity/Q155
Marabá,279349,BR,http://www.wikidata.org/entity/Q155
São José dos Pinhais,279297,BR,http://www.wikidata.org/entity/Q155
Petrozavodsk,279190,RU,http://www.wikidata.org/entity/Q159
Jinja,279184,UG,http://www.wikidata.org/entity/Q1036
Kherson,279131,UA,http://www.wikidata.org/entity/Q212
Espoo,279044,FI,http://www.wikidata.org/entity/Q33
Petrópolis,278881,BR,http://www.wikidata.org/entity/Q155
Limeira,278776,BR,http://www.wikidata.org/entity/Q155
Mamuju,278764,ID,http://www.wikidata.org/entity/Q252
Santa Maria,278445,BR,http://www.wikidata.org/entity/Q155
Barasat,278435,IN,http://www.wikidata.org/entity/Q668
Buffalo,278349,US,http://www.wikidata.org/entity/Q30
Limeira,278093,BR,http://www.wikidata.org/entity/Q155
Katowice,278090,PL,http://www.wikidata.org/entity/Q36
Pematangsiantar,278055,ID,http://www.wikidata.org/entity/Q252
Sunderland,277417,GB,http://www.wikidata.org/entity/Q145
Sterlitamak,277410,RU,http://www.wikidata.org/entity/Q159
Santa Maria,277309,BR,http://www.wikidata.org/entity/Q155
Brighton and Hove,277103,GB,http://www.wikidata.org/entity/Q145
Gagnoa,277044,CI,http://www.wikidata.org/entity/Q1008
Dire Dawa,277000,ET,http://www.wikidata.org/entity/Q115
Santarém,276665,BR,http://www.wikidata.org/entity/Q155
Embu das Artes,276535,BR,http://www.wikidata.org/entity/Q155
Juliaca,276110,PE,http://www.wikidata.org/entity/Q419
Santa Maria,276108,BR,http://www.wikidata.org/entity/Q155
Limeira,276022,BR,http://www.wikidata.org/entity/Q155
Posadas,275988,AR,http://www.wikidata.org/entity/Q414
Chandler,275987,US,http://www.wikidata.org/entity/Q30
Tegal,275789,ID,http://www.wikidata.org/entity/Q252
Camaçari,275575,BR,http://www.wikidata.org/entity/Q155
Gunpo,275571,KR,http://www.wikidata.org/entity/Q884
Santarém,275571,BR,http://www.wikidata.org/entity/Q155
Sarajevo,275524,BA,http://www.wikidata.org/entity/Q225
Chula Vista,275487,US,http://www.wikidata.org/entity/Q30
Kızıltepe,275460,TR,http://www.wikidata.org/entity/Q43
Gravataí,275430,BR,http://www.wikidata.org/entity/Q155
Mytishchi,275313,RU,http://www.wikidata.org/entity/Q159
Gravataí,275294,BR,http://www.wikidata.org/entity/Q155
Gunsan,275155,KR,http://www.wikidata.org/entity/Q884
Gravataí,275146,BR,http://www.wikidata.org/entity/Q155
Marabá,275086,BR,http://www.wikidata.org/entity/Q155
Volta Redonda,274925,BR,http://www.wikidata.org/entity/Q155
Qarshi,274891,UZ,http://www.wikidata.org/entity/Q265
Santa Maria,274838,BR,http://www.wikidata.org/entity/Q155
Espoo,274583,FI,http://www.wikidata.org/entity/Q33
Khmelnytskyi,274452,UA,http://www.wikidata.org/entity/Q212
Cotia,274413,BR,http://www.wikidata.org/entity/Q155
Várzea Grande,274013,BR,http://www.wikidata.org/entity/Q155
Volta Redonda,273988,BR,http://www.wikidata.org/entity/Q155
Ratlam,273892,IN,http://www.wikidata.org/entity/Q668
Yeosu,273761,KR,http://www.wikidata.org/entity/Q884
Gravataí,273742,BR,http://www.wikidata.org/entity/Q155
Ponta Grossa,273616,BR,http://www.wikidata.org/entity/Q155
Taboão da Serra,273542,BR,http://www.wikidata.org/entity/Q155
Santa Maria,273489,BR,http://www.wikidata.org/entity/Q155
Haeju,273300,KP,http://www.wikidata.org/entity/Q423
Tsu,273267,JP,http://www.wikidata.org/entity/Q17
São José dos Pinhais,273255,BR,http://www.wikidata.org/entity/Q155
Imperatriz,273110,BR,http://www.wikidata.org/entity/Q155
Volta Redonda,273012,BR,http://www.wikidata.org/entity/Q155
Soubré,272773,CI,http://www.wikidata.org/entity/Q1008
Ghent,272657,BE,http://www.wikidata.org/entity/Q31
São José dos Pinhais,272530,BR,http://www.wikidata.org/entity/Q155
Bandel,272302,IN,http://www.wikidata.org/entity/Q668
Gravataí,272257,BR,http://www.wikidata.org/entity/Q155
Volta Redonda,271998,BR,http://www.wikidata.org/entity/Q155
Deir ez-Zor,271800,SY,http://www.wikidata.org/entity/Q858
Santa Maria,271735,BR,http://www.wikidata.org/entity/Q155
Iași,271692,RO,http://www.wikidata.org/entity/Q218
Marabá,271594,BR,http://www.wikidata.org/entity/Q155
Várzea Grande,271339,BR,http://www.wikidata.org/entity/Q155
Kyzylorda,271309,KZ,http://www.wikidata.org/entity/Q232
Paraná,271304,AR,http://www.wikidata.org/entity/Q414
Southampton,271173,GB,http://www.wikidata.org/entity/Q145
Toledo,270871,US,http://www.wikidata.org/entity/Q30
Mito,270823,JP,http://www.wikidata.org/entity/Q17
Iksan,270758,KR,http://www.wikidata.org/entity/Q884
Gravataí,270689,BR,http://www.wikidata.org/entity/Q155
Tabou,270482,CI,http://www.wikidata.org/entity/Q1008
Mito,270445,JP,http://www.wikidata.org/entity/Q17
Gunpo,270443,KR,http://www.wikidata.org/entity/Q884
São José,270299,BR,http://www.wikidata.org/entity/Q155
Talcahuano,270000,CL,http://www.wikidata.org/entity/Q298
Madison,269840,US,http://www.wikidata.org/entity/Q30
Cherkasy,269836,UA,http://www.wikidata.org/entity/Q212
Malolos,269809,PH,http://www.wikidata.org/entity/Q928
Espoo,269802,FI,http://www.wikidata.org/entity/Q33
Çorum,269595,TR,http://www.wikidata.org/entity/Q43
Gravataí,269446,BR,http://www.wikidata.org/entity/Q155
Handwara,269311,IN,http://www.wikidata.org/entity/Q668
Binjai,269053,ID,http://www.wikidata.org/entity/Q252
Gravataí,269022,BR,http://www.wikidata.org/entity/Q155
Santa Maria,268969,BR,http://www.wikidata.org/entity/Q155
Mönchengladbach,268943,DE,http://www.wikidata.org/entity/Q183
São José dos Pinhais,268807,BR,http://www.wikidata.org/entity/Q155
Durg,268806,IN,http://www.wikidata.org/entity/Q668
Turbat,268625,PK,http://www.wikidata.org/entity/Q843
Várzea Grande,268594,BR,http://www.wikidata.org/entity/Q155
Brahmanbaria,268279,BD,http://www.wikidata.org/entity/Q902
Imphal,268243,IN,http://www.wikidata.org/entity/Q668
Ichihara,268038,JP,http://www.wikidata.org/entity/Q17
Bordeaux,267991,FR,http://www.wikidata.org/entity/Q142
Shibin Al Kawm,267945,EG,http://www.wikidata.org/entity/Q79
Plymouth,267918,GB,http://www.wikidata.org/entity/Q145
Parauapebas,267836,BR,http://www.wikidata.org/entity/Q155
Ruili,267638,CN,http://www.wikidata.org/entity/Q148
Suzano,267583,BR,http://www.wikidata.org/entity/Q155
Maradi,267249,NE,http://www.wikidata.org/entity/Q1032
Adıyaman,267131,TR,http://www.wikidata.org/entity/Q43
Latur,266955,IN,http://www.wikidata.org/entity/Q668
Marabá,266932,BR,http://www.wikidata.org/entity/Q155
Santa Maria,266822,BR,http://www.wikidata.org/entity/Q155
Kütahya,266784,TR,http://www.wikidata.org/entity/Q43
Saint-Marc,266642,HT,http://www.wikidata.org/entity/Q790
Governador Valadares,266561,BR,http://www.wikidata.org/entity/Q155
Marabá,266533,BR,http://www.wikidata.org/entity/Q155
Gravataí,266230,BR,http://www.wikidata.org/entity/Q155
Saskatoon,266141,CA,http://www.wikidata.org/entity/Q16
Sumaré,265955,BR,http://www.wikidata.org/entity/Q155
Gelsenkirchen,265885,DE,http://www.wikidata.org/entity/Q183
Nagaoka,265868,JP,http://www.wikidata.org/entity/Q17
Djelfa,265833,DZ,http://www.wikidata.org/entity/Q262
Várzea Grande,265775,BR,http://www.wikidata.org/entity/Q155
Sumy,265758,UA,http://www.wikidata.org/entity/Q212
Coro,265569,VE,http://www.wikidata.org/entity/Q717
Espoo,265543,FI,http://www.wikidata.org/entity/Q33
Chernivtsi,265471,UA,http://www.wikidata.org/entity/Q212
Suncheon,265390,KR,http://www.wikidata.org/entity/Q884
Volta Redonda,265201,BR,http://www.wikidata.org/entity/Q155
Gravataí,265074,BR,http://www.wikidata.org/entity/Q155
Suzano,265074,BR,http://www.wikidata.org/entity/Q155
Santarém,265062,BR,http://www.wikidata.org/entity/Q155
Antsirabe,265018,MG,http://www.wikidata.org/entity/Q1019
Imphal,264986,IN,http://www.wikidata.org/entity/Q668
Yao,264913,JP,http://www.wikidata.org/entity/Q17
Olongapo,264903,PH,http://www.wikidata.org/entity/Q928
Taunggyi,264804,MM,http://www.wikidata.org/entity/Q836
Gyeongsan,264754,KR,http://www.wikidata.org/entity/Q884
Dezful,264709,IR,http://www.wikidata.org/entity/Q794
Oruro,264683,BO,http://www.wikidata.org/entity/Q750
Mossoró,264577,BR,http://www.wikidata.org/entity/Q155
Formosa,264452,AR,http://www.wikidata.org/entity/Q414
Mbarara City,264425,UG,http://www.wikidata.org/entity/Q1036
Nishapur,264375,IR,http://www.wikidata.org/entity/Q794
Milton Keynes,264349,GB,http://www.wikidata.org/entity/Q145
São José dos Pinhais,264210,BR,http://www.wikidata.org/entity/Q155
Reno,264165,US,http://www.wikidata.org/entity/Q30
Dumai,264084,ID,http://www.wikidata.org/entity/Q252
Itajaí,264054,BR,http://www.wikidata.org/entity/Q155
Dourados,264017,BR,http://www.wikidata.org/entity/Q155
Fort Wayne,263886,US,http://www.wikidata.org/entity/Q30
Talisay,263832,PH,http://www.wikidata.org/entity/Q928
Taraz,263793,KZ,http://www.wikidata.org/entity/Q232
Rondonópolis,263708,BR,http://www.wikidata.org/entity/Q155
Constanța,263707,RO,http://www.wikidata.org/entity/Q218
Santa Maria,263662,BR,http://www.wikidata.org/entity/Q155
Volta Redonda,263659,BR,http://www.wikidata.org/entity/Q155
Jalalabad,263312,AF,http://www.wikidata.org/entity/Q889
Nawabshah,263102,PK,http://www.wikidata.org/entity/Q843
Fuchū,263093,JP,http://www.wikidata.org/entity/Q17
Berbera,263000,SO,http://www.wikidata.org/entity/Q1045
Volta Redonda,262970,BR,http://www.wikidata.org/entity/Q155
Várzea Grande,262880,BR,http://www.wikidata.org/entity/Q155
Laayoune,262791,MA,http://www.wikidata.org/entity/Q1028
Santarém,262538,BR,http://www.wikidata.org/entity/Q155
North Las Vegas,262527,US,http://www.wikidata.org/entity/Q30
Vitória da Conquista,262494,BR,http://www.wikidata.org/entity/Q155
Suzano,262480,BR,http://www.wikidata.org/entity/Q155
Quilmes,262379,AR,http://www.wikidata.org/entity/Q414
Santa Maria,262368,BR,http://www.wikidata.org/entity/Q155
Volta Redonda,262259,BR,http://www.wikidata.org/entity/Q155
Espoo,262140,FI,http://www.wikidata.org/entity/Q33
Marabá,262085,BR,http://www.wikidata.org/entity/Q155
Novorossiysk,261973,RU,http://www.wikidata.org/entity/Q159
Wollongong,261896,AU,http://www.wikidata.org/entity/Q408
Zhytomyr,261624,UA,http://www.wikidata.org/entity/Q212
Volta Redonda,261563,BR,http://www.wikidata.org/entity/Q155
Volta Redonda,261522,BR,http://www.wikidata.org/entity/Q155
Fukui,261474,JP,http://www.wikidata.org/entity/Q17
Gilgit,261440,PK,http://www.wikidata.org/entity/Q843
Arrah,261430,IN,http://www.wikidata.org/entity/Q668
Volta Redonda,261403,BR,http://www.wikidata.org/entity/Q155
Gravataí,261150,BR,http://www.wikidata.org/entity/Q155
Heroica Nogales,261137,MX,http://www.wikidata.org/entity/Q96
Santa Maria,261031,BR,http://www.wikidata.org/entity/Q155
Bariadi,260927,TZ,http://www.wikidata.org/entity/Q924
Espoo,260753,FI,http://www.wikidata.org/entity/Q33
Chiayi City,260749,TW,http://www.wikidata.org/entity/Q865
Viamão,260740,BR,http://www.wikidata.org/entity/Q155
Dourados,260640,BR,http://www.wikidata.org/entity/Q155
Kakogawa,260595,JP,http://www.wikidata.org/entity/Q17
Novi Sad,260438,RS,http://www.wikidata.org/entity/Q403
Kingston upon Hull,260200,GB,http://www.wikidata.org/entity/Q145
Volta Redonda,260180,BR,http://www.wikidata.org/entity/Q155
Pelotas,259994,BR,http://www.wikidata.org/entity/Q155
Marawi,259993,PH,http://www.wikidata.org/entity/Q928
Volta Redonda,259811,BR,http://www.wikidata.org/entity/Q155
Kotri,259358,PK,http://www.wikidata.org/entity/Q843
Tacloban,259353,PH,http://www.wikidata.org/entity/Q928
Rondonópolis,259167,BR,http://www.wikidata.org/entity/Q155
Gravataí,259138,BR,http://www.wikidata.org/entity/Q155
Misrata,259056,LY,http://www.wikidata.org/entity/Q1016
Aydın,259027,TR,http://www.wikidata.org/entity/Q43
Volta Redonda,259011,BR,http://www.wikidata.org/entity/Q155
Kostanay,258990,KZ,http://www.wikidata.org/entity/Q232
Sreepur,258973,BD,http://www.wikidata.org/entity/Q902
Taloqan,258758,AF,http://www.wikidata.org/entity/Q889
Manta,258697,EC,http://www.wikidata.org/entity/Q736
Saint-Louis,258592,SN,http://www.wikidata.org/entity/Q1041
Lincoln,258379,US,http://www.wikidata.org/entity/Q30
St. Petersburg,258308,US,http://www.wikidata.org/entity/Q30
Stoke-on-Trent,258300,GB,http://www.wikidata.org/entity/Q145
Siverek,258265,TR,http://www.wikidata.org/entity/Q43
Várzea Grande,258208,BR,http://www.wikidata.org/entity/Q155
Mymensingh,258040,BD,http://www.wikidata.org/entity/Q902
Cotia,257882,BR,http://www.wikidata.org/entity/Q155
Viamão,257844,BR,http://www.wikidata.org/entity/Q155
Volta Redonda,257803,BR,http://www.wikidata.org/entity/Q155
Hiratsuka,257662,JP,http://www.wikidata.org/entity/Q17
Gravataí,257428,BR,http://www.wikidata.org/entity/Q155
Annaba,257359,DZ,http://www.wikidata.org/entity/Q262
Viamão,257330,BR,http://www.wikidata.org/entity/Q155
Lubbock,257141,US,http://www.wikidata.org/entity/Q30
Marabá,257062,BR,http://www.wikidata.org/entity/Q155
Kitchener,256885,CA,http://www.wikidata.org/entity/Q16
Espoo,256824,FI,http://www.wikidata.org/entity/Q33
Siddhirganj,256760,BD,http://www.wikidata.org/entity/Q902
Horlivka,256714,UA,http://www.wikidata.org/entity/Q212
Irving,256684,US,http://www.wikidata.org/entity/Q30
Viamão,256302,BR,http://www.wikidata.org/entity/Q155
Indaiatuba,256223,BR,http://www.wikidata.org/entity/Q155
Bloemfontein,256185,ZA,http://www.wikidata.org/entity/Q258
Juazeiro,256122,BR,http://www.wikidata.org/entity/Q155
Nonthaburi,255671,TH,http://www.wikidata.org/entity/Q869
Gravataí,255660,BR,http://www.wikidata.org/entity/Q155
Verona,255588,IT,http://www.wikidata.org/entity/Q38
Várzea Grande,255448,BR,http://www.wikidata.org/entity/Q155
Derby,255394,GB,http://www.wikidata.org/entity/Q145
Tampere,255333,FI,http://www.wikidata.org/entity/Q33
Camaçari,255238,BR,http://www.wikidata.org/entity/Q155
Viamão,255224,BR,http://www.wikidata.org/entity/Q155
Laredo,255205,US,http://www.wikidata.org/entity/Q30
Kuala Terengganu,255109,MY,http://www.wikidata.org/entity/Q833
Xixón City,255070,ES,http://www.wikidata.org/entity/Q29
Chingola,255000,ZM,http://www.wikidata.org/entity/Q953
Moçâmedes,255000,AO,http://www.wikidata.org/entity/Q916
Tambov,254940,RU,http://www.wikidata.org/entity/Q159
Turmero,254880,VE,http://www.wikidata.org/entity/Q717
Tokushima,254510,JP,http://www.wikidata.org/entity/Q17
São Carlos,254484,BR,http://www.wikidata.org/entity/Q155
Juazeiro,254481,BR,http://www.wikidata.org/entity/Q155
Tuni,254425,IN,http://www.wikidata.org/entity/Q668
Viamão,254101,BR,http://www.wikidata.org/entity/Q155
Viamão,253717,BR,http://www.wikidata.org/entity/Q155
São José,253705,BR,http://www.wikidata.org/entity/Q155
Caruaru,253634,BR,http://www.wikidata.org/entity/Q155
Cotia,253608,BR,http://www.wikidata.org/entity/Q155
Araraquara,253474,BR,http://www.wikidata.org/entity/Q155
Palhoça,253469,BR,http://www.wikidata.org/entity/Q155
Aksaray,253113,TR,http://www.wikidata.org/entity/Q43
Qena,252883,EG,http://www.wikidata.org/entity/Q79
Navotas,252878,PH,http://www.wikidata.org/entity/Q928
Viamão,252872,BR,http://www.wikidata.org/entity/Q155
Shimonoseki,252844,JP,http://www.wikidata.org/entity/Q17
Narnaul,252786,IN,http://www.wikidata.org/entity/Q668
Aachen,252769,DE,http://www.wikidata.org/entity/Q183
Kokand,252731,UZ,http://www.wikidata.org/entity/Q265
Parnamirim,252716,BR,http://www.wikidata.org/entity/Q155
Godavarikhani,252693,IN,http://www.wikidata.org/entity/Q668
Várzea Grande,252596,BR,http://www.wikidata.org/entity/Q155
Espoo,252439,FI,http://www.wikidata.org/entity/Q33
Bharatpur,252342,IN,http://www.wikidata.org/entity/Q668
Osmaniye,252186,TR,http://www.wikidata.org/entity/Q43
Brunswick,252066,DE,http://www.wikidata.org/entity/Q183
Uberaba,252051,BR,http://www.wikidata.org/entity/Q155
Begusarai,252008,IN,http://www.wikidata.org/entity/Q668
Kediri,252000,ID,http://www.wikidata.org/entity/Q252
Viamão,251978,BR,http://www.wikidata.org/entity/Q155
Kanggye,251971,KP,http://www.wikidata.org/entity/Q423
Chiayi City,251938,TW,http://www.wikidata.org/entity/Q865
Hakodate,251891,JP,http://www.wikidata.org/entity/Q17
Marabá,251885,BR,http://www.wikidata.org/entity/Q155
İskenderun,251682,TR,http://www.wikidata.org/entity/Q43
Sōka-shi,251390,JP,http://www.wikidata.org/entity/Q17
Higüey,251243,DO,http://www.wikidata.org/entity/Q786
Viamão,251033,BR,http://www.wikidata.org/entity/Q155
Wolverhampton,250970,GB,http://www.wikidata.org/entity/Q145
Fallujah,250884,IQ,http://www.wikidata.org/entity/Q796
Timișoara,250849,RO,http://www.wikidata.org/entity/Q218
Bata,250770,GQ,http://www.wikidata.org/entity/Q983
Santa Ana,250760,SV,http://www.wikidata.org/entity/Q792
Chemnitz,250681,DE,http://www.wikidata.org/entity/Q183
Venice,250369,IT,http://www.wikidata.org/entity/Q38
Babol,250217,IR,http://www.wikidata.org/entity/Q794
São José,250181,BR,http://www.wikidata.org/entity/Q155
La Paz,250141,MX,http://www.wikidata.org/entity/Q96
Montes Claros,250062,BR,http://www.wikidata.org/entity/Q155
Viamão,250028,BR,http://www.wikidata.org/entity/Q155
Al Bayda,250000,LY,http://www.wikidata.org/entity/Q1016
Mariupol,250000,UA,http://www.wikidata.org/entity/Q212
Valera,250000,VE,http://www.wikidata.org/entity/Q717
Kurmuk,250000,SD,http://www.wikidata.org/entity/Q1049
Ray,250000,IR,http://www.wikidata.org/entity/Q794
Unaizah,250000,SA,http://www.wikidata.org/entity/Q851
New Delhi,249998,IN,http://www.wikidata.org/entity/Q668
Sri Ganganagar,249914,IN,http://www.wikidata.org/entity/Q668
Las Condes,249893,CL,http://www.wikidata.org/entity/Q298
Rishon LeZion,249860,IL,http://www.wikidata.org/entity/Q801
San Francisco de Campeche,249623,MX,http://www.wikidata.org/entity/Q96
Winston-Salem,249545,US,http://www.wikidata.org/entity/Q30
Manzhouli,249472,CN,http://www.wikidata.org/entity/Q148
Palangka Raya,249434,ID,http://www.wikidata.org/entity/Q252
Chesapeake,249422,US,http://www.wikidata.org/entity/Q30
Geoje,249290,KR,http://www.wikidata.org/entity/Q884
Colombo,249277,BR,http://www.wikidata.org/entity/Q155
Cotia,249210,BR,http://www.wikidata.org/entity/Q155
Camaçari,249206,BR,http://www.wikidata.org/entity/Q155
North Dum Dum,249142,IN,http://www.wikidata.org/entity/Q668
Burnaby,249125,CA,http://www.wikidata.org/entity/Q16
Kaliakair,249111,BD,http://www.wikidata.org/entity/Q902
Limeira,249046,BR,http://www.wikidata.org/entity/Q155
Stoke-on-Trent,249008,GB,http://www.wikidata.org/entity/Q145
Stoke-on-Trent,249000,GB,http://www.wikidata.org/entity/Q145
Kiel,248873,DE,http://www.wikidata.org/entity/Q183
Portsmouth,248440,GB,http://www.wikidata.org/entity/Q145
Gregorio de Laferrere,248362,AR,http://www.wikidata.org/entity/Q414
Glendale,248325,US,http://www.wikidata.org/entity/Q30
Gyeongju,248244,KR,http://www.wikidata.org/entity/Q884
Vantaa,248199,FI,http://www.wikidata.org/entity/Q33
Mérida,248192,VE,http://www.wikidata.org/entity/Q717
Sibu,247995,MY,http://www.wikidata.org/entity/Q833
Espoo,247970,FI,http://www.wikidata.org/entity/Q33
Beykoz,247875,TR,http://www.wikidata.org/entity/Q43
Paraná,247863,AR,http://www.wikidata.org/entity/Q414
Sahiwal,247706,PK,http://www.wikidata.org/entity/Q843
Isparta,247580,TR,http://www.wikidata.org/entity/Q43
Americana,247571,BR,http://www.wikidata.org/entity/Q155
Santa Clara,247436,CU,http://www.wikidata.org/entity/Q241
Colombo,247268,BR,http://www.wikidata.org/entity/Q155
Yamagata,247234,JP,http://www.wikidata.org/entity/Q17
Khomeyni Shahr,247128,IR,http://www.wikidata.org/entity/Q794
Swansea,246700,GB,http://www.wikidata.org/entity/Q145
Tsukuba,246647,JP,http://www.wikidata.org/entity/Q17
São José,246586,BR,http://www.wikidata.org/entity/Q155
Colombo,246540,BR,http://www.wikidata.org/entity/Q155
Macaé,246391,BR,http://www.wikidata.org/entity/Q155
Louisville,246161,US,http://www.wikidata.org/entity/Q30
Garland,246018,US,http://www.wikidata.org/entity/Q30
Palhoça,245477,BR,http://www.wikidata.org/entity/Q155
Águas Lindas de Goiás,245352,BR,http://www.wikidata.org/entity/Q155
Rivne,245289,UA,http://www.wikidata.org/entity/Q212
Gdynia,245222,PL,http://www.wikidata.org/entity/Q36
Baranagar,245213,IN,http://www.wikidata.org/entity/Q668
Lira City,245132,UG,http://www.wikidata.org/entity/Q1036
Syktyvkar,245083,RU,http://www.wikidata.org/entity/Q159
Stoke-on-Trent,245000,GB,http://www.wikidata.org/entity/Q145
Rondonópolis,244911,BR,http://www.wikidata.org/entity/Q155
Cotia,244694,BR,http://www.wikidata.org/entity/Q155
São José de Ribamar,244579,BR,http://www.wikidata.org/entity/Q155
Espoo,244330,FI,http://www.wikidata.org/entity/Q33
Merlo,244168,AR,http://www.wikidata.org/entity/Q414
Portoviejo,244129,EC,http://www.wikidata.org/entity/Q736
Torreón,244000,MX,http://www.wikidata.org/entity/Q96
Juazeiro,243896,BR,http://www.wikidata.org/entity/Q155
Fuji,243739,JP,http://www.wikidata.org/entity/Q17
Colombo,243726,BR,http://www.wikidata.org/entity/Q155
Sabzevar,243700,IR,http://www.wikidata.org/entity/Q794
Santa Maria,243611,BR,http://www.wikidata.org/entity/Q155
Marabá,243583,BR,http://www.wikidata.org/entity/Q155
Dourados,243367,BR,http://www.wikidata.org/entity/Q155
Bahir Dar,243300,ET,http://www.wikidata.org/entity/Q115
Myitkyina,243031,MM,http://www.wikidata.org/entity/Q836
Camaçari,242970,BR,http://www.wikidata.org/entity/Q155
São José,242927,BR,http://www.wikidata.org/entity/Q155
Tuy Hòa,242840,VN,http://www.wikidata.org/entity/Q881
Sasebo,242664,JP,http://www.wikidata.org/entity/Q17
Biratnagar,242548,NP,http://www.wikidata.org/entity/Q837
Chigasaki,242347,JP,http://www.wikidata.org/entity/Q17
Kahama,242208,TZ,http://www.wikidata.org/entity/Q924
Halle (Saale),242172,DE,http://www.wikidata.org/entity/Q183
Volta Redonda,242063,BR,http://www.wikidata.org/entity/Q155
Al Mokattam,242009,EG,http://www.wikidata.org/entity/Q79
Man,241969,CI,http://www.wikidata.org/entity/Q1008
Sete Lagoas,241835,BR,http://www.wikidata.org/entity/Q155
Colón City,241817,PA,http://www.wikidata.org/entity/Q804
Colombo,241672,BR,http://www.wikidata.org/entity/Q155
Haeju,241599,KP,http://www.wikidata.org/entity/Q423
Espoo,241565,FI,http://www.wikidata.org/entity/Q33
Colombo,241505,BR,http://www.wikidata.org/entity/Q155
Scottsdale,241361,US,http://www.wikidata.org/entity/Q30
Cibinong,241232,ID,http://www.wikidata.org/entity/Q252
Viamão,241190,BR,http://www.wikidata.org/entity/Q155
Uberlândia,240967,BR,http://www.wikidata.org/entity/Q155
Nizhnekamsk,240842,RU,http://www.wikidata.org/entity/Q159
Colombo,240840,BR,http://www.wikidata.org/entity/Q155
Colombo,240720,BR,http://www.wikidata.org/entity/Q155
Düzce,240633,TR,http://www.wikidata.org/entity/Q43
Águas Lindas de Goiás,240613,BR,http://www.wikidata.org/entity/Q155
Marília,240590,BR,http://www.wikidata.org/entity/Q155
Tarapoto,240453,PE,http://www.wikidata.org/entity/Q419
São Leopoldo,240378,BR,http://www.wikidata.org/entity/Q155
Chōfu,240359,JP,http://www.wikidata.org/entity/Q17
Viamão,240302,BR,http://www.wikidata.org/entity/Q155
Jacareí,240275,BR,http://www.wikidata.org/entity/Q155
Anju,240117,KP,http://www.wikidata.org/entity/Q423
Magdeburg,240114,DE,http://www.wikidata.org/entity/Q183
Andimeshk,240113,IR,http://www.wikidata.org/entity/Q794
Taganrog,240055,RU,http://www.wikidata.org/entity/Q159
Várzea Grande,240038,BR,http://www.wikidata.org/entity/Q155
Horlivka,239828,UA,http://www.wikidata.org/entity/Q212
São José,239718,BR,http://www.wikidata.org/entity/Q155
Kota Probolinggo,239649,ID,http://www.wikidata.org/entity/Q252
Rondonópolis,239613,BR,http://www.wikidata.org/entity/Q155
Viamão,239384,BR,http://www.wikidata.org/entity/Q155
Hunchun,239359,CN,http://www.wikidata.org/entity/Q148
Yamato,239146,JP,http://www.wikidata.org/entity/Q17
Matsumoto,239115,JP,http://www.wikidata.org/entity/Q17
Chimoio,238976,MZ,http://www.wikidata.org/entity/Q1029
Nyingchi,238936,CN,http://www.wikidata.org/entity/Q148
Marabá,238708,BR,http://www.wikidata.org/entity/Q155
São Leopoldo,238648,BR,http://www.wikidata.org/entity/Q155
Arlington,238643,US,http://www.wikidata.org/entity/Q30
Ormoc,238545,PH,http://www.wikidata.org/entity/Q928
Cabo Frio,238438,BR,http://www.wikidata.org/entity/Q155
Tarsus,238276,TR,http://www.wikidata.org/entity/Q43
Lille,238246,FR,http://www.wikidata.org/entity/Q142
Ivano-Frankivsk,238196,UA,http://www.wikidata.org/entity/Q212
Cabo Frio,238166,BR,http://www.wikidata.org/entity/Q155
González Catán,238067,AR,http://www.wikidata.org/entity/Q414
Espoo,238047,FI,http://www.wikidata.org/entity/Q33
Q49231,238005,US,http://www.wikidata.org/entity/Q30
Várzea Grande,237925,BR,http://www.wikidata.org/entity/Q155
Juazeiro,237821,BR,http://www.wikidata.org/entity/Q155
Cotia,237750,BR,http://www.wikidata.org/entity/Q155
Juazeiro,237627,BR,http://www.wikidata.org/entity/Q155
Brașov,237589,RO,http://www.wikidata.org/entity/Q218
Saint-Louis,237563,SN,http://www.wikidata.org/entity/Q1041
Amol,237528,IR,http://www.wikidata.org/entity/Q794
Colombo,237402,BR,http://www.wikidata.org/entity/Q155
Faridpur,237266,BD,http://www.wikidata.org/entity/Q902
Freiburg im Breisgau,237244,DE,http://www.wikidata.org/entity/Q183
Thiès,237215,SN,http://www.wikidata.org/entity/Q1041
Tokchon,237133,KP,http://www.wikidata.org/entity/Q423
Mirpur Khas,236961,PK,http://www.wikidata.org/entity/Q843
São Leopoldo,236835,BR,http://www.wikidata.org/entity/Q155
Pyongsong,236583,KP,http://www.wikidata.org/entity/Q423
Centurion,236580,ZA,http://www.wikidata.org/entity/Q258
Petah Tikva,236169,IL,http://www.wikidata.org/entity/Q801
Abha,236157,SA,http://www.wikidata.org/entity/Q851
Minya,236043,EG,http://www.wikidata.org/entity/Q79
Rondonópolis,236042,BR,http://www.wikidata.org/entity/Q155
São José,236029,BR,http://www.wikidata.org/entity/Q155
Iseyin,236000,NG,http://www.wikidata.org/entity/Q1033
Gaborone,235884,BW,http://www.wikidata.org/entity/Q963
Novo Hamburgo,235802,BR,http://www.wikidata.org/entity/Q155
Oral,235764,KZ,http://www.wikidata.org/entity/Q232
Boise,235684,US,http://www.wikidata.org/entity/Q30
El Jadida,235681,MA,http://www.wikidata.org/entity/Q1028
Vũng Tàu,235606,VN,http://www.wikidata.org/entity/Q881
Zinder,235605,NE,http://www.wikidata.org/entity/Q1032
Uluberia,235345,IN,http://www.wikidata.org/entity/Q668
Banda Aceh,235305,ID,http://www.wikidata.org/entity/Q252
Najafabad,235281,IR,http://www.wikidata.org/entity/Q794
Bayamo,235107,CU,http://www.wikidata.org/entity/Q241
Espoo,235019,FI,http://www.wikidata.org/entity/Q33
Georgetown,235017,GY,http://www.wikidata.org/entity/Q734
Borujerd,234997,IR,http://www.wikidata.org/entity/Q794
São Leopoldo,234947,BR,http://www.wikidata.org/entity/Q155
Colombo,234941,BR,http://www.wikidata.org/entity/Q155
Arapiraca,234696,BR,http://www.wikidata.org/entity/Q155
Camaçari,234558,BR,http://www.wikidata.org/entity/Q155
Miri,234541,MY,http://www.wikidata.org/entity/Q833
Maracanaú,234509,BR,http://www.wikidata.org/entity/Q155
Kasulu,234452,TZ,http://www.wikidata.org/entity/Q924
Feni,234350,BD,http://www.wikidata.org/entity/Q902
Porto-Novo,234168,BJ,http://www.wikidata.org/entity/Q962
Craiova,234140,RO,http://www.wikidata.org/entity/Q218
Cabo Frio,234077,BR,http://www.wikidata.org/entity/Q155
Ponta Grossa,233984,BR,http://www.wikidata.org/entity/Q155
Purwokerto,233865,ID,http://www.wikidata.org/entity/Q252
Cotia,233696,BR,http://www.wikidata.org/entity/Q155
Bo,233684,SL,http://www.wikidata.org/entity/Q1044
Marabá,233669,BR,http://www.wikidata.org/entity/Q155
Terrassa,233270,ES,http://www.wikidata.org/entity/Q29
Anyang,233172,KR,http://www.wikidata.org/entity/Q884
Franca,233098,BR,http://www.wikidata.org/entity/Q155
Bahía Blanca,233000,AR,http://www.wikidata.org/entity/Q414
Ipswich,232930,AU,http://www.wikidata.org/entity/Q408
San Miguel,232887,SV,http://www.wikidata.org/entity/Q792
M'Bour,232777,SN,http://www.wikidata.org/entity/Q1041
Gravataí,232629,BR,http://www.wikidata.org/entity/Q155
Rondonópolis,232491,BR,http://www.wikidata.org/entity/Q155
Colombo,232432,BR,http://www.wikidata.org/entity/Q155
Kigoma,232388,TZ,http://www.wikidata.org/entity/Q924
Okara,232386,PK,http://www.wikidata.org/entity/Q843
Saga,232359,JP,http://www.wikidata.org/entity/Q17
São José,232309,BR,http://www.wikidata.org/entity/Q155
Colombo,232212,BR,http://www.wikidata.org/entity/Q155
Talca,232131,CL,http://www.wikidata.org/entity/Q298
Viamão,232113,BR,http://www.wikidata.org/entity/Q155
Beni,232000,CD,http://www.wikidata.org/entity/Q974
Viamão,231996,BR,http://www.wikidata.org/entity/Q155
Jiayuguan City,231853,CN,http://www.wikidata.org/entity/Q148
Porto,231800,PT,http://www.wikidata.org/entity/Q45
Espoo,231704,FI,http://www.wikidata.org/entity/Q33
Santa Luzia,231607,BR,http://www.wikidata.org/entity/Q155
Badalona,231542,ES,http://www.wikidata.org/entity/Q29
Abadan,231476,IR,http://www.wikidata.org/entity/Q794
Rancagua,231370,CL,http://www.wikidata.org/entity/Q298
Geoje,231353,KR,http://www.wikidata.org/entity/Q884
Divinópolis,231091,BR,http://www.wikidata.org/entity/Q155
São Leopoldo,230914,BR,http://www.wikidata.org/entity/Q155
Rennes,230890,FR,http://www.wikidata.org/entity/Q142
Muttrah,230881,OM,http://www.wikidata.org/entity/Q842
Fresnillo,230865,MX,http://www.wikidata.org/entity/Q96
Türkmenabat,230861,TM,http://www.wikidata.org/entity/Q874
Fremont,230504,US,http://www.wikidata.org/entity/Q30
Santa Luzia,230382,BR,http://www.wikidata.org/entity/Q155
Cabo Frio,230378,BR,http://www.wikidata.org/entity/Q155
Singkawang,230376,ID,http://www.wikidata.org/entity/Q252
Merca,230100,SO,http://www.wikidata.org/entity/Q1045
Barishal,230000,BD,http://www.wikidata.org/entity/Q902
Pali,229956,IN,http://www.wikidata.org/entity/Q668
Colombo,229872,BR,http://www.wikidata.org/entity/Q155
Osan,229792,KR,http://www.wikidata.org/entity/Q884
São Leopoldo,229678,BR,http://www.wikidata.org/entity/Q155
Windsor,229660,CA,http://www.wikidata.org/entity/Q16
Cotia,229548,BR,http://www.wikidata.org/entity/Q155
Santa Luzia,229483,BR,http://www.wikidata.org/entity/Q155
Ordu,229214,TR,http://www.wikidata.org/entity/Q43
Spokane,228989,US,http://www.wikidata.org/entity/Q30
Kasukabe,228975,JP,http://www.wikidata.org/entity/Q17
Bojnord,228931,IR,http://www.wikidata.org/entity/Q794
Uşak,228881,TR,http://www.wikidata.org/entity/Q43
Rondonópolis,228857,BR,http://www.wikidata.org/entity/Q155
Vizianagaram,228720,IN,http://www.wikidata.org/entity/Q668
Suzano,228690,BR,http://www.wikidata.org/entity/Q155
Santa Clarita,228673,US,http://www.wikidata.org/entity/Q30
São José,228561,BR,http://www.wikidata.org/entity/Q155
Krefeld,228550,DE,http://www.wikidata.org/entity/Q183
Guantánamo,228436,CU,http://www.wikidata.org/entity/Q241
São Leopoldo,228370,BR,http://www.wikidata.org/entity/Q155
Magé,228127,BR,http://www.wikidata.org/entity/Q155
Londrina,228101,BR,http://www.wikidata.org/entity/Q155
Meycauayan,228023,PH,http://www.wikidata.org/entity/Q928
Neyagawa,227997,JP,http://www.wikidata.org/entity/Q17
Dourados,227990,BR,http://www.wikidata.org/entity/Q155
Camaçari,227955,BR,http://www.wikidata.org/entity/Q155
Nassau,227940,BS,http://www.wikidata.org/entity/Q778
Trece Martires,227892,PH,http://www.wikidata.org/entity/Q928
Tripoli,227857,LB,http://www.wikidata.org/entity/Q822
Ipatinga,227731,BR,http://www.wikidata.org/entity/Q155
Espoo,227472,FI,http://www.wikidata.org/entity/Q33
Baton Rouge,227470,US,http://www.wikidata.org/entity/Q30
Pristina,227466,XK,http://www.wikidata.org/entity/Q1246
Pristina,227466,RS,http://www.wikidata.org/entity/Q403
Santa Luzia,227438,BR,http://www.wikidata.org/entity/Q155
Viamão,227429,BR,http://www.wikidata.org/entity/Q155
Colombo,227220,BR,http://www.wikidata.org/entity/Q155
Daşoguz,227184,TM,http://www.wikidata.org/entity/Q874
Turkistan,227098,KZ,http://www.wikidata.org/entity/Q232
São Leopoldo,226988,BR,http://www.wikidata.org/entity/Q155
Kamyanske,226845,UA,http://www.wikidata.org/entity/Q212
Q59799,226772,PH,http://www.wikidata.org/entity/Q928
Ageo,226616,JP,http://www.wikidata.org/entity/Q17
Richmond,226610,US,http://www.wikidata.org/entity/Q30
Regina,226404,CA,http://www.wikidata.org/entity/Q16
Najran,226250,SA,http://www.wikidata.org/entity/Q851
Tieli,225960,CN,http://www.wikidata.org/entity/Q148
São Leopoldo,225737,BR,http://www.wikidata.org/entity/Q155
Rio Verde,225696,BR,http://www.wikidata.org/entity/Q155
Águas Lindas de Goiás,225693,BR,http://www.wikidata.org/entity/Q155
São Leopoldo,225669,BR,http://www.wikidata.org/entity/Q155
Presidente Prudente,225668,BR,http://www.wikidata.org/entity/Q155
Padangsidimpuan,225544,ID,http://www.wikidata.org/entity/Q252
São Leopoldo,225520,BR,http://www.wikidata.org/entity/Q155
Dourados,225495,BR,http://www.wikidata.org/entity/Q155
Hunchun,225454,CN,http://www.wikidata.org/entity/Q148
San Lorenzo,225395,PY,http://www.wikidata.org/entity/Q733
Sabadell,225368,ES,http://www.wikidata.org/entity/Q29
Cotia,225306,BR,http://www.wikidata.org/entity/Q155
Ternopil,225238,UA,http://www.wikidata.org/entity/Q212
Nadiad,225132,IN,http://www.wikidata.org/entity/Q668
Toamasina,225116,MG,http://www.wikidata.org/entity/Q1019
Bahía Blanca,225100,AR,http://www.wikidata.org/entity/Q414
Vitória da Conquista,225091,BR,http://www.wikidata.org/entity/Q155
Daura,224884,NG,http://www.wikidata.org/entity/Q1033
Mutare,224804,ZW,http://www.wikidata.org/entity/Q954
São José,224779,BR,http://www.wikidata.org/entity/Q155
Keur Massar Nord,224765,SN,http://www.wikidata.org/entity/Q1041
Carlos Manuel de Céspedes,224488,CU,http://www.wikidata.org/entity/Q241
Niğde,224289,TR,http://www.wikidata.org/entity/Q43
Itaboraí,224267,BR,http://www.wikidata.org/entity/Q155
Espoo,224231,FI,http://www.wikidata.org/entity/Q33
Puerto Vallarta,224166,MX,http://www.wikidata.org/entity/Q96
Viamão,224112,BR,http://www.wikidata.org/entity/Q155
Takarazuka,224055,JP,http://www.wikidata.org/entity/Q17
Chapecó,224013,BR,http://www.wikidata.org/entity/Q155
Toluca de Lerdo,223876,MX,http://www.wikidata.org/entity/Q96
Atsugi,223815,JP,http://www.wikidata.org/entity/Q17
Sinop,223780,BR,http://www.wikidata.org/entity/Q155
Paramaribo,223757,SR,http://www.wikidata.org/entity/Q730
Ilhéus,223750,BR,http://www.wikidata.org/entity/Q155
Valencia,223620,PH,http://www.wikidata.org/entity/Q928
Kostanay,223558,KZ,http://www.wikidata.org/entity/Q232
Bushehr,223504,IR,http://www.wikidata.org/entity/Q794
Itapevi,223404,BR,http://www.wikidata.org/entity/Q155
Sidoarjo,223231,ID,http://www.wikidata.org/entity/Q252
Probolinggo,223159,ID,http://www.wikidata.org/entity/Q252
Hialeah,223109,US,http://www.wikidata.org/entity/Q30
Torreón,223104,MX,http://www.wikidata.org/entity/Q96
Dourados,222949,BR,http://www.wikidata.org/entity/Q155
Thanjavur,222943,IN,http://www.wikidata.org/entity/Q668
Ji'an,222938,CN,http://www.wikidata.org/entity/Q148
Mainz,222889,DE,http://www.wikidata.org/entity/Q183
Águas Lindas de Goiás,222850,BR,http://www.wikidata.org/entity/Q155
Kostanay,222816,KZ,http://www.wikidata.org/entity/Q232
Ōta-shi,222806,JP,http://www.wikidata.org/entity/Q17
Hachinohe,222799,JP,http://www.wikidata.org/entity/Q17
Veliky Novgorod,222669,RU,http://www.wikidata.org/entity/Q159
Petropavl,222636,KZ,http://www.wikidata.org/entity/Q232
Palhoça,222598,BR,http://www.wikidata.org/entity/Q155
Riohacha,222541,CO,http://www.wikidata.org/entity/Q739
Cabo Frio,222528,BR,http://www.wikidata.org/entity/Q155
Cork,222333,IE,http://www.wikidata.org/entity/Q27
Dili,222323,TL,http://www.wikidata.org/entity/Q574
Rondonópolis,222316,BR,http://www.wikidata.org/entity/Q155
Košice,222286,SK,http://www.wikidata.org/entity/Q214
Owo,222262,NG,http://www.wikidata.org/entity/Q1033
Formosa,222226,AR,http://www.wikidata.org/entity/Q414
Swindon,222193,GB,http://www.wikidata.org/entity/Q145
Cabo Frio,222161,BR,http://www.wikidata.org/entity/Q155
Ilhéus,222127,BR,http://www.wikidata.org/entity/Q155
Engels,222115,RU,http://www.wikidata.org/entity/Q159
San Bernardino,222101,US,http://www.wikidata.org/entity/Q30
Myeik,222056,MM,http://www.wikidata.org/entity/Q836
Katni,221883,IN,http://www.wikidata.org/entity/Q668
Golmud,221863,CN,http://www.wikidata.org/entity/Q148
Kushtia,221804,BD,http://www.wikidata.org/entity/Q902
Juazeiro,221773,BR,http://www.wikidata.org/entity/Q155
Guéckédougou,221715,GN,http://www.wikidata.org/entity/Q1006
Santa Luzia,221705,BR,http://www.wikidata.org/entity/Q155
Espoo,221597,FI,http://www.wikidata.org/entity/Q33
Luziânia,221262,BR,http://www.wikidata.org/entity/Q155
Tanga,221127,TZ,http://www.wikidata.org/entity/Q924
Changhua City,221048,TW,http://www.wikidata.org/entity/Q865
Dourados,220965,BR,http://www.wikidata.org/entity/Q155
Duékoué,220953,CI,http://www.wikidata.org/entity/Q1008
Cotia,220941,BR,http://www.wikidata.org/entity/Q155
Sambhal,220813,IN,http://www.wikidata.org/entity/Q668
San Felipe,220786,VE,http://www.wikidata.org/entity/Q717
Zhubei City,220662,TW,http://www.wikidata.org/entity/Q865
Caxias do Sul,220553,BR,http://www.wikidata.org/entity/Q155
Santa Luzia,220444,BR,http://www.wikidata.org/entity/Q155
Volta Redonda,220305,BR,http://www.wikidata.org/entity/Q155
La Vega,220279,DO,http://www.wikidata.org/entity/Q786
Juazeiro,220253,BR,http://www.wikidata.org/entity/Q155
La Plata,220184,AR,http://www.wikidata.org/entity/Q414
Ashdod,220174,IL,http://www.wikidata.org/entity/Q801
Thatta,220000,PK,http://www.wikidata.org/entity/Q843
Cabo Frio,219863,BR,http://www.wikidata.org/entity/Q155
Ilhéus,219710,BR,http://www.wikidata.org/entity/Q155
Khobar,219679,SA,http://www.wikidata.org/entity/Q851
Kropyvnytskyi,219676,UA,http://www.wikidata.org/entity/Q212
Lauro de Freitas,219564,BR,http://www.wikidata.org/entity/Q155
Juazeiro,219544,BR,http://www.wikidata.org/entity/Q155
Cuiabá,219477,BR,http://www.wikidata.org/entity/Q155
Tacoma,219346,US,http://www.wikidata.org/entity/Q30
Jacobabad,219315,PK,http://www.wikidata.org/entity/Q843
Ilhéus,219266,BR,http://www.wikidata.org/entity/Q155
Sohar,219264,OM,http://www.wikidata.org/entity/Q842
Süleymanpaşa district,219230,TR,http://www.wikidata.org/entity/Q43
Santa Luzia,219134,BR,http://www.wikidata.org/entity/Q155
Santa Luzia,219132,BR,http://www.wikidata.org/entity/Q155
Shakhty,219111,RU,http://www.wikidata.org/entity/Q159
Lübeck,219044,DE,http://www.wikidata.org/entity/Q183
Zakho,219006,IQ,http://www.wikidata.org/entity/Q796
Rondonópolis,218899,BR,http://www.wikidata.org/entity/Q155
Santa Luzia,218897,BR,http://www.wikidata.org/entity/Q155
Luziânia,218872,BR,http://www.wikidata.org/entity/Q155
Parauapebas,218787,BR,http://www.wikidata.org/entity/Q155
Messina,218786,IT,http://www.wikidata.org/entity/Q38
Siliguri,218718,IN,http://www.wikidata.org/entity/Q668
Pangkal Pinang,218569,ID,http://www.wikidata.org/entity/Q252
Bitung,218520,ID,http://www.wikidata.org/entity/Q252
Modesto,218464,US,http://www.wikidata.org/entity/Q30
Juazeiro,218324,BR,http://www.wikidata.org/entity/Q155
Babylon,218223,US,http://www.wikidata.org/entity/Q30
Juazeiro,218162,BR,http://www.wikidata.org/entity/Q155
Santa Luzia,218147,BR,http://www.wikidata.org/entity/Q155
Dourados,218069,BR,http://www.wikidata.org/entity/Q155
Cabo de Santo Agostinho,218049,BR,http://www.wikidata.org/entity/Q155
Lauro de Freitas,217960,BR,http://www.wikidata.org/entity/Q155
Naihati,217900,IN,http://www.wikidata.org/entity/Q668
Galați,217851,RO,http://www.wikidata.org/entity/Q218
Águas Lindas de Goiás,217698,BR,http://www.wikidata.org/entity/Q155
Apapa,217661,NG,http://www.wikidata.org/entity/Q1033
Butembo,217625,CD,http://www.wikidata.org/entity/Q974
Santa Luzia,217610,BR,http://www.wikidata.org/entity/Q155
Santa Maria,217592,BR,http://www.wikidata.org/entity/Q155
Tapachula de Córdova y Ordóñez,217550,MX,http://www.wikidata.org/entity/Q96
Concepción,217537,CL,http://www.wikidata.org/entity/Q298
Oulu,217469,FI,http://www.wikidata.org/entity/Q33
Colombo,217443,BR,http://www.wikidata.org/entity/Q155
São Leopoldo,217409,BR,http://www.wikidata.org/entity/Q155
Apapa,217362,NG,http://www.wikidata.org/entity/Q1033
Netanya,217200,IL,http://www.wikidata.org/entity/Q801
São Leopoldo,217189,BR,http://www.wikidata.org/entity/Q155
San Pedro de Macorís,217141,DO,http://www.wikidata.org/entity/Q786
Alor Setar,217000,MY,http://www.wikidata.org/entity/Q833
Cabo de Santo Agostinho,216969,BR,http://www.wikidata.org/entity/Q155
Espoo,216836,FI,http://www.wikidata.org/entity/Q33
Juazeiro,216707,BR,http://www.wikidata.org/entity/Q155
José C. Paz,216637,AR,http://www.wikidata.org/entity/Q414
Banjarbaru,216600,ID,http://www.wikidata.org/entity/Q252
Juazeiro,216588,BR,http://www.wikidata.org/entity/Q155
Ayacucho,216444,PE,http://www.wikidata.org/entity/Q419
Santa Luzia,216254,BR,http://www.wikidata.org/entity/Q155
Wellington,216200,NZ,http://www.wikidata.org/entity/Q664
Cabo Frio,216030,BR,http://www.wikidata.org/entity/Q155
Sinop,216029,BR,http://www.wikidata.org/entity/Q155
Lutsk,215986,UA,http://www.wikidata.org/entity/Q212
Stary Oskol,215937,RU,http://www.wikidata.org/entity/Q159
Hortolândia,215819,BR,http://www.wikidata.org/entity/Q155
São Leopoldo,215664,BR,http://www.wikidata.org/entity/Q155
Dourados,215486,BR,http://www.wikidata.org/entity/Q155
Hebron,215452,PS,http://www.wikidata.org/entity/Q219060
Margilan,215400,UZ,http://www.wikidata.org/entity/Q265
Rondonópolis,215320,BR,http://www.wikidata.org/entity/Q155
Várzea Grande,215298,BR,http://www.wikidata.org/entity/Q155
São José,215278,BR,http://www.wikidata.org/entity/Q155
Kremenchuk,215271,UA,http://www.wikidata.org/entity/Q212
Colombo,215242,BR,http://www.wikidata.org/entity/Q155
Golmud,215214,CN,http://www.wikidata.org/entity/Q148
Erfurt,215199,DE,http://www.wikidata.org/entity/Q183
Juazeiro,215183,BR,http://www.wikidata.org/entity/Q155
San Rafael,215020,AR,http://www.wikidata.org/entity/Q414
Huntsville,215006,US,http://www.wikidata.org/entity/Q30
Samawah,215000,IQ,http://www.wikidata.org/entity/Q796
Kostanay,214961,KZ,http://www.wikidata.org/entity/Q232
Santa Luzia,214830,BR,http://www.wikidata.org/entity/Q155
Cúa,214823,VE,http://www.wikidata.org/entity/Q717
Móstoles,214817,ES,http://www.wikidata.org/entity/Q29
Passo Fundo,214811,BR,http://www.wikidata.org/entity/Q155
Juazeiro,214748,BR,http://www.wikidata.org/entity/Q155
Mokpo,214701,KR,http://www.wikidata.org/entity/Q884
Luziânia,214645,BR,http://www.wikidata.org/entity/Q155
Passo Fundo,214564,BR,http://www.wikidata.org/entity/Q155
La Victoria,214492,VE,http://www.wikidata.org/entity/Q717
Hurghada,214247,EG,http://www.wikidata.org/entity/Q79
Warnes,214216,BO,http://www.wikidata.org/entity/Q750
Des Moines,214133,US,http://www.wikidata.org/entity/Q30
São Leopoldo,214087,BR,http://www.wikidata.org/entity/Q155
Sikasso,213977,ML,http://www.wikidata.org/entity/Q912
Bouaflé,213967,CI,http://www.wikidata.org/entity/Q1008
Osan,213840,KR,http://www.wikidata.org/entity/Q884
Caruaru,213697,BR,http://www.wikidata.org/entity/Q155
Dodoma,213636,TZ,http://www.wikidata.org/entity/Q924
Sa Đéc,213610,VN,http://www.wikidata.org/entity/Q881
Parauapebas,213576,BR,http://www.wikidata.org/entity/Q155
El Tigre,213524,VE,http://www.wikidata.org/entity/Q717
Santa Luzia,213345,BR,http://www.wikidata.org/entity/Q155
Munger,213303,IN,http://www.wikidata.org/entity/Q668
Espoo,213271,FI,http://www.wikidata.org/entity/Q33
Çerkezköy,213243,TR,http://www.wikidata.org/entity/Q43
Cuiabá,212980,BR,http://www.wikidata.org/entity/Q155
Colombo,212967,BR,http://www.wikidata.org/entity/Q155
Sidi Bel Abbès,212935,DZ,http://www.wikidata.org/entity/Q262
Tangail,212887,BD,http://www.wikidata.org/entity/Q902
Ribeirão Preto,212879,BR,http://www.wikidata.org/entity/Q155
Dourados,212870,BR,http://www.wikidata.org/entity/Q155
Mallawi,212628,EG,http://www.wikidata.org/entity/Q79
São José,212586,BR,http://www.wikidata.org/entity/Q155
Tenochtitlan,212500,MX,http://www.wikidata.org/entity/Q96
Maricá,212470,BR,http://www.wikidata.org/entity/Q155
Águas Lindas de Goiás,212440,BR,http://www.wikidata.org/entity/Q155
Cabo Frio,212289,BR,http://www.wikidata.org/entity/Q155
Dinajpur,212275,BD,http://www.wikidata.org/entity/Q902
Kure,212159,JP,http://www.wikidata.org/entity/Q17
Maricá,211986,BR,http://www.wikidata.org/entity/Q155
Linz,211944,AT,http://www.wikidata.org/entity/Q40
Uberaba,211824,BR,http://www.wikidata.org/entity/Q155
Rondonópolis,211718,BR,http://www.wikidata.org/entity/Q155
São Leopoldo,211663,BR,http://www.wikidata.org/entity/Q155
La Rioja,211651,AR,http://www.wikidata.org/entity/Q414
Menouf,211635,EG,http://www.wikidata.org/entity/Q79
Yonkers,211569,US,http://www.wikidata.org/entity/Q30
Luziânia,211508,BR,http://www.wikidata.org/entity/Q155
Criciúma,211369,BR,http://www.wikidata.org/entity/Q155
City of Westminster,211365,GB,http://www.wikidata.org/entity/Q145
Rochester,211328,US,http://www.wikidata.org/entity/Q30
Panabo,211242,PH,http://www.wikidata.org/entity/Q928
Oberhausen,211099,DE,http://www.wikidata.org/entity/Q183
Chungju,211005,KR,http://www.wikidata.org/entity/Q884
Kabankalan,210893,PH,http://www.wikidata.org/entity/Q928
Ait Melloul,210870,MA,http://www.wikidata.org/entity/Q1028
Cabo de Santo Agostinho,210796,BR,http://www.wikidata.org/entity/Q155
Rostock,210795,DE,http://www.wikidata.org/entity/Q183
Legazpi,210616,PH,http://www.wikidata.org/entity/Q928
Q2207,210545,PH,http://www.wikidata.org/entity/Q928
Isesaki,210332,JP,http://www.wikidata.org/entity/Q17
Dourados,210218,BR,http://www.wikidata.org/entity/Q155
Angra dos Reis,210171,BR,http://www.wikidata.org/entity/Q155
São Leopoldo,210145,BR,http://www.wikidata.org/entity/Q155
Ilesa,210141,NG,http://www.wikidata.org/entity/Q1033
Luziânia,210064,BR,http://www.wikidata.org/entity/Q155
Richmond,209937,CA,http://www.wikidata.org/entity/Q16
São José,209804,BR,http://www.wikidata.org/entity/Q155
Saint-Louis,209752,SN,http://www.wikidata.org/entity/Q1041
Tanauan,209697,PH,http://www.wikidata.org/entity/Q928
Espoo,209667,FI,http://www.wikidata.org/entity/Q33
Burutu,209666,NG,http://www.wikidata.org/entity/Q1033
Turku,209633,FI,http://www.wikidata.org/entity/Q33
Jashore,209330,BD,http://www.wikidata.org/entity/Q902
Luziânia,209129,BR,http://www.wikidata.org/entity/Q155
Castanhal,209126,BR,http://www.wikidata.org/entity/Q155
Puerto Cabello,209080,VE,http://www.wikidata.org/entity/Q717
Geneva,209061,CH,http://www.wikidata.org/entity/Q39
Cotia,209027,BR,http://www.wikidata.org/entity/Q155
Icheon,209003,KR,http://www.wikidata.org/entity/Q884
Beersheba,209000,IL,http://www.wikidata.org/entity/Q801
Bila Tserkva,208944,UA,http://www.wikidata.org/entity/Q212
Cabo de Santo Agostinho,208944,BR,http://www.wikidata.org/entity/Q155
Guarenas,208663,VE,http://www.wikidata.org/entity/Q717
Moreno Valley,208634,US,http://www.wikidata.org/entity/Q30
Fayetteville,208501,US,http://www.wikidata.org/entity/Q30
Cabo Frio,208451,BR,http://www.wikidata.org/entity/Q155
Araçatuba,208415,BR,http://www.wikidata.org/entity/Q155
York,208400,GB,http://www.wikidata.org/entity/Q145
Fontana,208393,US,http://www.wikidata.org/entity/Q30
San Carlos,208330,PH,http://www.wikidata.org/entity/Q928
Luziânia,208299,BR,http://www.wikidata.org/entity/Q155
Parauapebas,208273,BR,http://www.wikidata.org/entity/Q155
Lubuk Linggau,208225,ID,http://www.wikidata.org/entity/Q252
Rondonópolis,208019,BR,http://www.wikidata.org/entity/Q155
Kota Pasuruan,208006,ID,http://www.wikidata.org/entity/Q252
Pelotas,207869,BR,http://www.wikidata.org/entity/Q155
Zamora de Hidalgo,207860,MX,http://www.wikidata.org/entity/Q96
Chungju,207839,KR,http://www.wikidata.org/entity/Q884
Limeira,207770,BR,http://www.wikidata.org/entity/Q155
Luziânia,207674,BR,http://www.wikidata.org/entity/Q155
Quetzaltenango,207620,GT,http://www.wikidata.org/entity/Q774
Kharagpur,207604,IN,http://www.wikidata.org/entity/Q668
Castanhal,207603,BR,http://www.wikidata.org/entity/Q155
Dourados,207498,BR,http://www.wikidata.org/entity/Q155
Monywa,207489,MM,http://www.wikidata.org/entity/Q836
Nishitōkyō-shi,207436,JP,http://www.wikidata.org/entity/Q17
Dindigul,207327,IN,http://www.wikidata.org/entity/Q668
Kimchaek,207299,KP,http://www.wikidata.org/entity/Q423
Águas Lindas de Goiás,207070,BR,http://www.wikidata.org/entity/Q155
Cabo de Santo Agostinho,207048,BR,http://www.wikidata.org/entity/Q155
Angra dos Reis,207044,BR,http://www.wikidata.org/entity/Q155
Morogoro,207000,TZ,http://www.wikidata.org/entity/Q924
Columbus,206922,US,http://www.wikidata.org/entity/Q30
San Luis,206921,AR,http://www.wikidata.org/entity/Q414
Gangneung,206780,KR,http://www.wikidata.org/entity/Q884
Toledo,206692,PH,http://www.wikidata.org/entity/Q928
Solihull,206674,GB,http://www.wikidata.org/entity/Q145
Damietta,206664,EG,http://www.wikidata.org/entity/Q79
Geneva,206635,CH,http://www.wikidata.org/entity/Q39
Shimla,206575,IN,http://www.wikidata.org/entity/Q668
Worcester,206518,US,http://www.wikidata.org/entity/Q30
Padua,206496,IT,http://www.wikidata.org/entity/Q38
Pagadian,206483,PH,http://www.wikidata.org/entity/Q928
Nacala,206449,MZ,http://www.wikidata.org/entity/Q1029
Passo Fundo,206215,BR,http://www.wikidata.org/entity/Q155
Dinajpur,206200,BD,http://www.wikidata.org/entity/Q902
Passo Fundo,206103,BR,http://www.wikidata.org/entity/Q155
Castanhal,205667,BR,http://www.wikidata.org/entity/Q155
Santa Luzia,205666,BR,http://www.wikidata.org/entity/Q155
Malda,205521,IN,http://www.wikidata.org/entity/Q668
Phan Thiết,205333,VN,http://www.wikidata.org/entity/Q881
Ziguinchor,205294,SN,http://www.wikidata.org/entity/Q1041
Cotia,205154,BR,http://www.wikidata.org/entity/Q155
Cabo de Santo Agostinho,205112,BR,http://www.wikidata.org/entity/Q155
Luziânia,205023,BR,http://www.wikidata.org/entity/Q155
Qaem Shahr,204953,IR,http://www.wikidata.org/entity/Q794
Mbuji-Mayi,204923,CD,http://www.wikidata.org/entity/Q974
Port St. Lucie,204851,US,http://www.wikidata.org/entity/Q30
Częstochowa,204730,PL,http://www.wikidata.org/entity/Q36
Passo Fundo,204722,BR,http://www.wikidata.org/entity/Q155
Córdoba,204721,MX,http://www.wikidata.org/entity/Q96
Kassel,204687,DE,http://www.wikidata.org/entity/Q183
Lauro de Freitas,204669,BR,http://www.wikidata.org/entity/Q155
Biskra,204661,DZ,http://www.wikidata.org/entity/Q262
Bingerville,204656,CI,http://www.wikidata.org/entity/Q1008
Cabo de Santo Agostinho,204653,BR,http://www.wikidata.org/entity/Q155
Cabo Frio,204486,BR,http://www.wikidata.org/entity/Q155
Arish,204391,EG,http://www.wikidata.org/entity/Q79
Yeumbeul Nord,204375,SN,http://www.wikidata.org/entity/Q1041
Mpanda,204338,TZ,http://www.wikidata.org/entity/Q924
Santa Luzia,204327,BR,http://www.wikidata.org/entity/Q155
Q81046,204322,BE,http://www.wikidata.org/entity/Q31
São José dos Pinhais,204316,BR,http://www.wikidata.org/entity/Q155
Ternate,204215,ID,http://www.wikidata.org/entity/Q252
Babruysk,204103,BY,http://www.wikidata.org/entity/Q184
Coquimbo,204068,CL,http://www.wikidata.org/entity/Q298
Tekirdağ,204001,TR,http://www.wikidata.org/entity/Q43
Geneva,203951,CH,http://www.wikidata.org/entity/Q39
Geneva,203856,CH,http://www.wikidata.org/entity/Q39
Geneva,203840,CH,http://www.wikidata.org/entity/Q39
Luziânia,203800,BR,http://www.wikidata.org/entity/Q155
Angra dos Reis,203785,BR,http://www.wikidata.org/entity/Q155
Eluru,203780,IN,http://www.wikidata.org/entity/Q668
Birjand,203636,IR,http://www.wikidata.org/entity/Q794
La Guaira,203520,VE,http://www.wikidata.org/entity/Q717
Loja,203496,EC,http://www.wikidata.org/entity/Q736
Burewala,203454,PK,http://www.wikidata.org/entity/Q843
Cabo de Santo Agostinho,203440,BR,http://www.wikidata.org/entity/Q155
Nova Friburgo,203417,BR,http://www.wikidata.org/entity/Q155
Banjar,203417,ID,http://www.wikidata.org/entity/Q252
Geneva,203401,CH,http://www.wikidata.org/entity/Q39
Lauro de Freitas,203331,BR,http://www.wikidata.org/entity/Q155
Nova Friburgo,203328,BR,http://www.wikidata.org/entity/Q155
Passo Fundo,203275,BR,http://www.wikidata.org/entity/Q155
Castanhal,203251,BR,http://www.wikidata.org/entity/Q155
Deoghar,203116,IN,http://www.wikidata.org/entity/Q668
Marabá,203049,BR,http://www.wikidata.org/entity/Q155
Sobral,203023,BR,http://www.wikidata.org/entity/Q155
Tanjungpinang,203008,ID,http://www.wikidata.org/entity/Q252
Santa Luzia,202942,BR,http://www.wikidata.org/entity/Q155
Baure,202941,NG,http://www.wikidata.org/entity/Q1033
Parauapebas,202882,BR,http://www.wikidata.org/entity/Q155
Cabo San Lucas,202694,MX,http://www.wikidata.org/entity/Q96
Cabo de Santo Agostinho,202636,BR,http://www.wikidata.org/entity/Q155
Little Rock,202591,US,http://www.wikidata.org/entity/Q30
Iringa,202490,TZ,http://www.wikidata.org/entity/Q924
Parauapebas,202356,BR,http://www.wikidata.org/entity/Q155
Tamale,202317,GH,http://www.wikidata.org/entity/Q117
Rondonópolis,202309,BR,http://www.wikidata.org/entity/Q155
Luxor,202232,EG,http://www.wikidata.org/entity/Q79
Arica,202131,CL,http://www.wikidata.org/entity/Q298
Debrecen,202130,HU,http://www.wikidata.org/entity/Q28
Las Tunas,202105,CU,http://www.wikidata.org/entity/Q241
Augusta,202081,US,http://www.wikidata.org/entity/Q30
Oxnard,202063,US,http://www.wikidata.org/entity/Q30
Richmond Hill,202022,CA,http://www.wikidata.org/entity/Q16
Osogbo,201900,NG,http://www.wikidata.org/entity/Q1033
Comodoro Rivadavia,201854,AR,http://www.wikidata.org/entity/Q414
Koronadal,201844,PH,http://www.wikidata.org/entity/Q928
Geneva,201818,CH,http://www.wikidata.org/entity/Q39
Matsue,201802,JP,http://www.wikidata.org/entity/Q17
Passo Fundo,201767,BR,http://www.wikidata.org/entity/Q155
São José,201746,BR,http://www.wikidata.org/entity/Q155
Geneva,201741,CH,http://www.wikidata.org/entity/Q39
Lauro de Freitas,201635,BR,http://www.wikidata.org/entity/Q155
Tarakan,201635,ID,http://www.wikidata.org/entity/Q252
Radom,201601,PL,http://www.wikidata.org/entity/Q36
Lashkar Gah,201546,AF,http://www.wikidata.org/entity/Q889
Juazeiro,201499,BR,http://www.wikidata.org/entity/Q155
Rio Claro,201418,BR,http://www.wikidata.org/entity/Q155
Maroua,201371,CM,http://www.wikidata.org/entity/Q1009
Cajamarca,201329,PE,http://www.wikidata.org/entity/Q419
Qena,201191,EG,http://www.wikidata.org/entity/Q79
Mai'Adua,201178,NG,http://www.wikidata.org/entity/Q1033
Cotia,201150,BR,http://www.wikidata.org/entity/Q155
Puri,201026,IN,http://www.wikidata.org/entity/Q668
Jaboatão dos Guararapes,200975,BR,http://www.wikidata.org/entity/Q155
Haldia,200827,IN,http://www.wikidata.org/entity/Q668
Castanhal,200793,BR,http://www.wikidata.org/entity/Q155
Kamsar,200748,GN,http://www.wikidata.org/entity/Q1006
Birmingham,200733,US,http://www.wikidata.org/entity/Q30
Dourados,200729,BR,http://www.wikidata.org/entity/Q155
Aberdeen,200680,GB,http://www.wikidata.org/entity/Q145
Montgomery,200603,US,http://www.wikidata.org/entity/Q30
Huacho,200585,PE,http://www.wikidata.org/entity/Q419
Geneva,200548,CH,http://www.wikidata.org/entity/Q39
Cabo de Santo Agostinho,200546,BR,http://www.wikidata.org/entity/Q155
Yachiyo,200538,JP,http://www.wikidata.org/entity/Q17
Frisco,200509,US,http://www.wikidata.org/entity/Q30
Angra dos Reis,200407,BR,http://www.wikidata.org/entity/Q155
Amarillo,200393,US,http://www.wikidata.org/entity/Q30
Cabo Frio,200380,BR,http://www.wikidata.org/entity/Q155
Bouskoura,200359,MA,http://www.wikidata.org/entity/Q1028
Nagareyama,200298,JP,http://www.wikidata.org/entity/Q17
Guacara,200212,VE,http://www.wikidata.org/entity/Q717
Canton of Basel-Stadt,200031,CH,http://www.wikidata.org/entity/Q39
Sidon,200000,LB,http://www.wikidata.org/entity/Q822
Khorramabad,200000,IR,http://www.wikidata.org/entity/Q794
Río Cuarto,200000,AR,http://www.wikidata.org/entity/Q414
Marabá,199946,BR,http://www.wikidata.org/entity/Q155
Lahad Datu,199830,MY,http://www.wikidata.org/entity/Q833
Bojnord,199791,IR,http://www.wikidata.org/entity/Q794
Juazeiro,199761,BR,http://www.wikidata.org/entity/Q155
Salt Lake City,199723,US,http://www.wikidata.org/entity/Q30
Sirjan,199704,IR,http://www.wikidata.org/entity/Q794
Luziânia,199615,BR,http://www.wikidata.org/entity/Q155
São José,199280,BR,http://www.wikidata.org/entity/Q155
Uberaba,199208,BR,http://www.wikidata.org/entity/Q155
Geneva,198979,CH,http://www.wikidata.org/entity/Q39
Alcalá de Henares,198975,ES,http://www.wikidata.org/entity/Q29
Rondonópolis,198949,BR,http://www.wikidata.org/entity/Q155
Grand Rapids,198917,US,http://www.wikidata.org/entity/Q30
Valparaíso de Goiás,198861,BR,http://www.wikidata.org/entity/Q155
Khoy,198845,IR,http://www.wikidata.org/entity/Q794
Passo Fundo,198799,BR,http://www.wikidata.org/entity/Q155
Trondheim,198777,NO,http://www.wikidata.org/entity/Q20
Huntington Beach,198711,US,http://www.wikidata.org/entity/Q30
Khujand,198700,TJ,http://www.wikidata.org/entity/Q863
Itami,198522,JP,http://www.wikidata.org/entity/Q17
Amroha,198471,IN,http://www.wikidata.org/entity/Q668
Lauro de Freitas,198440,BR,http://www.wikidata.org/entity/Q155
Lunga Lunga,198423,KE,http://www.wikidata.org/entity/Q114
Dourados,198421,BR,http://www.wikidata.org/entity/Q155
Trieste,198417,IT,http://www.wikidata.org/entity/Q38
Cabo de Santo Agostinho,198383,BR,http://www.wikidata.org/entity/Q155
Cachoeiro de Itapemirim,198342,BR,http://www.wikidata.org/entity/Q155
Castanhal,198294,BR,http://www.wikidata.org/entity/Q155
Toruń,198273,PL,http://www.wikidata.org/entity/Q36
Belbis,198167,EG,http://www.wikidata.org/entity/Q79
Geneva,198072,CH,http://www.wikidata.org/entity/Q39
Juazeiro,197965,BR,http://www.wikidata.org/entity/Q155
Chakradharpur,197953,IN,http://www.wikidata.org/entity/Q668
Passo Fundo,197798,BR,http://www.wikidata.org/entity/Q155
Bhiwani,197662,IN,http://www.wikidata.org/entity/Q668
Tarabo,197658,BD,http://www.wikidata.org/entity/Q902
Lauro de Freitas,197636,BR,http://www.wikidata.org/entity/Q155
Hobart,197451,AU,http://www.wikidata.org/entity/Q408
Tocuyito,197446,VE,http://www.wikidata.org/entity/Q717
Higashihiroshima,197347,JP,http://www.wikidata.org/entity/Q17
Maricá,197277,BR,http://www.wikidata.org/entity/Q155
La Ceiba,197267,HN,http://www.wikidata.org/entity/Q783
Overland Park,197238,US,http://www.wikidata.org/entity/Q30
Zakho,197000,IQ,http://www.wikidata.org/entity/Q796
Kodaira,196959,JP,http://www.wikidata.org/entity/Q17
Rason,196954,KP,http://www.wikidata.org/entity/Q423
Luziânia,196864,BR,http://www.wikidata.org/entity/Q155
Parma,196764,IT,http://www.wikidata.org/entity/Q38
Passo Fundo,196739,BR,http://www.wikidata.org/entity/Q155
Lokoja,196643,NG,http://www.wikidata.org/entity/Q1033
Huánuco,196627,PE,http://www.wikidata.org/entity/Q419
San Lorenzo,196568,AR,http://www.wikidata.org/entity/Q414
Glendale,196543,US,http://www.wikidata.org/entity/Q30
Kusong,196515,KP,http://www.wikidata.org/entity/Q423
Brescia,196446,IT,http://www.wikidata.org/entity/Q38
Cox's Bazar,196374,BD,http://www.wikidata.org/entity/Q902
Sinop,196312,BR,http://www.wikidata.org/entity/Q155
Padang,196300,ID,http://www.wikidata.org/entity/Q252
Parauapebas,196259,BR,http://www.wikidata.org/entity/Q155
Tallahassee,196169,US,http://www.wikidata.org/entity/Q30
Cabo de Santo Agostinho,196152,BR,http://www.wikidata.org/entity/Q155
Madhyamgram,196127,IN,http://www.wikidata.org/entity/Q668
Grand Prairie,196100,US,http://www.wikidata.org/entity/Q30
Dourados,196035,BR,http://www.wikidata.org/entity/Q155
Norwich,195971,GB,http://www.wikidata.org/entity/Q145
Viranşehir,195910,TR,http://www.wikidata.org/entity/Q43
Gandhinagar,195891,IN,http://www.wikidata.org/entity/Q668
Rzeszów,195871,PL,http://www.wikidata.org/entity/Q36
Águas Lindas de Goiás,195810,BR,http://www.wikidata.org/entity/Q155
Prato,195736,IT,http://www.wikidata.org/entity/Q38
Leganés,195734,ES,http://www.wikidata.org/entity/Q29
Hub,195661,PK,http://www.wikidata.org/entity/Q843
Acarigua,195637,VE,http://www.wikidata.org/entity/Q717
Myawaddy,195624,MM,http://www.wikidata.org/entity/Q836
Passo Fundo,195620,BR,http://www.wikidata.org/entity/Q155
Karaköprü,195552,TR,http://www.wikidata.org/entity/Q43
Brussels,195546,BE,http://www.wikidata.org/entity/Q31
Rondonópolis,195476,BR,http://www.wikidata.org/entity/Q155
Geneva,195393,CH,http://www.wikidata.org/entity/Q39
La Serena,195382,CL,http://www.wikidata.org/entity/Q298
McKinney,195308,US,http://www.wikidata.org/entity/Q30
San Pedro de Macorís,195307,DO,http://www.wikidata.org/entity/Q786
Liège,195278,BE,http://www.wikidata.org/entity/Q31
Castanhal,195253,BR,http://www.wikidata.org/entity/Q155
Suzuka,195250,JP,http://www.wikidata.org/entity/Q17
Berhampore,195223,IN,http://www.wikidata.org/entity/Q668
Kimchaek,195217,KP,http://www.wikidata.org/entity/Q423
Cabo Frio,195197,BR,http://www.wikidata.org/entity/Q155
Kota Madiun,195175,ID,http://www.wikidata.org/entity/Q252
Ambala,195153,IN,http://www.wikidata.org/entity/Q668
Lauro de Freitas,195095,BR,http://www.wikidata.org/entity/Q155
Malaybalay,195046,PH,http://www.wikidata.org/entity/Q928
Lauro de Freitas,194641,BR,http://www.wikidata.org/entity/Q155
Angra dos Reis,194619,BR,http://www.wikidata.org/entity/Q155
Geneva,194565,CH,http://www.wikidata.org/entity/Q39
Guanajuato,194500,MX,http://www.wikidata.org/entity/Q96
Tébessa,194461,DZ,http://www.wikidata.org/entity/Q262
Mitaka,194460,JP,http://www.wikidata.org/entity/Q17
Passo Fundo,194432,BR,http://www.wikidata.org/entity/Q155
Mohammedia,194358,MA,http://www.wikidata.org/entity/Q1028
Holon,194300,IL,http://www.wikidata.org/entity/Q801
San Fernando de Apure,194274,VE,http://www.wikidata.org/entity/Q717
Luziânia,194039,BR,http://www.wikidata.org/entity/Q155
Ilam,194030,IR,http://www.wikidata.org/entity/Q794
Cape Coral,194016,US,http://www.wikidata.org/entity/Q30
Peterborough,194000,GB,http://www.wikidata.org/entity/Q145
Sohag,193931,EG,http://www.wikidata.org/entity/Q79
Bnei Brak,193774,IL,http://www.wikidata.org/entity/Q801
Yamaguchi,193761,JP,http://www.wikidata.org/entity/Q17
São Leopoldo,193547,BR,http://www.wikidata.org/entity/Q155
Bukan,193501,IR,http://www.wikidata.org/entity/Q794
Anseong,193220,KR,http://www.wikidata.org/entity/Q884
Kumagaya,193190,JP,http://www.wikidata.org/entity/Q17
Elche City,193077,ES,http://www.wikidata.org/entity/Q29
Bago,192993,PH,http://www.wikidata.org/entity/Q928
Quelimane,192876,MZ,http://www.wikidata.org/entity/Q1029
Hyesan,192680,KP,http://www.wikidata.org/entity/Q423
Jalapa,192676,GT,http://www.wikidata.org/entity/Q774
Guanare,192644,VE,http://www.wikidata.org/entity/Q717
Castanhal,192571,BR,http://www.wikidata.org/entity/Q155
Sioux Falls,192517,US,http://www.wikidata.org/entity/Q30
Nossa Senhora do Socorro,192330,BR,http://www.wikidata.org/entity/Q155
Castanhal,192256,BR,http://www.wikidata.org/entity/Q155
Digos,192063,PH,http://www.wikidata.org/entity/Q928
Santarém,191945,BR,http://www.wikidata.org/entity/Q155
Rio Grande,191900,BR,http://www.wikidata.org/entity/Q155
Gorontalo,191897,ID,http://www.wikidata.org/entity/Q252
Florencia,191867,CO,http://www.wikidata.org/entity/Q739
Pingtung City,191815,TW,http://www.wikidata.org/entity/Q865
Nova Friburgo,191664,BR,http://www.wikidata.org/entity/Q155
Geneva,191557,CH,http://www.wikidata.org/entity/Q39
Angra dos Reis,191504,BR,http://www.wikidata.org/entity/Q155
Águas Lindas de Goiás,191499,BR,http://www.wikidata.org/entity/Q155
Iquique,191468,PE,http://www.wikidata.org/entity/Q419
Lauro de Freitas,191436,BR,http://www.wikidata.org/entity/Q155
Godoy Cruz,191299,AR,http://www.wikidata.org/entity/Q414
Ciudad del Carmen,191238,MX,http://www.wikidata.org/entity/Q96
Nova Friburgo,191158,BR,http://www.wikidata.org/entity/Q155
Luziânia,191139,BR,http://www.wikidata.org/entity/Q155
Gampaha,191040,LK,http://www.wikidata.org/entity/Q854
Blida,191000,DZ,http://www.wikidata.org/entity/Q262
Peoria,190985,US,http://www.wikidata.org/entity/Q30
Providence,190934,US,http://www.wikidata.org/entity/Q30
Vancouver,190915,US,http://www.wikidata.org/entity/Q30
Cabo Frio,190786,BR,http://www.wikidata.org/entity/Q155
Knoxville,190740,US,http://www.wikidata.org/entity/Q30
Isidro Casanova,190696,AR,http://www.wikidata.org/entity/Q414
Nova Friburgo,190631,BR,http://www.wikidata.org/entity/Q155
Hino,190598,JP,http://www.wikidata.org/entity/Q17
Hagen,190490,DE,http://www.wikidata.org/entity/Q183
Akron,190469,US,http://www.wikidata.org/entity/Q30
Shahr-e Kord,190441,IR,http://www.wikidata.org/entity/Q794
Mahabubnagar,190400,IN,http://www.wikidata.org/entity/Q668
Cap-Haïtien,190289,HT,http://www.wikidata.org/entity/Q790
Pak Kret,190272,TH,http://www.wikidata.org/entity/Q869
Ajloun,190200,JO,http://www.wikidata.org/entity/Q810
Batu,190184,ID,http://www.wikidata.org/entity/Q252
Nova Friburgo,190084,BR,http://www.wikidata.org/entity/Q155
Mesquita,190056,BR,http://www.wikidata.org/entity/Q155
Nova Friburgo,189939,BR,http://www.wikidata.org/entity/Q155
Cape Coast,189925,GH,http://www.wikidata.org/entity/Q117
Parauapebas,189921,BR,http://www.wikidata.org/entity/Q155
Ngaoundéré,189800,CM,http://www.wikidata.org/entity/Q1009
Castanhal,189784,BR,http://www.wikidata.org/entity/Q155
Dourados,189762,BR,http://www.wikidata.org/entity/Q155
Chongju,189742,KP,http://www.wikidata.org/entity/Q423
Potosí,189652,BO,http://www.wikidata.org/entity/Q750
Cabo de Santo Agostinho,189222,BR,http://www.wikidata.org/entity/Q155
Ilhéus,189149,BR,http://www.wikidata.org/entity/Q155
Odawara,189038,JP,http://www.wikidata.org/entity/Q17
Geneva,189033,CH,http://www.wikidata.org/entity/Q39
Ilhéus,189028,BR,http://www.wikidata.org/entity/Q155
Burgas,189014,BG,http://www.wikidata.org/entity/Q219
Anjō,188801,JP,http://www.wikidata.org/entity/Q17
Araure,188800,VE,http://www.wikidata.org/entity/Q717
Pinar del Río,188614,CU,http://www.wikidata.org/entity/Q241
São José do Rio Preto,188599,BR,http://www.wikidata.org/entity/Q155
Kenema,188463,SL,http://www.wikidata.org/entity/Q1044
Angra dos Reis,188276,BR,http://www.wikidata.org/entity/Q155
Bhuj,188236,IN,http://www.wikidata.org/entity/Q668
Geneva,188234,CH,http://www.wikidata.org/entity/Q39
Luziânia,188181,BR,http://www.wikidata.org/entity/Q155
Hasakah,188160,SY,http://www.wikidata.org/entity/Q858
San Francisco de Macorís,188118,DO,http://www.wikidata.org/entity/Q786
Taranto,188098,IT,http://www.wikidata.org/entity/Q38
Prabumulih,188082,ID,http://www.wikidata.org/entity/Q252
Kishiwada,188015,JP,http://www.wikidata.org/entity/Q17
Lauro de Freitas,188013,BR,http://www.wikidata.org/entity/Q155
Iquique,188003,CL,http://www.wikidata.org/entity/Q298
Mesquita,187949,BR,http://www.wikidata.org/entity/Q155
Plzeň,187928,CZ,http://www.wikidata.org/entity/Q213
Dessie,187900,ET,http://www.wikidata.org/entity/Q115
Calbayog,187848,PH,http://www.wikidata.org/entity/Q928
Sorsogon City,187670,PH,http://www.wikidata.org/entity/Q928
Numazu,187653,JP,http://www.wikidata.org/entity/Q17
Dourados,187601,BR,http://www.wikidata.org/entity/Q155
Shreveport,187593,US,http://www.wikidata.org/entity/Q30
Passo Fundo,187507,BR,http://www.wikidata.org/entity/Q155
Bournemouth,187503,GB,http://www.wikidata.org/entity/Q145
Tottori,187323,JP,http://www.wikidata.org/entity/Q17
Ilhéus,187315,BR,http://www.wikidata.org/entity/Q155
Alvorada,187315,BR,http://www.wikidata.org/entity/Q155
Passo Fundo,187298,BR,http://www.wikidata.org/entity/Q155
Geneva,187295,CH,http://www.wikidata.org/entity/Q39
Jōetsu-shi,187291,JP,http://www.wikidata.org/entity/Q17
Feira de Santana,187290,BR,http://www.wikidata.org/entity/Q155
Guatire,187262,VE,http://www.wikidata.org/entity/Q717
Chilpancingo de los Bravo,187251,MX,http://www.wikidata.org/entity/Q96
San Diego,187215,VE,http://www.wikidata.org/entity/Q717
Taraz,187164,KZ,http://www.wikidata.org/entity/Q232
Cabo de Santo Agostinho,187158,BR,http://www.wikidata.org/entity/Q155
Kofu,187144,JP,http://www.wikidata.org/entity/Q17
Potsdam,187119,DE,http://www.wikidata.org/entity/Q183
Águas Lindas de Goiás,187072,BR,http://www.wikidata.org/entity/Q155
Mobile,187041,US,http://www.wikidata.org/entity/Q30
Prizren,186986,RS,http://www.wikidata.org/entity/Q403
Prizren,186986,XK,http://www.wikidata.org/entity/Q1246
Kırıkkale,186960,TR,http://www.wikidata.org/entity/Q43
Burlington,186948,CA,http://www.wikidata.org/entity/Q16
San Fernando del Valle de Catamarca,186947,AR,http://www.wikidata.org/entity/Q414
Castanhal,186895,BR,http://www.wikidata.org/entity/Q155
Kielce,186894,PL,http://www.wikidata.org/entity/Q36
Brownsville,186738,US,http://www.wikidata.org/entity/Q30
Itabuna,186708,BR,http://www.wikidata.org/entity/Q155
Ponta Grossa,186656,BR,http://www.wikidata.org/entity/Q155
Oviedo City,186513,ES,http://www.wikidata.org/entity/Q29
Pasuruan,186262,ID,http://www.wikidata.org/entity/Q252
Newport News,186247,US,http://www.wikidata.org/entity/Q30
Cabo Frio,186227,BR,http://www.wikidata.org/entity/Q155
Bahraich,186223,IN,http://www.wikidata.org/entity/Q668
Menemen,186182,TR,http://www.wikidata.org/entity/Q43
Passo Fundo,186082,BR,http://www.wikidata.org/entity/Q155
Cabo Frio,186004,BR,http://www.wikidata.org/entity/Q155
Lomé,186000,TG,http://www.wikidata.org/entity/Q945
Geneva,185958,CH,http://www.wikidata.org/entity/Q39
Sosnowiec,185930,PL,http://www.wikidata.org/entity/Q36
Passo Fundo,185882,BR,http://www.wikidata.org/entity/Q155
Carapicuíba,185822,BR,http://www.wikidata.org/entity/Q155
Teresópolis,185820,BR,http://www.wikidata.org/entity/Q155
Ilhéus,185801,BR,http://www.wikidata.org/entity/Q155
Bragança Paulista,185688,BR,http://www.wikidata.org/entity/Q155
Pskov,185486,RU,http://www.wikidata.org/entity/Q159
Odense,185480,DK,http://www.wikidata.org/entity/Q35
Nova Friburgo,185381,BR,http://www.wikidata.org/entity/Q155
Orsk,185362,RU,http://www.wikidata.org/entity/Q159
Armavir,185356,RU,http://www.wikidata.org/entity/Q159
Barra Mansa,185237,BR,http://www.wikidata.org/entity/Q155
Roxas City,185236,PH,http://www.wikidata.org/entity/Q928
Semnan,185129,IR,http://www.wikidata.org/entity/Q794
Narsingdi,185128,BD,http://www.wikidata.org/entity/Q902
Nova Friburgo,185102,BR,http://www.wikidata.org/entity/Q155
Temirtau,185082,KZ,http://www.wikidata.org/entity/Q232
Banja Luka,185042,BA,http://www.wikidata.org/entity/Q225
Cabo de Santo Agostinho,185025,BR,http://www.wikidata.org/entity/Q155
Mehsana,184991,IN,http://www.wikidata.org/entity/Q668
Angra dos Reis,184940,BR,http://www.wikidata.org/entity/Q155
Santa Luzia,184903,BR,http://www.wikidata.org/entity/Q155
Barra Mansa,184833,BR,http://www.wikidata.org/entity/Q155
Passo Fundo,184826,BR,http://www.wikidata.org/entity/Q155
Nova Friburgo,184786,BR,http://www.wikidata.org/entity/Q155
Ferraz de Vasconcelos,184700,BR,http://www.wikidata.org/entity/Q155
Bolu,184682,TR,http://www.wikidata.org/entity/Q43
Ilhéus,184616,BR,http://www.wikidata.org/entity/Q155
Nova Friburgo,184460,BR,http://www.wikidata.org/entity/Q155
Barra Mansa,184412,BR,http://www.wikidata.org/entity/Q155
Lauro de Freitas,184383,BR,http://www.wikidata.org/entity/Q155
Izumi,184299,JP,http://www.wikidata.org/entity/Q17
Abakan,184284,RU,http://www.wikidata.org/entity/Q159
Teresópolis,184240,BR,http://www.wikidata.org/entity/Q155
Ilhéus,184236,BR,http://www.wikidata.org/entity/Q155
Qamishli,184231,SY,http://www.wikidata.org/entity/Q858
Modena,184153,IT,http://www.wikidata.org/entity/Q38
Nova Friburgo,184122,BR,http://www.wikidata.org/entity/Q155
Ibirité,184030,BR,http://www.wikidata.org/entity/Q155
Barra Mansa,183976,BR,http://www.wikidata.org/entity/Q155
Toyokawa,183965,JP,http://www.wikidata.org/entity/Q17
Castanhal,183917,BR,http://www.wikidata.org/entity/Q155
Siguiri,183875,GN,http://www.wikidata.org/entity/Q1006
Seogwipo,183858,KR,http://www.wikidata.org/entity/Q884
Linhares,183797,BR,http://www.wikidata.org/entity/Q155
Castellón de la Plana,183711,ES,http://www.wikidata.org/entity/Q29
Volta Redonda,183620,BR,http://www.wikidata.org/entity/Q155
Raiganj,183612,IN,http://www.wikidata.org/entity/Q668
Saarbrücken,183509,DE,http://www.wikidata.org/entity/Q183
San Cristóbal de Las Casas,183509,MX,http://www.wikidata.org/entity/Q96
Nova Friburgo,183391,BR,http://www.wikidata.org/entity/Q155
Parauapebas,183352,BR,http://www.wikidata.org/entity/Q155
Aktau,183350,KZ,http://www.wikidata.org/entity/Q232
Santa Bárbara d'Oeste,183347,BR,http://www.wikidata.org/entity/Q155
Colombo,183329,BR,http://www.wikidata.org/entity/Q155
Batala,183314,IN,http://www.wikidata.org/entity/Q668
Geneva,183287,CH,http://www.wikidata.org/entity/Q39
St Helens,183248,GB,http://www.wikidata.org/entity/Q145
Niš,183164,RS,http://www.wikidata.org/entity/Q403
Oradea,183105,RO,http://www.wikidata.org/entity/Q218
Fort Lauderdale,182760,US,http://www.wikidata.org/entity/Q30
Nova Friburgo,182747,BR,http://www.wikidata.org/entity/Q155
Dourados,182747,BR,http://www.wikidata.org/entity/Q155
Jaraguá do Sul,182660,BR,http://www.wikidata.org/entity/Q155
Porto Seguro,182630,BR,http://www.wikidata.org/entity/Q155
Teresópolis,182594,BR,http://www.wikidata.org/entity/Q155
Águas Lindas de Goiás,182526,BR,http://www.wikidata.org/entity/Q155
Mufulira,182400,ZM,http://www.wikidata.org/entity/Q953
Ilhéus,182350,BR,http://www.wikidata.org/entity/Q155
Q207998,182200,TR,http://www.wikidata.org/entity/Q43
Portmore,182153,JM,http://www.wikidata.org/entity/Q766
Ibirité,182153,BR,http://www.wikidata.org/entity/Q155
Guarapuava,182093,BR,http://www.wikidata.org/entity/Q155
Nova Friburgo,182082,BR,http://www.wikidata.org/entity/Q155
Cotia,182045,BR,http://www.wikidata.org/entity/Q155
Río Cuarto,182038,AR,http://www.wikidata.org/entity/Q414
Yuzhno-Sakhalinsk,181976,RU,http://www.wikidata.org/entity/Q159
Rondonópolis,181902,BR,http://www.wikidata.org/entity/Q155
Serampore,181842,IN,http://www.wikidata.org/entity/Q668
Yewa North,181826,NG,http://www.wikidata.org/entity/Q1033
Barra Mansa,181688,BR,http://www.wikidata.org/entity/Q155
Barra Mansa,181679,BR,http://www.wikidata.org/entity/Q155
Santa Maria,181571,BR,http://www.wikidata.org/entity/Q155
Braga,181494,PT,http://www.wikidata.org/entity/Q45
Angra dos Reis,181486,BR,http://www.wikidata.org/entity/Q155
Akhisar,181472,TR,http://www.wikidata.org/entity/Q43
Sherbrooke,181360,CA,http://www.wikidata.org/entity/Q16
Tachikawa,181115,JP,http://www.wikidata.org/entity/Q17
Chattanooga,181099,US,http://www.wikidata.org/entity/Q30
Gravataí,181035,BR,http://www.wikidata.org/entity/Q155
Porto Seguro,181007,BR,http://www.wikidata.org/entity/Q155
Teresópolis,180886,BR,http://www.wikidata.org/entity/Q155
Hamm,180761,DE,http://www.wikidata.org/entity/Q183
Balakovo,180694,RU,http://www.wikidata.org/entity/Q159
Cuauhtémoc,180638,MX,http://www.wikidata.org/entity/Q96
Cabo Frio,180635,BR,http://www.wikidata.org/entity/Q155
Tempe,180587,US,http://www.wikidata.org/entity/Q30
Ferizaj,180583,RS,http://www.wikidata.org/entity/Q403
Ferizaj,180583,XK,http://www.wikidata.org/entity/Q1246
Tunja,180572,CO,http://www.wikidata.org/entity/Q739
Aurora,180542,US,http://www.wikidata.org/entity/Q30
Ploiești,180539,RO,http://www.wikidata.org/entity/Q218
Berazategui,180523,AR,http://www.wikidata.org/entity/Q414
Akhisar,180509,TR,http://www.wikidata.org/entity/Q43
Obuasi,180460,GH,http://www.wikidata.org/entity/Q117
Jaunpur,180362,IN,http://www.wikidata.org/entity/Q668
Edirne,180327,TR,http://www.wikidata.org/entity/Q43
Concordia,180325,AR,http://www.wikidata.org/entity/Q414
Geelong,180239,AU,http://www.wikidata.org/entity/Q408
Ilhéus,180213,BR,http://www.wikidata.org/entity/Q155
Ibirité,180204,BR,http://www.wikidata.org/entity/Q155
Lhokseumawe,180200,ID,http://www.wikidata.org/entity/Q252
Palopo,180130,ID,http://www.wikidata.org/entity/Q252
Barra Mansa,180126,BR,http://www.wikidata.org/entity/Q155
Guri,180063,KR,http://www.wikidata.org/entity/Q884
Geneva,179971,CH,http://www.wikidata.org/entity/Q39
Hugli-Chuchura,179931,IN,http://www.wikidata.org/entity/Q668
Barra Mansa,179915,BR,http://www.wikidata.org/entity/Q155
Torreón,179901,MX,http://www.wikidata.org/entity/Q96
Barra Mansa,179697,BR,http://www.wikidata.org/entity/Q155
Uji,179626,JP,http://www.wikidata.org/entity/Q17
Luziânia,179582,BR,http://www.wikidata.org/entity/Q155
Ibirité,179582,BR,http://www.wikidata.org/entity/Q155
Tarija,179528,BO,http://www.wikidata.org/entity/Q750
Barra Mansa,179472,BR,http://www.wikidata.org/entity/Q155
Barra Mansa,179451,BR,http://www.wikidata.org/entity/Q155
Calabar,179392,NG,http://www.wikidata.org/entity/Q1033
Masan,179266,KR,http://www.wikidata.org/entity/Q884
Purwakarta,179233,ID,http://www.wikidata.org/entity/Q252
Biysk,179211,RU,http://www.wikidata.org/entity/Q159
Angra dos Reis,179142,BR,http://www.wikidata.org/entity/Q155
Angra dos Reis,179120,BR,http://www.wikidata.org/entity/Q155
Toulon,179116,FR,http://www.wikidata.org/entity/Q142
Cotia,179109,BR,http://www.wikidata.org/entity/Q155
Rondonópolis,179094,BR,http://www.wikidata.org/entity/Q155
Ibirité,179015,BR,http://www.wikidata.org/entity/Q155
Castanhal,178986,BR,http://www.wikidata.org/entity/Q155
Tiaret,178915,DZ,http://www.wikidata.org/entity/Q262
Barra Mansa,178880,BR,http://www.wikidata.org/entity/Q155
Mesquita,178830,BR,http://www.wikidata.org/entity/Q155
Mesquita,178803,BR,http://www.wikidata.org/entity/Q155
Geneva,178722,CH,http://www.wikidata.org/entity/Q39
Ibirité,178713,BR,http://www.wikidata.org/entity/Q155
Palhoça,178679,BR,http://www.wikidata.org/entity/Q155
Nova Friburgo,178653,BR,http://www.wikidata.org/entity/Q155
Ilhéus,178649,BR,http://www.wikidata.org/entity/Q155
Naogaon,178635,BD,http://www.wikidata.org/entity/Q902
Geneva,178603,CH,http://www.wikidata.org/entity/Q39
Geneva,178500,CH,http://www.wikidata.org/entity/Q39
Geneva,178487,CH,http://www.wikidata.org/entity/Q39
Barra Mansa,178355,BR,http://www.wikidata.org/entity/Q155
Langsa,178334,ID,http://www.wikidata.org/entity/Q252
Nova Friburgo,178310,BR,http://www.wikidata.org/entity/Q155
Ilhéus,178210,BR,http://www.wikidata.org/entity/Q155
Santa Rosa,178127,US,http://www.wikidata.org/entity/Q30
Zemun,177908,RS,http://www.wikidata.org/entity/Q403
Jimma,177900,ET,http://www.wikidata.org/entity/Q115
Águas Lindas de Goiás,177890,BR,http://www.wikidata.org/entity/Q155
Barra Mansa,177813,BR,http://www.wikidata.org/entity/Q155
Quevedo,177792,EC,http://www.wikidata.org/entity/Q736
Reims,177674,FR,http://www.wikidata.org/entity/Q142
Nablus,177638,PS,http://www.wikidata.org/entity/Q219060
Dundo,177604,AO,http://www.wikidata.org/entity/Q916
Ibirité,177475,BR,http://www.wikidata.org/entity/Q155
Akhisar,177419,TR,http://www.wikidata.org/entity/Q43
Gulu City,177400,UG,http://www.wikidata.org/entity/Q1036
Livingstone,177393,ZM,http://www.wikidata.org/entity/Q953
Surigao City,177333,PH,http://www.wikidata.org/entity/Q928
Ambato,177316,EC,http://www.wikidata.org/entity/Q736
Geneva,177306,CH,http://www.wikidata.org/entity/Q39
Montes Claros,177302,BR,http://www.wikidata.org/entity/Q155
Riobamba,177213,EC,http://www.wikidata.org/entity/Q736
Angra dos Reis,177101,BR,http://www.wikidata.org/entity/Q155
Luziânia,177098,BR,http://www.wikidata.org/entity/Q155
Mesquita,177016,BR,http://www.wikidata.org/entity/Q155
Barra Mansa,176899,BR,http://www.wikidata.org/entity/Q155
Ngamprah,176735,ID,http://www.wikidata.org/entity/Q252
Teresópolis,176735,BR,http://www.wikidata.org/entity/Q155
Teresópolis,176692,BR,http://www.wikidata.org/entity/Q155
San Luis Río Colorado,176685,MX,http://www.wikidata.org/entity/Q96
Eugene,176654,US,http://www.wikidata.org/entity/Q30
Al-Muharraq,176583,BH,http://www.wikidata.org/entity/Q398
Parauapebas,176582,BR,http://www.wikidata.org/entity/Q155
Mesquita,176569,BR,http://www.wikidata.org/entity/Q155
Attock,176544,PK,http://www.wikidata.org/entity/Q843
Hamilton,176500,NZ,http://www.wikidata.org/entity/Q664
Barra Mansa,176469,BR,http://www.wikidata.org/entity/Q155
Ilhéus,176341,BR,http://www.wikidata.org/entity/Q155
Basel,176329,CH,http://www.wikidata.org/entity/Q39
Béjaïa,176139,DZ,http://www.wikidata.org/entity/Q262
Elk Grove,176124,US,http://www.wikidata.org/entity/Q30
Castanhal,176116,BR,http://www.wikidata.org/entity/Q155
Ludwigshafen,176110,DE,http://www.wikidata.org/entity/Q183
Mesquita,176103,BR,http://www.wikidata.org/entity/Q155
Teresópolis,176060,BR,http://www.wikidata.org/entity/Q155
Saint-Louis,176000,SN,http://www.wikidata.org/entity/Q1041
Pabna,175982,BD,http://www.wikidata.org/entity/Q902
Ibirité,175721,BR,http://www.wikidata.org/entity/Q155
Geneva,175697,CH,http://www.wikidata.org/entity/Q39
Mesquita,175620,BR,http://www.wikidata.org/entity/Q155
Karadeniz Ereğli,175605,TR,http://www.wikidata.org/entity/Q43
Sheberghan,175599,AF,http://www.wikidata.org/entity/Q889
Salem,175535,US,http://www.wikidata.org/entity/Q30
Thiès,175465,SN,http://www.wikidata.org/entity/Q1041
Oshawa,175383,CA,http://www.wikidata.org/entity/Q16
Leverkusen,175300,DE,http://www.wikidata.org/entity/Q183
Salatiga,175288,ID,http://www.wikidata.org/entity/Q252
Palhoça,175272,BR,http://www.wikidata.org/entity/Q155
Ontario,175265,US,http://www.wikidata.org/entity/Q30
Beşiktaş,175190,TR,http://www.wikidata.org/entity/Q43
Geneva,174999,CH,http://www.wikidata.org/entity/Q39
Narashino,174990,JP,http://www.wikidata.org/entity/Q17
Uppsala,174982,SE,http://www.wikidata.org/entity/Q34
Akhisar,174850,TR,http://www.wikidata.org/entity/Q43
Q875070,174777,PH,http://www.wikidata.org/entity/Q928
Artuklu,174731,TR,http://www.wikidata.org/entity/Q43
Cary,174721,US,http://www.wikidata.org/entity/Q30
Oldenburg,174629,DE,http://www.wikidata.org/entity/Q183
Teresópolis,174587,BR,http://www.wikidata.org/entity/Q155
Juazeiro,174567,BR,http://www.wikidata.org/entity/Q155
Menemen,174564,TR,http://www.wikidata.org/entity/Q43
Luziânia,174531,BR,http://www.wikidata.org/entity/Q155
Timon,174465,BR,http://www.wikidata.org/entity/Q155
Rancho Cucamonga,174453,US,http://www.wikidata.org/entity/Q30
Baliwag,174194,PH,http://www.wikidata.org/entity/Q928
Oceanside,174068,US,http://www.wikidata.org/entity/Q30
León,174051,NI,http://www.wikidata.org/entity/Q811
Gliwice,174016,PL,http://www.wikidata.org/entity/Q36
Piedras Negras,173959,MX,http://www.wikidata.org/entity/Q96
Linjiang,173903,CN,http://www.wikidata.org/entity/Q148
Carúpano,173877,VE,http://www.wikidata.org/entity/Q717
Ibirité,173873,BR,http://www.wikidata.org/entity/Q155
Townsville,173724,AU,http://www.wikidata.org/entity/Q408
Cuddalore,173676,IN,http://www.wikidata.org/entity/Q668
Patras,173600,GR,http://www.wikidata.org/entity/Q41
São José,173559,BR,http://www.wikidata.org/entity/Q155
Geneva,173549,CH,http://www.wikidata.org/entity/Q39
Tlemcen,173531,DZ,http://www.wikidata.org/entity/Q262
Nouadhibou,173525,MR,http://www.wikidata.org/entity/Q1025
Geneva,173519,CH,http://www.wikidata.org/entity/Q39
Lancaster,173516,US,http://www.wikidata.org/entity/Q30
Tlemcen,173500,DZ,http://www.wikidata.org/entity/Q262
Nova Friburgo,173418,BR,http://www.wikidata.org/entity/Q155
Angra dos Reis,173369,BR,http://www.wikidata.org/entity/Q155
Shahin Shahr,173329,IR,http://www.wikidata.org/entity/Q794
Mülheim an der Ruhr,173255,DE,http://www.wikidata.org/entity/Q183
Deo Town,173216,IN,http://www.wikidata.org/entity/Q668
Castanhal,173149,BR,http://www.wikidata.org/entity/Q155
Saint-Étienne,173136,FR,http://www.wikidata.org/entity/Q142
Teresópolis,173060,BR,http://www.wikidata.org/entity/Q155
Akhisar,173026,TR,http://www.wikidata.org/entity/Q43
Bertoua,173000,CM,http://www.wikidata.org/entity/Q1009
Sherbrooke,172950,CA,http://www.wikidata.org/entity/Q16
Kamakura,172929,JP,http://www.wikidata.org/entity/Q17
Geneva,172809,CH,http://www.wikidata.org/entity/Q39
Geneva,172737,CH,http://www.wikidata.org/entity/Q39
Hitachi,172709,JP,http://www.wikidata.org/entity/Q17
Geneva,172586,CH,http://www.wikidata.org/entity/Q39
Caruaru,172532,BR,http://www.wikidata.org/entity/Q155
Sacaba,172466,BO,http://www.wikidata.org/entity/Q750
Geneva,172425,CH,http://www.wikidata.org/entity/Q39
Kindu,172321,CD,http://www.wikidata.org/entity/Q974
Kaolack,172305,SN,http://www.wikidata.org/entity/Q1041
Bidar,172298,IN,http://www.wikidata.org/entity/Q668
Barra Mansa,172216,BR,http://www.wikidata.org/entity/Q155
Izumo,171995,JP,http://www.wikidata.org/entity/Q17
Garden Grove,171949,US,http://www.wikidata.org/entity/Q30
Ibirité,171932,BR,http://www.wikidata.org/entity/Q155
Rafah,171889,PS,http://www.wikidata.org/entity/Q219060
Moreno,171849,AR,http://www.wikidata.org/entity/Q414
Palhoça,171797,BR,http://www.wikidata.org/entity/Q155
Geneva,171744,CH,http://www.wikidata.org/entity/Q39
Barreiras,171634,BR,http://www.wikidata.org/entity/Q155
Cabo de Santo Agostinho,171583,BR,http://www.wikidata.org/entity/Q155
Settat,171556,MA,http://www.wikidata.org/entity/Q1028
Teresópolis,171482,BR,http://www.wikidata.org/entity/Q155
Guiglo,171454,CI,http://www.wikidata.org/entity/Q1008
Akhisar,171381,TR,http://www.wikidata.org/entity/Q43
Kufa,171305,IQ,http://www.wikidata.org/entity/Q796
Araguaína,171301,BR,http://www.wikidata.org/entity/Q155
Mesquita,171280,BR,http://www.wikidata.org/entity/Q155
Pembroke Pines,171178,US,http://www.wikidata.org/entity/Q30
Lauro de Freitas,171042,BR,http://www.wikidata.org/entity/Q155
Mesquita,171020,BR,http://www.wikidata.org/entity/Q155
Reggio Calabria,170951,IT,http://www.wikidata.org/entity/Q38
Betim,170934,BR,http://www.wikidata.org/entity/Q155
Kohat,170800,PK,http://www.wikidata.org/entity/Q843
Jubail,170770,SA,http://www.wikidata.org/entity/Q851
Barra Mansa,170753,BR,http://www.wikidata.org/entity/Q155
Mesquita,170751,BR,http://www.wikidata.org/entity/Q155
Barreiras,170667,BR,http://www.wikidata.org/entity/Q155
Vitória da Conquista,170619,BR,http://www.wikidata.org/entity/Q155
Ibirité,170537,BR,http://www.wikidata.org/entity/Q155
Mesquita,170473,BR,http://www.wikidata.org/entity/Q155
Escuintla,170280,GT,http://www.wikidata.org/entity/Q774
Murcia City,170246,ES,http://www.wikidata.org/entity/Q29
Malayer,170237,IR,http://www.wikidata.org/entity/Q794
Olsztyn,170225,PL,http://www.wikidata.org/entity/Q36
Tomakomai,170223,JP,http://www.wikidata.org/entity/Q17
Geneva,170189,CH,http://www.wikidata.org/entity/Q39
Mesquita,170185,BR,http://www.wikidata.org/entity/Q155
Baranavichy,170039,BY,http://www.wikidata.org/entity/Q184
New Borg El Arab,170000,EG,http://www.wikidata.org/entity/Q79
Cabo de Santo Agostinho,169986,BR,http://www.wikidata.org/entity/Q155
San Luis,169947,AR,http://www.wikidata.org/entity/Q414
Ibirité,169908,BR,http://www.wikidata.org/entity/Q155
Barra Mansa,169894,BR,http://www.wikidata.org/entity/Q155
Machilipatnam,169892,IN,http://www.wikidata.org/entity/Q668
Ipiales,169864,CO,http://www.wikidata.org/entity/Q739
Teresópolis,169849,BR,http://www.wikidata.org/entity/Q155
Fort Collins,169810,US,http://www.wikidata.org/entity/Q30
Tebing Tinggi,169786,ID,http://www.wikidata.org/entity/Q252
Urayasu,169749,JP,http://www.wikidata.org/entity/Q17
Puerto Montt,169736,CL,http://www.wikidata.org/entity/Q298
Hafizabad,169702,PK,http://www.wikidata.org/entity/Q843
Rybinsk,169579,RU,http://www.wikidata.org/entity/Q159
Reggio Emilia,169545,IT,http://www.wikidata.org/entity/Q38
Mesquita,169537,BR,http://www.wikidata.org/entity/Q155
Angra dos Reis,169511,BR,http://www.wikidata.org/entity/Q155
Palmdale,169450,US,http://www.wikidata.org/entity/Q30
Lakota,169330,CI,http://www.wikidata.org/entity/Q1008
Medinipur,169264,IN,http://www.wikidata.org/entity/Q668
Seosan,169221,KR,http://www.wikidata.org/entity/Q884
Ji'an,169220,CN,http://www.wikidata.org/entity/Q148
Jequié,169201,BR,http://www.wikidata.org/entity/Q155
Springfield,169176,US,http://www.wikidata.org/entity/Q30
Viamão,169176,BR,http://www.wikidata.org/entity/Q155
Santa Rita,169158,VE,http://www.wikidata.org/entity/Q717
Batumi,169095,GE,http://www.wikidata.org/entity/Q230
Sakura,169059,JP,http://www.wikidata.org/entity/Q17
Chetumal,169028,MX,http://www.wikidata.org/entity/Q96
Geneva,169025,CH,http://www.wikidata.org/entity/Q39
Nishio,168992,JP,http://www.wikidata.org/entity/Q17
Mesquita,168966,BR,http://www.wikidata.org/entity/Q155
Jequié,168733,BR,http://www.wikidata.org/entity/Q155
Berrechid,168687,MA,http://www.wikidata.org/entity/Q1028
Burgos city,168672,ES,http://www.wikidata.org/entity/Q29
Angra dos Reis,168664,BR,http://www.wikidata.org/entity/Q155
Malanville,168641,BJ,http://www.wikidata.org/entity/Q962
Calabozo,168605,VE,http://www.wikidata.org/entity/Q717
Passo Fundo,168458,BR,http://www.wikidata.org/entity/Q155
Yeumbeul Nord,168379,SN,http://www.wikidata.org/entity/Q1041
Mesquita,168376,BR,http://www.wikidata.org/entity/Q155
Bordj Bou Arreridj,168346,DZ,http://www.wikidata.org/entity/Q262
Porto Seguro,168326,BR,http://www.wikidata.org/entity/Q155
Karaman,168299,TR,http://www.wikidata.org/entity/Q43
Palhoça,168259,BR,http://www.wikidata.org/entity/Q155
Francisco Morato,168243,BR,http://www.wikidata.org/entity/Q155
Huichon,168180,KP,http://www.wikidata.org/entity/Q423
Piraeus,168151,GR,http://www.wikidata.org/entity/Q41
Marabá,168020,BR,http://www.wikidata.org/entity/Q155
Almería city,167916,ES,http://www.wikidata.org/entity/Q29
São Leopoldo,167907,BR,http://www.wikidata.org/entity/Q155
Akhisar,167883,TR,http://www.wikidata.org/entity/Q43
Oyama,167874,JP,http://www.wikidata.org/entity/Q17
Riohacha,167865,CO,http://www.wikidata.org/entity/Q739
Hirosaki,167803,JP,http://www.wikidata.org/entity/Q17
Villa Canales,167779,GT,http://www.wikidata.org/entity/Q774
Maricá,167668,BR,http://www.wikidata.org/entity/Q155
Burutu,167648,NG,http://www.wikidata.org/entity/Q1033
Teresópolis,167622,BR,http://www.wikidata.org/entity/Q155
Tigaraksa,167487,ID,http://www.wikidata.org/entity/Q252
Cox's Bazar,167477,BD,http://www.wikidata.org/entity/Q902
Águas Lindas de Goiás,167477,BR,http://www.wikidata.org/entity/Q155
Angra dos Reis,167434,BR,http://www.wikidata.org/entity/Q155
Yatta,167424,PS,http://www.wikidata.org/entity/Q219060
Lauro de Freitas,167308,BR,http://www.wikidata.org/entity/Q155
Tuguegarao,167297,PH,http://www.wikidata.org/entity/Q928
Itapecerica da Serra,167236,BR,http://www.wikidata.org/entity/Q155
Geneva,167167,CH,http://www.wikidata.org/entity/Q39
Atibaia,167161,BR,http://www.wikidata.org/entity/Q155
Mesquita,167127,BR,http://www.wikidata.org/entity/Q155
Itu,167095,BR,http://www.wikidata.org/entity/Q155
Nova Friburgo,167081,BR,http://www.wikidata.org/entity/Q155
Arar,167057,SA,http://www.wikidata.org/entity/Q851
Jubail,167008,SA,http://www.wikidata.org/entity/Q851
Osnabrück,166960,DE,http://www.wikidata.org/entity/Q183
Chandannagar,166867,IN,http://www.wikidata.org/entity/Q668
Portmore,166845,JM,http://www.wikidata.org/entity/Q766
Linhares,166786,BR,http://www.wikidata.org/entity/Q155
Clarksville,166722,US,http://www.wikidata.org/entity/Q30
Le Havre,166687,FR,http://www.wikidata.org/entity/Q142
Kismayo,166667,SO,http://www.wikidata.org/entity/Q1045
Parauapebas,166342,BR,http://www.wikidata.org/entity/Q155
Siirt,166332,TR,http://www.wikidata.org/entity/Q43
Caxias,166159,BR,http://www.wikidata.org/entity/Q155
Akhisar,166129,TR,http://www.wikidata.org/entity/Q43
Greater Sudbury,166004,CA,http://www.wikidata.org/entity/Q16
Niiza,165997,JP,http://www.wikidata.org/entity/Q17
Albacete City,165938,ES,http://www.wikidata.org/entity/Q29
Takaoka,165880,JP,http://www.wikidata.org/entity/Q17
Tanjungbalai,165763,ID,http://www.wikidata.org/entity/Q252
Teresópolis,165716,BR,http://www.wikidata.org/entity/Q155
Kushiro,165699,JP,http://www.wikidata.org/entity/Q17
Iwata,165688,JP,http://www.wikidata.org/entity/Q17
Obihiro,165684,JP,http://www.wikidata.org/entity/Q17
São Caetano do Sul,165655,BR,http://www.wikidata.org/entity/Q155
Béchar,165627,DZ,http://www.wikidata.org/entity/Q262
Caxias,165525,BR,http://www.wikidata.org/entity/Q155
Körfez,165503,TR,http://www.wikidata.org/entity/Q43
Singida,165492,TZ,http://www.wikidata.org/entity/Q924
Dakhla,165463,MA,http://www.wikidata.org/entity/Q1028
Dakhla,165463,EH,http://www.wikidata.org/entity/Q6250
Warrington,165456,GB,http://www.wikidata.org/entity/Q145
Geneva,165404,CH,http://www.wikidata.org/entity/Q39
Udupi,165401,IN,http://www.wikidata.org/entity/Q668
Atyrau,165387,KZ,http://www.wikidata.org/entity/Q232
Saqqez,165258,IR,http://www.wikidata.org/entity/Q794
Abu Kabir,165246,EG,http://www.wikidata.org/entity/Q79
Faizabad,165228,IN,http://www.wikidata.org/entity/Q668
Bielsko-Biała,165127,PL,http://www.wikidata.org/entity/Q36
Teresópolis,165123,BR,http://www.wikidata.org/entity/Q155
Khanewal,165038,PK,http://www.wikidata.org/entity/Q843
Idlib,165000,SY,http://www.wikidata.org/entity/Q858
Unaizah,165000,SA,http://www.wikidata.org/entity/Q851
Lages,164981,BR,http://www.wikidata.org/entity/Q155
Dourados,164949,BR,http://www.wikidata.org/entity/Q155
Palhoça,164926,BR,http://www.wikidata.org/entity/Q155
Cienfuegos,164924,CU,http://www.wikidata.org/entity/Q241
Caxias,164880,BR,http://www.wikidata.org/entity/Q155
Ilhéus,164844,BR,http://www.wikidata.org/entity/Q155
Arish,164830,EG,http://www.wikidata.org/entity/Q79
Darmstadt,164792,DE,http://www.wikidata.org/entity/Q183
Cianjur,164753,ID,http://www.wikidata.org/entity/Q252
Turkistan,164746,KZ,http://www.wikidata.org/entity/Q232
Matarieh,164743,EG,http://www.wikidata.org/entity/Q79
Akhisar,164557,TR,http://www.wikidata.org/entity/Q43
Maricá,164504,BR,http://www.wikidata.org/entity/Q155
Kostanay,164500,KZ,http://www.wikidata.org/entity/Q232
Abengourou,164424,CI,http://www.wikidata.org/entity/Q1008
Kanchipuram,164384,IN,http://www.wikidata.org/entity/Q668
Nyingchi,164331,CN,http://www.wikidata.org/entity/Q148
Hadano,164292,JP,http://www.wikidata.org/entity/Q17
Teixeira de Freitas,164290,BR,http://www.wikidata.org/entity/Q155
Chillán,164270,CL,http://www.wikidata.org/entity/Q298
Caxias,164224,BR,http://www.wikidata.org/entity/Q155
Angra dos Reis,164191,BR,http://www.wikidata.org/entity/Q155
Musoma,164172,TZ,http://www.wikidata.org/entity/Q924
Q50179,164020,PH,http://www.wikidata.org/entity/Q928
Geneva,163998,CH,http://www.wikidata.org/entity/Q39
Dangjin,163762,KR,http://www.wikidata.org/entity/Q884
Almetyevsk,163747,RU,http://www.wikidata.org/entity/Q159
Teresópolis,163746,BR,http://www.wikidata.org/entity/Q155
Poços de Caldas,163742,BR,http://www.wikidata.org/entity/Q155
Villeurbanne,163684,FR,http://www.wikidata.org/entity/Q142
Blida,163586,DZ,http://www.wikidata.org/entity/Q262
Sidon,163554,LB,http://www.wikidata.org/entity/Q822
Caxias,163546,BR,http://www.wikidata.org/entity/Q155
Salinas,163542,US,http://www.wikidata.org/entity/Q30
Águas Lindas de Goiás,163495,BR,http://www.wikidata.org/entity/Q155
Lauro de Freitas,163449,BR,http://www.wikidata.org/entity/Q155
Caxias,163428,BR,http://www.wikidata.org/entity/Q155
Tokat,163405,TR,http://www.wikidata.org/entity/Q43
Moga,163397,IN,http://www.wikidata.org/entity/Q668
Pocheon,163388,KR,http://www.wikidata.org/entity/Q884
Skikda,163318,DZ,http://www.wikidata.org/entity/Q262
Muzaffargarh,163268,PK,http://www.wikidata.org/entity/Q843
Muridke,163268,PK,http://www.wikidata.org/entity/Q843
Turgutlu,163223,TR,http://www.wikidata.org/entity/Q43
Jizzakh,163200,UZ,http://www.wikidata.org/entity/Q265
Akhisar,163107,TR,http://www.wikidata.org/entity/Q43
Heidelberg,162960,DE,http://www.wikidata.org/entity/Q183
Hayward,162954,US,http://www.wikidata.org/entity/Q30
Huddersfield,162949,GB,http://www.wikidata.org/entity/Q145
Ube,162873,JP,http://www.wikidata.org/entity/Q17
Ibirité,162867,BR,http://www.wikidata.org/entity/Q155
Capas,162724,PH,http://www.wikidata.org/entity/Q928
Anaco,162704,VE,http://www.wikidata.org/entity/Q717
Caxias,162657,BR,http://www.wikidata.org/entity/Q155
Gölcük,162584,TR,http://www.wikidata.org/entity/Q43
Teixeira de Freitas,162438,BR,http://www.wikidata.org/entity/Q155
Sullana,162434,PE,http://www.wikidata.org/entity/Q419
Ilhéus,162327,BR,http://www.wikidata.org/entity/Q155
Taldyqorğan,162300,KZ,http://www.wikidata.org/entity/Q232
Jequié,162209,BR,http://www.wikidata.org/entity/Q155
Kitale,162169,KE,http://www.wikidata.org/entity/Q114
Parnaíba,162159,BR,http://www.wikidata.org/entity/Q155
Teresópolis,162075,BR,http://www.wikidata.org/entity/Q155
Nazilli,162041,TR,http://www.wikidata.org/entity/Q43
Ouidah,162034,BJ,http://www.wikidata.org/entity/Q962
Blida,162000,DZ,http://www.wikidata.org/entity/Q262
Várzea Grande,161958,BR,http://www.wikidata.org/entity/Q155
Caxias,161926,BR,http://www.wikidata.org/entity/Q155
Godhra,161925,IN,http://www.wikidata.org/entity/Q668
Jequié,161880,BR,http://www.wikidata.org/entity/Q155
Dijon,161830,FR,http://www.wikidata.org/entity/Q142
Metro,161799,ID,http://www.wikidata.org/entity/Q252
Perugia,161748,IT,http://www.wikidata.org/entity/Q38
Camaçari,161727,BR,http://www.wikidata.org/entity/Q155
Nador,161726,MA,http://www.wikidata.org/entity/Q1028
Teixeira de Freitas,161690,BR,http://www.wikidata.org/entity/Q155
Tema,161612,GH,http://www.wikidata.org/entity/Q117
N'dalatando,161584,AO,http://www.wikidata.org/entity/Q916
Cadiz,161558,PH,http://www.wikidata.org/entity/Q928
Solingen,161545,DE,http://www.wikidata.org/entity/Q183
Jequié,161528,BR,http://www.wikidata.org/entity/Q155
Daule,161498,EC,http://www.wikidata.org/entity/Q736
Castanhal,161497,BR,http://www.wikidata.org/entity/Q155
Geneva,161473,CH,http://www.wikidata.org/entity/Q39
Inage-ku,161438,JP,http://www.wikidata.org/entity/Q17
Bontang,161413,ID,http://www.wikidata.org/entity/Q252
Palhoça,161395,BR,http://www.wikidata.org/entity/Q155
Jequié,161391,BR,http://www.wikidata.org/entity/Q155
Danao,161307,PH,http://www.wikidata.org/entity/Q928
Maricá,161207,BR,http://www.wikidata.org/entity/Q155
Alagoinhas,161196,BR,http://www.wikidata.org/entity/Q155
Jequié,161150,BR,http://www.wikidata.org/entity/Q155
Caxias,161137,BR,http://www.wikidata.org/entity/Q155
San Cristóbal de La Laguna,161108,ES,http://www.wikidata.org/entity/Q29
Tacheng,161037,CN,http://www.wikidata.org/entity/Q148
Ibirité,160943,BR,http://www.wikidata.org/entity/Q155
Kidapawan,160864,PH,http://www.wikidata.org/entity/Q928
Türkmenabat,160799,TM,http://www.wikidata.org/entity/Q874
Chittoor,160722,IN,http://www.wikidata.org/entity/Q668
Alagoinhas,160662,BR,http://www.wikidata.org/entity/Q155
Geneva,160645,CH,http://www.wikidata.org/entity/Q39
Pindamonhangaba,160614,BR,http://www.wikidata.org/entity/Q155
Split,160577,HR,http://www.wikidata.org/entity/Q224
Novocherkassk,160529,RU,http://www.wikidata.org/entity/Q159
Teixeira de Freitas,160487,BR,http://www.wikidata.org/entity/Q155
Miyakonojō,160392,JP,http://www.wikidata.org/entity/Q17
Brebes,160340,ID,http://www.wikidata.org/entity/Q252
Đồng Hới,160325,VN,http://www.wikidata.org/entity/Q881
Mogi Guaçu,160318,BR,http://www.wikidata.org/entity/Q155
Kamensk-Uralsky,160312,RU,http://www.wikidata.org/entity/Q159
Caxias,160291,BR,http://www.wikidata.org/entity/Q155
Ferkessédougou,160267,CI,http://www.wikidata.org/entity/Q1008
Southend-on-Sea,160257,GB,http://www.wikidata.org/entity/Q145
Parauapebas,160228,BR,http://www.wikidata.org/entity/Q155
Ciudad Acuña,160225,MX,http://www.wikidata.org/entity/Q96
Ezeiza,160219,AR,http://www.wikidata.org/entity/Q414
Khost,160214,AF,http://www.wikidata.org/entity/Q889
Koudougou,160207,BF,http://www.wikidata.org/entity/Q965
Bingöl,160165,TR,http://www.wikidata.org/entity/Q43
Dhamar,160114,YE,http://www.wikidata.org/entity/Q805
Tyre,160000,LB,http://www.wikidata.org/entity/Q822
San Nicolás de los Arroyos,159978,AR,http://www.wikidata.org/entity/Q414
Milagro,159970,EC,http://www.wikidata.org/entity/Q736
Teresópolis,159968,BR,http://www.wikidata.org/entity/Q155
Ceyhan,159955,TR,http://www.wikidata.org/entity/Q43
Ilhéus,159923,BR,http://www.wikidata.org/entity/Q155
Geneva,159895,CH,http://www.wikidata.org/entity/Q39
Manzanillo,159853,MX,http://www.wikidata.org/entity/Q96
Teixeira de Freitas,159813,BR,http://www.wikidata.org/entity/Q155
Ekibastuz,159760,KZ,http://www.wikidata.org/entity/Q232
Mogi Guaçu,159735,BR,http://www.wikidata.org/entity/Q155
Barreiras,159734,BR,http://www.wikidata.org/entity/Q155
Paterson,159732,US,http://www.wikidata.org/entity/Q30
Newport,159600,GB,http://www.wikidata.org/entity/Q145
Geneva,159527,CH,http://www.wikidata.org/entity/Q39
Alexandria,159467,US,http://www.wikidata.org/entity/Q30
Regensburg,159465,DE,http://www.wikidata.org/entity/Q183
Chirchiq,159400,UZ,http://www.wikidata.org/entity/Q265
Caxias,159396,BR,http://www.wikidata.org/entity/Q155
Águas Lindas de Goiás,159378,BR,http://www.wikidata.org/entity/Q155
Patos de Minas,159235,BR,http://www.wikidata.org/entity/Q155
Ramat Gan,159200,IL,http://www.wikidata.org/entity/Q801
Uttarpara Kotrung,159147,IN,http://www.wikidata.org/entity/Q668
San Fernando del Valle de Catamarca,159139,AR,http://www.wikidata.org/entity/Q414
Hat Yai,159130,TH,http://www.wikidata.org/entity/Q869
Castanhal,159110,BR,http://www.wikidata.org/entity/Q155
Praia,159050,CV,http://www.wikidata.org/entity/Q1011
Angers,159022,FR,http://www.wikidata.org/entity/Q142
Ibirité,158954,BR,http://www.wikidata.org/entity/Q155
Jamalpur,158873,BD,http://www.wikidata.org/entity/Q902
Suzano,158839,BR,http://www.wikidata.org/entity/Q155
Jequié,158813,BR,http://www.wikidata.org/entity/Q155
Geneva,158806,CH,http://www.wikidata.org/entity/Q39
Benoni,158777,ZA,http://www.wikidata.org/entity/Q258
Djelfa,158679,DZ,http://www.wikidata.org/entity/Q262
Akhisar,158614,TR,http://www.wikidata.org/entity/Q43
Matsusaka,158472,JP,http://www.wikidata.org/entity/Q17
Teixeira de Freitas,158445,BR,http://www.wikidata.org/entity/Q155
Barreiras,158432,BR,http://www.wikidata.org/entity/Q155
Geneva,158426,CH,http://www.wikidata.org/entity/Q39
Klaipėda,158420,LT,http://www.wikidata.org/entity/Q37
Ōgaki-shi,158386,JP,http://www.wikidata.org/entity/Q17
Buenos Aires,158385,PE,http://www.wikidata.org/entity/Q419
Bharuch,158253,IN,http://www.wikidata.org/entity/Q668
Nador,158202,MA,http://www.wikidata.org/entity/Q1028
Abaetetuba,158188,BR,http://www.wikidata.org/entity/Q155
Tacheng,158098,CN,http://www.wikidata.org/entity/Q148
Caxias,158059,BR,http://www.wikidata.org/entity/Q155
Kasama,158051,ZM,http://www.wikidata.org/entity/Q953
Ibarra,157941,EC,http://www.wikidata.org/entity/Q736
Herne,157896,DE,http://www.wikidata.org/entity/Q183
Gojra,157863,PK,http://www.wikidata.org/entity/Q843
Palhoça,157833,BR,http://www.wikidata.org/entity/Q155
Teixeira de Freitas,157804,BR,http://www.wikidata.org/entity/Q155
Maricá,157789,BR,http://www.wikidata.org/entity/Q155
Girga,157754,EG,http://www.wikidata.org/entity/Q79
Benha,157701,EG,http://www.wikidata.org/entity/Q79
Ilhéus,157639,BR,http://www.wikidata.org/entity/Q155
Barreiras,157638,BR,http://www.wikidata.org/entity/Q155
Calama,157575,CL,http://www.wikidata.org/entity/Q298
San Miguel,157532,AR,http://www.wikidata.org/entity/Q414
Erzincan,157452,TR,http://www.wikidata.org/entity/Q43
Ibirité,157438,BR,http://www.wikidata.org/entity/Q155
George,157394,ZA,http://www.wikidata.org/entity/Q258
Qift,157383,EG,http://www.wikidata.org/entity/Q79
Paranaguá,157378,BR,http://www.wikidata.org/entity/Q155
Mandi Bahauddin,157352,PK,http://www.wikidata.org/entity/Q843
Macon,157346,US,http://www.wikidata.org/entity/Q30
Geneva,157322,CH,http://www.wikidata.org/entity/Q39
Châu Đốc,157298,VN,http://www.wikidata.org/entity/Q881
Szeged,157282,HU,http://www.wikidata.org/entity/Q28
Zlatoust,157244,RU,http://www.wikidata.org/entity/Q159
Akhisar,157161,TR,http://www.wikidata.org/entity/Q43
Corona,157136,US,http://www.wikidata.org/entity/Q30
Erode,157101,IN,http://www.wikidata.org/entity/Q668
Itapetininga,157016,BR,http://www.wikidata.org/entity/Q155
Harar,157000,ET,http://www.wikidata.org/entity/Q115
Barreiras,156975,BR,http://www.wikidata.org/entity/Q155
Caxias,156973,BR,http://www.wikidata.org/entity/Q155
Lauro de Freitas,156936,BR,http://www.wikidata.org/entity/Q155
Zabrze,156935,PL,http://www.wikidata.org/entity/Q36
Daura,156872,NG,http://www.wikidata.org/entity/Q1033
San Jose,156714,PH,http://www.wikidata.org/entity/Q928
Santa Maria,156609,BR,http://www.wikidata.org/entity/Q155
Kansas City,156607,US,http://www.wikidata.org/entity/Q30
Saharsa,156540,IN,http://www.wikidata.org/entity/Q668
Rio das Ostras,156491,BR,http://www.wikidata.org/entity/Q155
Adzopé,156488,CI,http://www.wikidata.org/entity/Q1008
Portmore,156469,JM,http://www.wikidata.org/entity/Q766
Qalyub,156363,EG,http://www.wikidata.org/entity/Q79
Getafe,156358,ES,http://www.wikidata.org/entity/Q29
Getafe,156330,ES,http://www.wikidata.org/entity/Q29
Caxias,156327,BR,http://www.wikidata.org/entity/Q155
Jequié,156277,BR,http://www.wikidata.org/entity/Q155
Lévis,156225,CA,http://www.wikidata.org/entity/Q16
Paranaguá,156174,BR,http://www.wikidata.org/entity/Q155
Ghorahi,156164,NP,http://www.wikidata.org/entity/Q837
Grenoble,156140,FR,http://www.wikidata.org/entity/Q142
Virrey del Pino,156132,AR,http://www.wikidata.org/entity/Q414
Jequié,156126,BR,http://www.wikidata.org/entity/Q155
Cẩm Phả,156000,VN,http://www.wikidata.org/entity/Q881
Lakewood,155984,US,http://www.wikidata.org/entity/Q30
Alagoinhas,155979,BR,http://www.wikidata.org/entity/Q155
Jequié,155966,BR,http://www.wikidata.org/entity/Q155
Azaz,155965,SY,http://www.wikidata.org/entity/Q858
Vidisha,155959,IN,http://www.wikidata.org/entity/Q668
Springfield,155929,US,http://www.wikidata.org/entity/Q30
Pathankot,155909,IN,http://www.wikidata.org/entity/Q668
Sunnyvale,155805,US,http://www.wikidata.org/entity/Q30
Jequié,155800,BR,http://www.wikidata.org/entity/Q155
Ravenna,155751,IT,http://www.wikidata.org/entity/Q38
Paderborn,155749,DE,http://www.wikidata.org/entity/Q183
Hitachinaka,155680,JP,http://www.wikidata.org/entity/Q17
Teixeira de Freitas,155659,BR,http://www.wikidata.org/entity/Q155
Saint-Denis,155634,FR,http://www.wikidata.org/entity/Q142
Nablus,155545,PS,http://www.wikidata.org/entity/Q219060
Maxixe,155521,MZ,http://www.wikidata.org/entity/Q1029
Barreiras,155519,BR,http://www.wikidata.org/entity/Q155
Cap-Haïtien,155505,HT,http://www.wikidata.org/entity/Q790
Esmeraldas,155487,EC,http://www.wikidata.org/entity/Q736
Barreiras,155439,BR,http://www.wikidata.org/entity/Q155
Alagoinhas,155362,BR,http://www.wikidata.org/entity/Q155
Ibirité,155290,BR,http://www.wikidata.org/entity/Q155
Neuss,155163,DE,http://www.wikidata.org/entity/Q183
Khasavyurt,155144,RU,http://www.wikidata.org/entity/Q159
Chlef,155134,DZ,http://www.wikidata.org/entity/Q262
Caxias,155129,BR,http://www.wikidata.org/entity/Q155
Camaragibe,155054,BR,http://www.wikidata.org/entity/Q155
Salzburg,155021,AT,http://www.wikidata.org/entity/Q40
Paranaguá,154936,BR,http://www.wikidata.org/entity/Q155
Uiwang,154879,KR,http://www.wikidata.org/entity/Q884
Hanam,154838,KR,http://www.wikidata.org/entity/Q884
Ghoriwala,154773,PK,http://www.wikidata.org/entity/Q843
Zango,154743,NG,http://www.wikidata.org/entity/Q1033
Barra Mansa,154719,BR,http://www.wikidata.org/entity/Q155
Brăila,154686,RO,http://www.wikidata.org/entity/Q218
Port-Gentil,154632,GA,http://www.wikidata.org/entity/Q1000
Butembo,154621,CD,http://www.wikidata.org/entity/Q974
Saint-Louis,154555,SN,http://www.wikidata.org/entity/Q1041
Alagoinhas,154495,BR,http://www.wikidata.org/entity/Q155
Edremit,154487,TR,http://www.wikidata.org/entity/Q43
Rudrapur,154485,IN,http://www.wikidata.org/entity/Q668
Abu Kabir,154466,EG,http://www.wikidata.org/entity/Q79
Bandırma,154359,TR,http://www.wikidata.org/entity/Q43
Hitachinaka,154311,JP,http://www.wikidata.org/entity/Q17
Palhoça,154244,BR,http://www.wikidata.org/entity/Q155
Mogi Guaçu,154146,BR,http://www.wikidata.org/entity/Q155
Santana de Parnaíba,154105,BR,http://www.wikidata.org/entity/Q155
Dibrugarh,154019,IN,http://www.wikidata.org/entity/Q668
Barreiras,153918,BR,http://www.wikidata.org/entity/Q155
Parauapebas,153908,BR,http://www.wikidata.org/entity/Q155
Seogwipo,153861,KR,http://www.wikidata.org/entity/Q884
Barreiras,153831,BR,http://www.wikidata.org/entity/Q155
Teixeira de Freitas,153738,BR,http://www.wikidata.org/entity/Q155
Palo Negro,153706,VE,http://www.wikidata.org/entity/Q717
Jackson,153701,US,http://www.wikidata.org/entity/Q30
Veraval,153696,IN,http://www.wikidata.org/entity/Q668
Paranaguá,153666,BR,http://www.wikidata.org/entity/Q155
Mogi Guaçu,153658,BR,http://www.wikidata.org/entity/Q155
Hazaribagh,153595,IN,http://www.wikidata.org/entity/Q668
Alagoinhas,153560,BR,http://www.wikidata.org/entity/Q155
Hoeryong,153532,KP,http://www.wikidata.org/entity/Q423
Abbotsford,153524,CA,http://www.wikidata.org/entity/Q16
Tochigi,153508,JP,http://www.wikidata.org/entity/Q17
Méagui,153483,CI,http://www.wikidata.org/entity/Q1008
Teixeira de Freitas,153385,BR,http://www.wikidata.org/entity/Q155
Ruhengeri,153368,RW,http://www.wikidata.org/entity/Q1037
Teixeira de Freitas,153332,BR,http://www.wikidata.org/entity/Q155
Andong,153306,KR,http://www.wikidata.org/entity/Q884
Bytom,153274,PL,http://www.wikidata.org/entity/Q36
Ziguinchor,153269,SN,http://www.wikidata.org/entity/Q1041
Kariya,153178,JP,http://www.wikidata.org/entity/Q17
Nevşehir,153117,TR,http://www.wikidata.org/entity/Q43
Killeen,153095,US,http://www.wikidata.org/entity/Q30
Hollywood,153067,US,http://www.wikidata.org/entity/Q30
Krishnanagar,153062,IN,http://www.wikidata.org/entity/Q668
Mogi Guaçu,153033,BR,http://www.wikidata.org/entity/Q155
Alagoinhas,153023,BR,http://www.wikidata.org/entity/Q155
Lauro de Freitas,153016,BR,http://www.wikidata.org/entity/Q155
Maricá,153008,BR,http://www.wikidata.org/entity/Q155
Dutse,153000,NG,http://www.wikidata.org/entity/Q1033
Newcastle,152984,AU,http://www.wikidata.org/entity/Q408
Cabo de Santo Agostinho,152977,BR,http://www.wikidata.org/entity/Q155
Paranaguá,152975,BR,http://www.wikidata.org/entity/Q155
Ueda,152948,JP,http://www.wikidata.org/entity/Q17
Livorno,152914,IT,http://www.wikidata.org/entity/Q38
Tete,152909,MZ,http://www.wikidata.org/entity/Q1029
Unaizah,152895,SA,http://www.wikidata.org/entity/Q851
Barrackpore,152783,IN,http://www.wikidata.org/entity/Q668
Parauapebas,152777,BR,http://www.wikidata.org/entity/Q155
Murfreesboro,152769,US,http://www.wikidata.org/entity/Q30
Sinpo,152759,KP,http://www.wikidata.org/entity/Q423
Wazirabad,152624,PK,http://www.wikidata.org/entity/Q843
Akhisar,152582,TR,http://www.wikidata.org/entity/Q43
Alagoinhas,152570,BR,http://www.wikidata.org/entity/Q155
Pouso Alegre,152549,BR,http://www.wikidata.org/entity/Q155
Sagay,152543,PH,http://www.wikidata.org/entity/Q928
Kastamonu,152541,TR,http://www.wikidata.org/entity/Q43
Porto Seguro,152529,BR,http://www.wikidata.org/entity/Q155
Choluteca,152519,HN,http://www.wikidata.org/entity/Q783
Akhisar,152397,TR,http://www.wikidata.org/entity/Q43
Jequié,152372,BR,http://www.wikidata.org/entity/Q155
Alagoinhas,152327,BR,http://www.wikidata.org/entity/Q155
Noda,152227,JP,http://www.wikidata.org/entity/Q17
Adlersky City District,152223,RU,http://www.wikidata.org/entity/Q159
Barreiras,152208,BR,http://www.wikidata.org/entity/Q155
Gwangyang,152160,KR,http://www.wikidata.org/entity/Q884
Bau Bau,152143,ID,http://www.wikidata.org/entity/Q252
Jequié,152137,BR,http://www.wikidata.org/entity/Q155
Kawanishi,152076,JP,http://www.wikidata.org/entity/Q17
Wadi Al-Seer,152000,JO,http://www.wikidata.org/entity/Q810
Pasadena,151950,US,http://www.wikidata.org/entity/Q30
Gonbad-e Kavus,151910,IR,http://www.wikidata.org/entity/Q794
Jequié,151895,BR,http://www.wikidata.org/entity/Q155
Mogi Guaçu,151888,BR,http://www.wikidata.org/entity/Q155
Bukit Merah,151870,SG,http://www.wikidata.org/entity/Q334
Bellevue,151854,US,http://www.wikidata.org/entity/Q30
Nîmes,151839,FR,http://www.wikidata.org/entity/Q142
Paranaguá,151829,BR,http://www.wikidata.org/entity/Q155
Santipur,151777,IN,http://www.wikidata.org/entity/Q668
Pomona,151713,US,http://www.wikidata.org/entity/Q30
Les Cayes,151696,HT,http://www.wikidata.org/entity/Q790
Araucária,151666,BR,http://www.wikidata.org/entity/Q155
Matanzas,151624,CU,http://www.wikidata.org/entity/Q241
Alagoinhas,151596,BR,http://www.wikidata.org/entity/Q155
Adlersky City District,151533,RU,http://www.wikidata.org/entity/Q159
Beawar,151472,IN,http://www.wikidata.org/entity/Q668
Tauranga,151300,NZ,http://www.wikidata.org/entity/Q664
Isabela,151297,PH,http://www.wikidata.org/entity/Q928
Erode,151184,IN,http://www.wikidata.org/entity/Q668
Kerch,151103,RU,http://www.wikidata.org/entity/Q159
Kerch,151103,UA,http://www.wikidata.org/entity/Q212
Alagoinhas,151055,BR,http://www.wikidata.org/entity/Q155
Botucatu,151053,BR,http://www.wikidata.org/entity/Q155
Escondido,151038,US,http://www.wikidata.org/entity/Q30
Manzanillo,150999,CU,http://www.wikidata.org/entity/Q241
Sangatta,150990,ID,http://www.wikidata.org/entity/Q252
Podgorica,150977,ME,http://www.wikidata.org/entity/Q236
Barreiras,150896,BR,http://www.wikidata.org/entity/Q155
Alagoinhas,150832,BR,http://www.wikidata.org/entity/Q155
Copiapó,150804,CL,http://www.wikidata.org/entity/Q298
Mogi Guaçu,150713,BR,http://www.wikidata.org/entity/Q155
Kırşehir,150700,TR,http://www.wikidata.org/entity/Q43
Paranaguá,150660,BR,http://www.wikidata.org/entity/Q155
Porto Seguro,150658,BR,http://www.wikidata.org/entity/Q155
Kragujevac,150623,RS,http://www.wikidata.org/entity/Q403
Palhoça,150623,BR,http://www.wikidata.org/entity/Q155
Dodoma,150604,TZ,http://www.wikidata.org/entity/Q924
Limeira,150561,BR,http://www.wikidata.org/entity/Q155
Jequié,150541,BR,http://www.wikidata.org/entity/Q155
Manzhouli,150508,CN,http://www.wikidata.org/entity/Q148
Logroño,150503,ES,http://www.wikidata.org/entity/Q29
Toledo,150470,BR,http://www.wikidata.org/entity/Q155
Higashimurayama,150458,JP,http://www.wikidata.org/entity/Q17
Ipokia,150426,NG,http://www.wikidata.org/entity/Q1033
Ipokia,150387,NG,http://www.wikidata.org/entity/Q1033
Jaranwala,150380,PK,http://www.wikidata.org/entity/Q843
Joliet,150362,US,http://www.wikidata.org/entity/Q30
Logroño,150354,ES,http://www.wikidata.org/entity/Q29
Jequié,150351,BR,http://www.wikidata.org/entity/Q155
Santiago,150313,PH,http://www.wikidata.org/entity/Q928
Sakakah,150257,SA,http://www.wikidata.org/entity/Q851
Charleston,150227,US,http://www.wikidata.org/entity/Q30
Rondonópolis,150227,BR,http://www.wikidata.org/entity/Q155
Badajoz,150209,ES,http://www.wikidata.org/entity/Q29
Kuki,150197,JP,http://www.wikidata.org/entity/Q17
Tandil,150162,AR,http://www.wikidata.org/entity/Q414
Mesquite,150108,US,http://www.wikidata.org/entity/Q30
Paranaguá,150104,BR,http://www.wikidata.org/entity/Q155
Mzuzu,150100,MW,http://www.wikidata.org/entity/Q1020
Valdivia,150048,CL,http://www.wikidata.org/entity/Q298
Kwale,150024,NG,http://www.wikidata.org/entity/Q1033
Willemstad,150000,CW,http://www.wikidata.org/entity/Q25279
Urgench,150000,UZ,http://www.wikidata.org/entity/Q265
Taldyqorğan,150000,KZ,http://www.wikidata.org/entity/Q232
Santa Teresa del Tuy,150000,VE,http://www.wikidata.org/entity/Q717
Kulim,150000,MY,http://www.wikidata.org/entity/Q833
Ani,150000,TR,http://www.wikidata.org/entity/Q43
Babylon,150000,IQ,http://www.wikidata.org/entity/Q796
Nawa,150000,SY,http://www.wikidata.org/entity/Q858
Bakassi,150000,NG,http://www.wikidata.org/entity/Q1033
Tenochtitlan,150000,MX,http://www.wikidata.org/entity/Q96
Bahía Blanca,150000,AR,http://www.wikidata.org/entity/Q414
Muzaffarabad,149913,PK,http://www.wikidata.org/entity/Q843
Santa Rita,149910,BR,http://www.wikidata.org/entity/Q155
Elis,149896,GR,http://www.wikidata.org/entity/Q41
Jyväskylä,149895,FI,http://www.wikidata.org/entity/Q33
Maricá,149876,BR,http://www.wikidata.org/entity/Q155
Paranaguá,149819,BR,http://www.wikidata.org/entity/Q155
Saumlaki,149790,ID,http://www.wikidata.org/entity/Q252
Aix-en-Provence,149695,FR,http://www.wikidata.org/entity/Q142
Lévis,149683,CA,http://www.wikidata.org/entity/Q16
Zacatecas,149607,MX,http://www.wikidata.org/entity/Q96
Asaba,149603,NG,http://www.wikidata.org/entity/Q1033
Mihama-ku,149572,JP,http://www.wikidata.org/entity/Q17
Naperville,149540,US,http://www.wikidata.org/entity/Q30
Paranaguá,149467,BR,http://www.wikidata.org/entity/Q155
Concordia,149450,AR,http://www.wikidata.org/entity/Q414
Lashio,149423,MM,http://www.wikidata.org/entity/Q836
Mogi Guaçu,149396,BR,http://www.wikidata.org/entity/Q155
Porto Seguro,149324,BR,http://www.wikidata.org/entity/Q155
Adlersky City District,149282,RU,http://www.wikidata.org/entity/Q159
Atyrau,149216,KZ,http://www.wikidata.org/entity/Q232
Rimini,149211,IT,http://www.wikidata.org/entity/Q38
Imabari,149209,JP,http://www.wikidata.org/entity/Q17
Port Louis,149194,MU,http://www.wikidata.org/entity/Q1027
Ağrı,149188,TR,http://www.wikidata.org/entity/Q43
Manisa,149151,TR,http://www.wikidata.org/entity/Q43
Franca,148990,BR,http://www.wikidata.org/entity/Q155
Cotia,148987,BR,http://www.wikidata.org/entity/Q155
Mongu,148972,ZM,http://www.wikidata.org/entity/Q953
Musashino,148971,JP,http://www.wikidata.org/entity/Q17
Sinop,148960,BR,http://www.wikidata.org/entity/Q155
Melipilla,148899,CL,http://www.wikidata.org/entity/Q298
Saguenay,148886,CA,http://www.wikidata.org/entity/Q16
Fazenda Rio Grande,148873,BR,http://www.wikidata.org/entity/Q155
Ajloun,148870,JO,http://www.wikidata.org/entity/Q810
Melitopol,148851,UA,http://www.wikidata.org/entity/Q212
Potchefstroom,148804,ZA,http://www.wikidata.org/entity/Q258
Porto Seguro,148686,BR,http://www.wikidata.org/entity/Q155
Mati,148672,PH,http://www.wikidata.org/entity/Q928
Rockford,148655,US,http://www.wikidata.org/entity/Q30
Bridgeport,148654,US,http://www.wikidata.org/entity/Q30
Coquitlam,148625,CA,http://www.wikidata.org/entity/Q16
Syracuse,148620,US,http://www.wikidata.org/entity/Q30
Abbottabad,148587,PK,http://www.wikidata.org/entity/Q843
Ikere,148558,NG,http://www.wikidata.org/entity/Q1033
Calapan,148558,PH,http://www.wikidata.org/entity/Q928
Sayama,148474,JP,http://www.wikidata.org/entity/Q17
Taza,148406,MA,http://www.wikidata.org/entity/Q1028
São José dos Campos,148332,BR,http://www.wikidata.org/entity/Q155
Mogi Guaçu,148327,BR,http://www.wikidata.org/entity/Q155
Logroño,148281,ES,http://www.wikidata.org/entity/Q29
Dundee,148280,GB,http://www.wikidata.org/entity/Q145
Paranaguá,148232,BR,http://www.wikidata.org/entity/Q155
Al Hawiyah,148151,SA,http://www.wikidata.org/entity/Q851
Caxias,148072,BR,http://www.wikidata.org/entity/Q155
Lüleburgaz,148037,TR,http://www.wikidata.org/entity/Q43
M'banza-Kongo,148000,AO,http://www.wikidata.org/entity/Q916
Rize,147996,TR,http://www.wikidata.org/entity/Q43
Quilpué,147991,CL,http://www.wikidata.org/entity/Q298
Rafael Castillo,147965,AR,http://www.wikidata.org/entity/Q414
Kutaisi,147900,GE,http://www.wikidata.org/entity/Q230
Komaki,147897,JP,http://www.wikidata.org/entity/Q17
Siem Reap,147866,KH,http://www.wikidata.org/entity/Q424
Barrie,147829,CA,http://www.wikidata.org/entity/Q16
Savannah,147780,US,http://www.wikidata.org/entity/Q30
Roseville,147773,US,http://www.wikidata.org/entity/Q30
Porac,147551,PH,http://www.wikidata.org/entity/Q928
Santa Cruz de Tenerife,147522,ES,http://www.wikidata.org/entity/Q29
Oxford,147500,GB,http://www.wikidata.org/entity/Q145
Villa de Álvarez,147496,MX,http://www.wikidata.org/entity/Q96
Sumbawanga,147483,TZ,http://www.wikidata.org/entity/Q924
Osorno,147460,CL,http://www.wikidata.org/entity/Q298
Malakal,147450,SS,http://www.wikidata.org/entity/Q958
Porto Seguro,147444,BR,http://www.wikidata.org/entity/Q155
Caxias,147416,BR,http://www.wikidata.org/entity/Q155
Luanshya,147400,ZM,http://www.wikidata.org/entity/Q953
Kafr el-Sheikh,147393,EG,http://www.wikidata.org/entity/Q79
Passo Fundo,147318,BR,http://www.wikidata.org/entity/Q155
Tama,147252,JP,http://www.wikidata.org/entity/Q17
Mogi Guaçu,147233,BR,http://www.wikidata.org/entity/Q155
Habra,147221,IN,http://www.wikidata.org/entity/Q668
Yonago,147210,JP,http://www.wikidata.org/entity/Q17
Jequié,147202,BR,http://www.wikidata.org/entity/Q155
Kramatorsk,147145,UA,http://www.wikidata.org/entity/Q212
Nagaon,147137,IN,http://www.wikidata.org/entity/Q668
City of Francistown,147122,BW,http://www.wikidata.org/entity/Q963
Torrance,147067,US,http://www.wikidata.org/entity/Q30
Kalemie,146974,CD,http://www.wikidata.org/entity/Q974
Colima,146965,MX,http://www.wikidata.org/entity/Q96
Dawei,146964,MM,http://www.wikidata.org/entity/Q836
Hadejia,146947,NG,http://www.wikidata.org/entity/Q1033
Cairns,146778,AU,http://www.wikidata.org/entity/Q408
Nilópolis,146774,BR,http://www.wikidata.org/entity/Q155
Beed,146709,IN,http://www.wikidata.org/entity/Q668
Florencio Varela,146704,AR,http://www.wikidata.org/entity/Q414
Porto Seguro,146625,BR,http://www.wikidata.org/entity/Q155
Daska,146579,PK,http://www.wikidata.org/entity/Q843
Maricá,146549,BR,http://www.wikidata.org/entity/Q155
Keren,146500,ER,http://www.wikidata.org/entity/Q986
Nablus,146493,PS,http://www.wikidata.org/entity/Q219060
Akhisar,146444,TR,http://www.wikidata.org/entity/Q43
West Bromwich,146386,GB,http://www.wikidata.org/entity/Q145
Larissa,146377,GR,http://www.wikidata.org/entity/Q41
Clermont-Ferrand,146351,FR,http://www.wikidata.org/entity/Q142
Le Mans,146249,FR,http://www.wikidata.org/entity/Q142
Mohali,146213,IN,http://www.wikidata.org/entity/Q668
Colina,146209,CL,http://www.wikidata.org/entity/Q298
Dadu,146179,PK,http://www.wikidata.org/entity/Q843
Mogi Guaçu,146114,BR,http://www.wikidata.org/entity/Q155
Floridablanca,146095,PH,http://www.wikidata.org/entity/Q928
Sinop,146005,BR,http://www.wikidata.org/entity/Q155
Tlemcen,146000,DZ,http://www.wikidata.org/entity/Q262
Urdaneta,145935,PH,http://www.wikidata.org/entity/Q928
Paranaguá,145829,BR,http://www.wikidata.org/entity/Q155
Franco da Rocha,145755,BR,http://www.wikidata.org/entity/Q155
Caxias,145725,BR,http://www.wikidata.org/entity/Q155
Mostaganem,145696,DZ,http://www.wikidata.org/entity/Q262
Paço do Lumiar,145643,BR,http://www.wikidata.org/entity/Q155
Etah,145601,IN,http://www.wikidata.org/entity/Q668
Gloucester,145563,GB,http://www.wikidata.org/entity/Q145
Heraklion,145440,GR,http://www.wikidata.org/entity/Q41
Porto Seguro,145431,BR,http://www.wikidata.org/entity/Q155
Ereğli,145389,TR,http://www.wikidata.org/entity/Q43
Foggia,145348,IT,http://www.wikidata.org/entity/Q38
Parauapebas,145326,BR,http://www.wikidata.org/entity/Q155
Iruma,145303,JP,http://www.wikidata.org/entity/Q17
Tiruvannamalai,145278,IN,http://www.wikidata.org/entity/Q668
Adlersky City District,145278,RU,http://www.wikidata.org/entity/Q159
Teixeira de Freitas,145216,BR,http://www.wikidata.org/entity/Q155
Castilla,145182,PE,http://www.wikidata.org/entity/Q419
Arad,145078,RO,http://www.wikidata.org/entity/Q218
Salavat,144970,RU,http://www.wikidata.org/entity/Q159
Mogi Guaçu,144963,BR,http://www.wikidata.org/entity/Q155
Khairpur,144949,PK,http://www.wikidata.org/entity/Q843
Bukoba,144938,TZ,http://www.wikidata.org/entity/Q924
Lausanne,144873,CH,http://www.wikidata.org/entity/Q39
Caxias do Sul,144871,BR,http://www.wikidata.org/entity/Q155
Comayagua,144785,HN,http://www.wikidata.org/entity/Q783
Jequié,144772,BR,http://www.wikidata.org/entity/Q155
Moshi,144739,TZ,http://www.wikidata.org/entity/Q924
Saguenay,144723,CA,http://www.wikidata.org/entity/Q16
al-Bab,144705,SY,http://www.wikidata.org/entity/Q858
Larissa,144651,GR,http://www.wikidata.org/entity/Q41
Kelowna,144576,CA,http://www.wikidata.org/entity/Q16
Umerkot,144558,PK,http://www.wikidata.org/entity/Q843
Lodhran,144512,PK,http://www.wikidata.org/entity/Q843
Trois-Rivières,144472,CA,http://www.wikidata.org/entity/Q16
Kumba,144268,CM,http://www.wikidata.org/entity/Q1009
Vitória de Santo Antão,144243,BR,http://www.wikidata.org/entity/Q155
São Lourenço da Mata,144142,BR,http://www.wikidata.org/entity/Q155
Mukalla,144137,YE,http://www.wikidata.org/entity/Q805
Abengourou,144074,CI,http://www.wikidata.org/entity/Q1008
Salamanca City,143954,ES,http://www.wikidata.org/entity/Q29
Asaka,143915,JP,http://www.wikidata.org/entity/Q17
Rhamu,143850,KE,http://www.wikidata.org/entity/Q114
Vitória de Santo Antão,143799,BR,http://www.wikidata.org/entity/Q155
Kopeysk,143751,RU,http://www.wikidata.org/entity/Q159
Guelph,143740,CA,http://www.wikidata.org/entity/Q16
Kakamigahara,143641,JP,http://www.wikidata.org/entity/Q17
Ozamiz,143620,PH,http://www.wikidata.org/entity/Q928
Fullerton,143617,US,http://www.wikidata.org/entity/Q30
Cauayan,143539,PH,http://www.wikidata.org/entity/Q928
Alagoinhas,143460,BR,http://www.wikidata.org/entity/Q155
Ciego de Ávila,143449,CU,http://www.wikidata.org/entity/Q241
Desouk,143404,EG,http://www.wikidata.org/entity/Q79
Ghazni,143379,AF,http://www.wikidata.org/entity/Q889
Hoima,143304,UG,http://www.wikidata.org/entity/Q1036
Porto Seguro,143282,BR,http://www.wikidata.org/entity/Q155
Fresnillo,143281,MX,http://www.wikidata.org/entity/Q96
Touggourt,143270,DZ,http://www.wikidata.org/entity/Q262
Kusatsu,143230,JP,http://www.wikidata.org/entity/Q17
Shillong,143229,IN,http://www.wikidata.org/entity/Q668
Atyrau,143184,KZ,http://www.wikidata.org/entity/Q232
Águas Lindas de Goiás,143179,BR,http://www.wikidata.org/entity/Q155
Surprise,143148,US,http://www.wikidata.org/entity/Q30
Cizre,143124,TR,http://www.wikidata.org/entity/Q43
Maricá,143111,BR,http://www.wikidata.org/entity/Q155
Los Ángeles,143023,CL,http://www.wikidata.org/entity/Q298
Teixeira de Freitas,143001,BR,http://www.wikidata.org/entity/Q155
Sinop,142996,BR,http://www.wikidata.org/entity/Q155
Bizerte,142966,TN,http://www.wikidata.org/entity/Q948
Ashikaga,142882,JP,http://www.wikidata.org/entity/Q17
Alagoinhas,142869,BR,http://www.wikidata.org/entity/Q155
Jamalpur,142764,BD,http://www.wikidata.org/entity/Q902
Telford,142723,GB,http://www.wikidata.org/entity/Q145
Shahrisabz,142700,UZ,http://www.wikidata.org/entity/Q265
Caruaru,142653,BR,http://www.wikidata.org/entity/Q155
Khan Yunis,142637,PS,http://www.wikidata.org/entity/Q219060
Palhoça,142558,BR,http://www.wikidata.org/entity/Q155
Garanhuns,142506,BR,http://www.wikidata.org/entity/Q155
Udu,142480,NG,http://www.wikidata.org/entity/Q1033
Moundou,142462,TD,http://www.wikidata.org/entity/Q657
Paranaguá,142452,BR,http://www.wikidata.org/entity/Q155
Trindade,142431,BR,http://www.wikidata.org/entity/Q155
Abu Kabir,142420,EG,http://www.wikidata.org/entity/Q79
Nizip,142389,TR,http://www.wikidata.org/entity/Q43
Toda,142352,JP,http://www.wikidata.org/entity/Q17
Brest,142346,FR,http://www.wikidata.org/entity/Q142
Ingolstadt,142308,DE,http://www.wikidata.org/entity/Q183
Lichinga,142253,MZ,http://www.wikidata.org/entity/Q1029
Caraguatatuba,142248,BR,http://www.wikidata.org/entity/Q155
McAllen,142210,US,http://www.wikidata.org/entity/Q30
Q873377,142171,PH,http://www.wikidata.org/entity/Q928
Negombo,142136,LK,http://www.wikidata.org/entity/Q854
Okinawa,142094,JP,http://www.wikidata.org/entity/Q17
Alagoinhas,141949,BR,http://www.wikidata.org/entity/Q155
Bahawalnagar,141935,PK,http://www.wikidata.org/entity/Q843
Misato,141913,JP,http://www.wikidata.org/entity/Q17
Chililabombwe,141899,ZM,http://www.wikidata.org/entity/Q953
Damaturu,141897,NG,http://www.wikidata.org/entity/Q1033
Olmaliq,141894,UZ,http://www.wikidata.org/entity/Q265
Thornton,141867,US,http://www.wikidata.org/entity/Q30
Moriguchi,141849,JP,http://www.wikidata.org/entity/Q17
Preston,141801,GB,http://www.wikidata.org/entity/Q145
Chipata (Fort Jameson),141800,ZM,http://www.wikidata.org/entity/Q953
Mandsaur,141667,IN,http://www.wikidata.org/entity/Q668
Jahrom,141634,IR,http://www.wikidata.org/entity/Q794
Bondoukou,141568,CI,http://www.wikidata.org/entity/Q1008
Q137822381,141478,ES,http://www.wikidata.org/entity/Q29
Paranaguá,141477,BR,http://www.wikidata.org/entity/Q155
Adlersky City District,141443,RU,http://www.wikidata.org/entity/Q159
Miskolc,141440,HU,http://www.wikidata.org/entity/Q28
Ikot Ekpene,141408,NG,http://www.wikidata.org/entity/Q1033
Khuzdar,141395,PK,http://www.wikidata.org/entity/Q843
Brusque,141385,BR,http://www.wikidata.org/entity/Q155
Visalia,141384,US,http://www.wikidata.org/entity/Q30
Pemba,141316,MZ,http://www.wikidata.org/entity/Q1029
Olathe,141290,US,http://www.wikidata.org/entity/Q30
Pitești,141275,RO,http://www.wikidata.org/entity/Q218
Gweru,141260,ZW,http://www.wikidata.org/entity/Q954
Gainesville,141085,US,http://www.wikidata.org/entity/Q30
Caraguatatuba,141084,BR,http://www.wikidata.org/entity/Q155
Luziânia,141082,BR,http://www.wikidata.org/entity/Q155
Barreiras,141081,BR,http://www.wikidata.org/entity/Q155
Porto Seguro,141006,BR,http://www.wikidata.org/entity/Q155
Fujieda,140947,JP,http://www.wikidata.org/entity/Q17
Fukaya,140930,JP,http://www.wikidata.org/entity/Q17
Mtwara,140793,TZ,http://www.wikidata.org/entity/Q924
Tabaco,140779,PH,http://www.wikidata.org/entity/Q928
Teixeira de Freitas,140709,BR,http://www.wikidata.org/entity/Q155
Middlesbrough,140545,GB,http://www.wikidata.org/entity/Q145
Queimados,140523,BR,http://www.wikidata.org/entity/Q155
Paranaguá,140469,BR,http://www.wikidata.org/entity/Q155
Samarra,140400,IQ,http://www.wikidata.org/entity/Q796
Vitória de Santo Antão,140389,BR,http://www.wikidata.org/entity/Q155
Carcar,140308,PH,http://www.wikidata.org/entity/Q928
Jhenaidah,140256,BD,http://www.wikidata.org/entity/Q902
Yaritagua,140256,VE,http://www.wikidata.org/entity/Q717
West Valley City,140230,US,http://www.wikidata.org/entity/Q30
Türkmenabat,140182,TM,http://www.wikidata.org/entity/Q874
Ji-Paraná,140101,BR,http://www.wikidata.org/entity/Q155
Spotsylvania County,140032,US,http://www.wikidata.org/entity/Q30
Torbat-e Heydarieh,140019,IR,http://www.wikidata.org/entity/Q794
Zielona Góra,140002,PL,http://www.wikidata.org/entity/Q36
Aqaba,140000,JO,http://www.wikidata.org/entity/Q810
Palhoça,139989,BR,http://www.wikidata.org/entity/Q155
Sinop,139935,BR,http://www.wikidata.org/entity/Q155
Orange,139911,US,http://www.wikidata.org/entity/Q30
Darwin,139902,AU,http://www.wikidata.org/entity/Q408
Denton,139869,US,http://www.wikidata.org/entity/Q30
Mogi Guaçu,139836,BR,http://www.wikidata.org/entity/Q155
Águas Lindas de Goiás,139804,BR,http://www.wikidata.org/entity/Q155
Paranaguá,139796,BR,http://www.wikidata.org/entity/Q155
Atbarah,139768,SD,http://www.wikidata.org/entity/Q1049
Caxias,139756,BR,http://www.wikidata.org/entity/Q155
Kanasín,139753,MX,http://www.wikidata.org/entity/Q96
Shinyanga,139727,TZ,http://www.wikidata.org/entity/Q924
Arar,139608,SA,http://www.wikidata.org/entity/Q851
Vitória de Santo Antão,139583,BR,http://www.wikidata.org/entity/Q155
Masaya,139582,NI,http://www.wikidata.org/entity/Q811
Villa Alemana,139571,CL,http://www.wikidata.org/entity/Q298
Maricá,139552,BR,http://www.wikidata.org/entity/Q155
Pakpattan,139525,PK,http://www.wikidata.org/entity/Q843
São José,139493,BR,http://www.wikidata.org/entity/Q155
Pécs,139412,HU,http://www.wikidata.org/entity/Q28
Warren,139387,US,http://www.wikidata.org/entity/Q30
Ji-Paraná,139359,BR,http://www.wikidata.org/entity/Q155
Barreiras,139284,BR,http://www.wikidata.org/entity/Q155
Tours,139259,FR,http://www.wikidata.org/entity/Q142
La Romana,139238,DO,http://www.wikidata.org/entity/Q786
Mogi Guaçu,139211,BR,http://www.wikidata.org/entity/Q155
Trois-Rivières,139163,CA,http://www.wikidata.org/entity/Q16
Balneário Camboriú,139155,BR,http://www.wikidata.org/entity/Q155
Kokshetau,139063,KZ,http://www.wikidata.org/entity/Q232
Balkanabat,139000,TM,http://www.wikidata.org/entity/Q874
Gingoog,138895,PH,http://www.wikidata.org/entity/Q928
Ishinomaki,138856,JP,http://www.wikidata.org/entity/Q17
Kuwana,138798,JP,http://www.wikidata.org/entity/Q17
Reykjavík,138772,IS,http://www.wikidata.org/entity/Q189
Vitória de Santo Antão,138757,BR,http://www.wikidata.org/entity/Q155
Paranaguá,138748,BR,http://www.wikidata.org/entity/Q155
Naga,138727,PH,http://www.wikidata.org/entity/Q928
Pasadena,138699,US,http://www.wikidata.org/entity/Q30
Adlersky City District,138572,RU,http://www.wikidata.org/entity/Q159
Sancti Spíritus,138504,CU,http://www.wikidata.org/entity/Q241
Mogi Guaçu,138494,BR,http://www.wikidata.org/entity/Q155
Waco,138486,US,http://www.wikidata.org/entity/Q30
Cambridge,138479,CA,http://www.wikidata.org/entity/Q16
Satkhira,138411,BD,http://www.wikidata.org/entity/Q902
Médéa,138355,DZ,http://www.wikidata.org/entity/Q262
Teixeira de Freitas,138341,BR,http://www.wikidata.org/entity/Q155
Mogi Guaçu,138244,BR,http://www.wikidata.org/entity/Q155
Koga,138237,JP,http://www.wikidata.org/entity/Q17
Dhahran,138135,SA,http://www.wikidata.org/entity/Q851
Dabou,138083,CI,http://www.wikidata.org/entity/Q1008
Teresópolis,138081,BR,http://www.wikidata.org/entity/Q155
Vitória de Santo Antão,137915,BR,http://www.wikidata.org/entity/Q155
Araruama,137906,BR,http://www.wikidata.org/entity/Q155
Maykop,137899,RU,http://www.wikidata.org/entity/Q159
Shūnan-shi,137899,JP,http://www.wikidata.org/entity/Q17
Sabará,137877,BR,http://www.wikidata.org/entity/Q155
Barreiras,137832,BR,http://www.wikidata.org/entity/Q155
Tsuchiura,137825,JP,http://www.wikidata.org/entity/Q17
Santa Luzia,137825,BR,http://www.wikidata.org/entity/Q155
Alagoinhas,137810,BR,http://www.wikidata.org/entity/Q155
Araruama,137773,BR,http://www.wikidata.org/entity/Q155
Cedar Rapids,137710,US,http://www.wikidata.org/entity/Q30
Luxembourg,137696,LU,http://www.wikidata.org/entity/Q32
Dayton,137644,US,http://www.wikidata.org/entity/Q30
Iğdır,137613,TR,http://www.wikidata.org/entity/Q43
Vitória de Santo Antão,137578,BR,http://www.wikidata.org/entity/Q155
Fort Portal,137549,UG,http://www.wikidata.org/entity/Q1036
Ponce,137491,US,http://www.wikidata.org/entity/Q30
Barreiras,137427,BR,http://www.wikidata.org/entity/Q155
Teófilo Otoni,137418,BR,http://www.wikidata.org/entity/Q155
Palhoça,137334,BR,http://www.wikidata.org/entity/Q155
Elizabeth,137298,US,http://www.wikidata.org/entity/Q30
Mogi Guaçu,137245,BR,http://www.wikidata.org/entity/Q155
Sinfra,137210,CI,http://www.wikidata.org/entity/Q1008
Alagoinhas,137202,BR,http://www.wikidata.org/entity/Q155
Quillacollo,137182,BO,http://www.wikidata.org/entity/Q750
Hampton,137148,US,http://www.wikidata.org/entity/Q30
Sabará,137125,BR,http://www.wikidata.org/entity/Q155
Simões Filho,137117,BR,http://www.wikidata.org/entity/Q155
Gunungsitoli,137104,ID,http://www.wikidata.org/entity/Q252
Porto Amboim,137000,AO,http://www.wikidata.org/entity/Q916
Bern,136988,CH,http://www.wikidata.org/entity/Q39
Minoh,136976,JP,http://www.wikidata.org/entity/Q17
Curicó,136954,CL,http://www.wikidata.org/entity/Q298
St. Catharines,136803,CA,http://www.wikidata.org/entity/Q16
Silay,136802,PH,http://www.wikidata.org/entity/Q928
Vitória de Santo Antão,136706,BR,http://www.wikidata.org/entity/Q155
Marivan,136654,IR,http://www.wikidata.org/entity/Q794
Huehuetenango,136639,GT,http://www.wikidata.org/entity/Q774
Columbia,136632,US,http://www.wikidata.org/entity/Q30
San Justo,136604,AR,http://www.wikidata.org/entity/Q414
Kent,136588,US,http://www.wikidata.org/entity/Q30
Adlersky City District,136578,RU,http://www.wikidata.org/entity/Q159
Dipolog,136528,PH,http://www.wikidata.org/entity/Q928
Bima,136492,ID,http://www.wikidata.org/entity/Q252
Varginha,136467,BR,http://www.wikidata.org/entity/Q155
Amiens,136449,FR,http://www.wikidata.org/entity/Q142
Bariloche,136381,AR,http://www.wikidata.org/entity/Q414
Sabará,136344,BR,http://www.wikidata.org/entity/Q155
Campo Largo,136327,BR,http://www.wikidata.org/entity/Q155
Guarapari,136311,BR,http://www.wikidata.org/entity/Q155
Manokwari,136302,ID,http://www.wikidata.org/entity/Q252
San José del Cabo,136285,MX,http://www.wikidata.org/entity/Q96
Cachoeirinha,136258,BR,http://www.wikidata.org/entity/Q155
Pagar Alam,136244,ID,http://www.wikidata.org/entity/Q252
Termez,136200,UZ,http://www.wikidata.org/entity/Q265
Wrexham County Borough,136126,GB,http://www.wikidata.org/entity/Q145
Kisarazu,136118,JP,http://www.wikidata.org/entity/Q17
Araruama,136109,BR,http://www.wikidata.org/entity/Q155
Ergani,136099,TR,http://www.wikidata.org/entity/Q43
Bacău,136087,RO,http://www.wikidata.org/entity/Q218
Simões Filho,136050,BR,http://www.wikidata.org/entity/Q155
Yaizu,136028,JP,http://www.wikidata.org/entity/Q17
General Roca,136000,AR,http://www.wikidata.org/entity/Q414
Dourados,135984,BR,http://www.wikidata.org/entity/Q155
Sabará,135968,BR,http://www.wikidata.org/entity/Q155
Tamale,135952,GH,http://www.wikidata.org/entity/Q117
Birgunj,135904,NP,http://www.wikidata.org/entity/Q837
Sinop,135874,BR,http://www.wikidata.org/entity/Q155
Tobruk,135832,LY,http://www.wikidata.org/entity/Q1016
Marituba,135812,BR,http://www.wikidata.org/entity/Q155
Vitória de Santo Antão,135805,BR,http://www.wikidata.org/entity/Q155
Simões Filho,135783,BR,http://www.wikidata.org/entity/Q155
Barreiras,135650,BR,http://www.wikidata.org/entity/Q155
Ebina,135557,JP,http://www.wikidata.org/entity/Q17
Offenbach am Main,135490,DE,http://www.wikidata.org/entity/Q183
Stamford,135470,US,http://www.wikidata.org/entity/Q30
Gitega,135467,BI,http://www.wikidata.org/entity/Q967
Sabará,135421,BR,http://www.wikidata.org/entity/Q155
Nkongsamba,135405,CM,http://www.wikidata.org/entity/Q1009
Itaituba,135369,BR,http://www.wikidata.org/entity/Q155
Larissa,135300,GR,http://www.wikidata.org/entity/Q41
Kigoma,135234,TZ,http://www.wikidata.org/entity/Q924
Santarém,135215,BR,http://www.wikidata.org/entity/Q155
Sabará,135196,BR,http://www.wikidata.org/entity/Q155
Maricá,135121,BR,http://www.wikidata.org/entity/Q155
Agboville,135082,CI,http://www.wikidata.org/entity/Q1008
Gimcheon,135076,KR,http://www.wikidata.org/entity/Q884
Shahreza,134952,IR,http://www.wikidata.org/entity/Q794
Inazawa,134938,JP,http://www.wikidata.org/entity/Q17
Caraguatatuba,134873,BR,http://www.wikidata.org/entity/Q155
Vitória de Santo Antão,134871,BR,http://www.wikidata.org/entity/Q155
Victorville,134810,US,http://www.wikidata.org/entity/Q30
Silopi,134754,TR,http://www.wikidata.org/entity/Q43
Miramar,134721,US,http://www.wikidata.org/entity/Q30
El Oued,134699,DZ,http://www.wikidata.org/entity/Q262
Simões Filho,134674,BR,http://www.wikidata.org/entity/Q155
Sabará,134576,BR,http://www.wikidata.org/entity/Q155
Yasuj,134532,IR,http://www.wikidata.org/entity/Q794
Mörön,134530,MN,http://www.wikidata.org/entity/Q711
Castanhal,134496,BR,http://www.wikidata.org/entity/Q155
Çanakkale,134478,TR,http://www.wikidata.org/entity/Q43
Ashkelon,134454,IL,http://www.wikidata.org/entity/Q801
Nakhon Ratchasima,134440,TH,http://www.wikidata.org/entity/Q869
São Mateus,134423,BR,http://www.wikidata.org/entity/Q155
Coral Springs,134394,US,http://www.wikidata.org/entity/Q30
Mit Ghamr,134386,EG,http://www.wikidata.org/entity/Q79
Sabará,134382,BR,http://www.wikidata.org/entity/Q155
Simões Filho,134377,BR,http://www.wikidata.org/entity/Q155
Sterling Heights,134346,US,http://www.wikidata.org/entity/Q30
