country,name,continent,area,population,gdp,capitalLabel,tld,flag
http://www.wikidata.org/entity/Q889,Afghanistan,Asia,652230,41454761,2813571753,Kabul,http://www.wikidata.org/entity/Q37407,http://commons.wikimedia.org/wiki/Special:FilePath/Flag%20of%20the%20Taliban.svg
http://www.wikidata.org/entity/Q889,Afghanistan,Asia,652230,41454761,3521418059,Kabul,http://www.wikidata.org/entity/Q37407,http://commons.wikimedia.org/wiki/Special:FilePath/Flag%20of%20the%20Taliban.svg
http://www.wikidata.org/entity/Q889,Afghanistan,Asia,652230,41454761,3825701438,Kabul,http://www.wikidata.org/entity/Q37407,http://commons.wikimedia.org/wiki/Special:FilePath/Flag%20of%20the%20Taliban.svg
http://www.wikidata.org/entity/Q889,Afghanistan,Asia,652230,41454761,4520946818,Kabul,http://www.wikidata.org/entity/Q37407,http://commons.wikimedia.org/wiki/Special:FilePath/Flag%20of%20the%20Taliban.svg
http://www.wikidata.org/entity/Q889,Afghanistan,Asia,652230,41454761,5224896718,Kabul,http://www.wikidata.org/entity/Q37407,http://commons.wikimedia.org/wiki/Special:FilePath/Flag%20of%20the%20Taliban.svg
http://www.wikidata.org/entity/Q889,Afghanistan,Asia,652230,41454761,6203256538,Kabul,http://www.wikidata.org/entity/Q37407,http://commons.wikimedia.org/wiki/Special:FilePath/Flag%20of%20the%20Taliban.svg
http://www.wikidata.org/entity/Q889,Afghanistan,Asia,652230,41454761,6971758282,Kabul,http://www.wikidata.org/entity/Q37407,http://commons.wikimedia.org/wiki/Special:FilePath/Flag%20of%20the%20Taliban.svg
http://www.wikidata.org/entity/Q889,Afghanistan,Asia,652230,41454761,9747886187,Kabul,http://www.wikidata.org/entity/Q37407,http://commons.wikimedia.org/wiki/Special:FilePath/Flag%20of%20the%20Taliban.svg
http://www.wikidata.org/entity/Q889,Afghanistan,Asia,652230,41454761,10109297047,Kabul,http://www.wikidata.org/entity/Q37407,http://commons.wikimedia.org/wiki/Special:FilePath/Flag%20of%20the%20Taliban.svg
http://www.wikidata.org/entity/Q889,Afghanistan,Asia,652230,41454761,12416152732,Kabul,http://www.wikidata.org/entity/Q37407,http://commons.wikimedia.org/wiki/Special:FilePath/Flag%20of%20the%20Taliban.svg
http://www.wikidata.org/entity/Q889,Afghanistan,Asia,652230,41454761,14259995441,Kabul,http://www.wikidata.org/entity/Q37407,http://commons.wikimedia.org/wiki/Special:FilePath/Flag%20of%20the%20Taliban.svg
http://www.wikidata.org/entity/Q889,Afghanistan,Asia,652230,41454761,14497243872,Kabul,http://www.wikidata.org/entity/Q37407,http://commons.wikimedia.org/wiki/Special:FilePath/Flag%20of%20the%20Taliban.svg
http://www.wikidata.org/entity/Q889,Afghanistan,Asia,652230,41454761,14583135237,Kabul,http://www.wikidata.org/entity/Q37407,http://commons.wikimedia.org/wiki/Special:FilePath/Flag%20of%20the%20Taliban.svg
http://www.wikidata.org/entity/Q889,Afghanistan,Asia,652230,41454761,15856668555,Kabul,http://www.wikidata.org/entity/Q37407,http://commons.wikimedia.org/wiki/Special:FilePath/Flag%20of%20the%20Taliban.svg
http://www.wikidata.org/entity/Q889,Afghanistan,Asia,652230,41454761,17233051620,Kabul,http://www.wikidata.org/entity/Q37407,http://commons.wikimedia.org/wiki/Special:FilePath/Flag%20of%20the%20Taliban.svg
http://www.wikidata.org/entity/Q889,Afghanistan,Asia,652230,41454761,17805098206,Kabul,http://www.wikidata.org/entity/Q37407,http://commons.wikimedia.org/wiki/Special:FilePath/Flag%20of%20the%20Taliban.svg
http://www.wikidata.org/entity/Q889,Afghanistan,Asia,652230,41454761,18053222687,Kabul,http://www.wikidata.org/entity/Q37407,http://commons.wikimedia.org/wiki/Special:FilePath/Flag%20of%20the%20Taliban.svg
http://www.wikidata.org/entity/Q889,Afghanistan,Asia,652230,41454761,18116572395,Kabul,http://www.wikidata.org/entity/Q37407,http://commons.wikimedia.org/wiki/Special:FilePath/Flag%20of%20the%20Taliban.svg
http://www.wikidata.org/entity/Q889,Afghanistan,Asia,652230,41454761,18753456497,Kabul,http://www.wikidata.org/entity/Q37407,http://commons.wikimedia.org/wiki/Special:FilePath/Flag%20of%20the%20Taliban.svg
http://www.wikidata.org/entity/Q889,Afghanistan,Asia,652230,41454761,18799444490,Kabul,http://www.wikidata.org/entity/Q37407,http://commons.wikimedia.org/wiki/Special:FilePath/Flag%20of%20the%20Taliban.svg
http://www.wikidata.org/entity/Q889,Afghanistan,Asia,652230,41454761,19134221644,Kabul,http://www.wikidata.org/entity/Q37407,http://commons.wikimedia.org/wiki/Special:FilePath/Flag%20of%20the%20Taliban.svg
http://www.wikidata.org/entity/Q889,Afghanistan,Asia,652230,41454761,19907329777,Kabul,http://www.wikidata.org/entity/Q37407,http://commons.wikimedia.org/wiki/Special:FilePath/Flag%20of%20the%20Taliban.svg
http://www.wikidata.org/entity/Q889,Afghanistan,Asia,652230,41454761,19955929052,Kabul,http://www.wikidata.org/entity/Q37407,http://commons.wikimedia.org/wiki/Special:FilePath/Flag%20of%20the%20Taliban.svg
http://www.wikidata.org/entity/Q889,Afghanistan,Asia,652230,41454761,20146416757,Kabul,http://www.wikidata.org/entity/Q37407,http://commons.wikimedia.org/wiki/Special:FilePath/Flag%20of%20the%20Taliban.svg
http://www.wikidata.org/entity/Q889,Afghanistan,Asia,652230,41454761,20497128555,Kabul,http://www.wikidata.org/entity/Q37407,http://commons.wikimedia.org/wiki/Special:FilePath/Flag%20of%20the%20Taliban.svg
http://www.wikidata.org/entity/Q222,Albania,Europe,28748,2811655,652174990,Tirana,http://www.wikidata.org/entity/Q38291,http://commons.wikimedia.org/wiki/Special:FilePath/Flag%20of%20Albania.svg
http://www.wikidata.org/entity/Q222,Albania,Europe,28748,2811655,1099559027,Tirana,http://www.wikidata.org/entity/Q38291,http://commons.wikimedia.org/wiki/Special:FilePath/Flag%20of%20Albania.svg
http://www.wikidata.org/entity/Q222,Albania,Europe,28748,2811655,1185315468,Tirana,http://www.wikidata.org/entity/Q38291,http://commons.wikimedia.org/wiki/Special:FilePath/Flag%20of%20Albania.svg
http://www.wikidata.org/entity/Q222,Albania,Europe,28748,2811655,1578102105,Tirana,http://www.wikidata.org/entity/Q38291,http://commons.wikimedia.org/wiki/Special:FilePath/Flag%20of%20Albania.svg
http://www.wikidata.org/entity/Q222,Albania,Europe,28748,2811655,1808177156,Tirana,http://www.wikidata.org/entity/Q38291,http://commons.wikimedia.org/wiki/Special:FilePath/Flag%20of%20Albania.svg
http://www.wikidata.org/entity/Q222,Albania,Europe,28748,2811655,1857337995,Tirana,http://www.wikidata.org/entity/Q38291,http://commons.wikimedia.org/wiki/Special:FilePath/Flag%20of%20Albania.svg
http://www.wikidata.org/entity/Q222,Albania,Europe,28748,2811655,1861163170,Tirana,http://www.wikidata.org/entity/Q38291,http://commons.wikimedia.org/wiki/Special:FilePath/Flag%20of%20Albania.svg
http://www.wikidata.org/entity/Q222,Albania,Europe,28748,2811655,1880950864,Tirana,http://www.wikidata.org/entity/Q38291,http://commons.wikimedia.org/wiki/Special:FilePath/Flag%20of%20Albania.svg
http://www.wikidata.org/entity/Q222,Albania,Europe,28748,2811655,1881412587,Tirana,http://www.wikidata.org/entity/Q38291,http://commons.wikimedia.org/wiki/Special:FilePath/Flag%20of%20Albania.svg
http://www.wikidata.org/entity/Q222,Albania,Europe,28748,2811655,1897050116,Tirana,http://www.wikidata.org/entity/Q38291,http://commons.wikimedia.org/wiki/Special:FilePath/Flag%20of%20Albania.svg
http://www.wikidata.org/entity/Q222,Albania,Europe,28748,2811655,2028553750,Tirana,http://www.wikidata.org/entity/Q38291,http://commons.wikimedia.org/wiki/Special:FilePath/Flag%20of%20Albania.svg
http://www.wikidata.org/entity/Q222,Albania,Europe,28748,2811655,2051236250,Tirana,http://www.wikidata.org/entity/Q38291,http://commons.wikimedia.org/wiki/Special:FilePath/Flag%20of%20Albania.svg
http://www.wikidata.org/entity/Q222,Albania,Europe,28748,2811655,2080796250,Tirana,http://www.wikidata.org/entity/Q38291,http://commons.wikimedia.org/wiki/Special:FilePath/Flag%20of%20Albania.svg
http://www.wikidata.org/entity/Q222,Albania,Europe,28748,2811655,2097326250,Tirana,http://www.wikidata.org/entity/Q38291,http://commons.wikimedia.org/wiki/Special:FilePath/Flag%20of%20Albania.svg
http://www.wikidata.org/entity/Q222,Albania,Europe,28748,2811655,2253090000,Tirana,http://www.wikidata.org/entity/Q38291,http://commons.wikimedia.org/wiki/Special:FilePath/Flag%20of%20Albania.svg
http://www.wikidata.org/entity/Q222,Albania,Europe,28748,2811655,2258513974,Tirana,http://www.wikidata.org/entity/Q38291,http://commons.wikimedia.org/wiki/Special:FilePath/Flag%20of%20Albania.svg
http://www.wikidata.org/entity/Q222,Albania,Europe,28748,2811655,2392764853,Tirana,http://www.wikidata.org/entity/Q38291,http://commons.wikimedia.org/wiki/Special:FilePath/Flag%20of%20Albania.svg
http://www.wikidata.org/entity/Q222,Albania,Europe,28748,2811655,2545964540,Tirana,http://www.wikidata.org/entity/Q38291,http://commons.wikimedia.org/wiki/Special:FilePath/Flag%20of%20Albania.svg
http://www.wikidata.org/entity/Q222,Albania,Europe,28748,2811655,3199640815,Tirana,http://www.wikidata.org/entity/Q38291,http://commons.wikimedia.org/wiki/Special:FilePath/Flag%20of%20Albania.svg
http://www.wikidata.org/entity/Q222,Albania,Europe,28748,2811655,3212121650,Tirana,http://www.wikidata.org/entity/Q38291,http://commons.wikimedia.org/wiki/Special:FilePath/Flag%20of%20Albania.svg
http://www.wikidata.org/entity/Q222,Albania,Europe,28748,2811655,3480355258,Tirana,http://www.wikidata.org/entity/Q38291,http://commons.wikimedia.org/wiki/Special:FilePath/Flag%20of%20Albania.svg
http://www.wikidata.org/entity/Q222,Albania,Europe,28748,2811655,3922100793,Tirana,http://www.wikidata.org/entity/Q38291,http://commons.wikimedia.org/wiki/Special:FilePath/Flag%20of%20Albania.svg
http://www.wikidata.org/entity/Q222,Albania,Europe,28748,2811655,4348068242,Tirana,http://www.wikidata.org/entity/Q38291,http://commons.wikimedia.org/wiki/Special:FilePath/Flag%20of%20Albania.svg
http://www.wikidata.org/entity/Q222,Albania,Europe,28748,2811655,5611496257,Tirana,http://www.wikidata.org/entity/Q38291,http://commons.wikimedia.org/wiki/Special:FilePath/Flag%20of%20Albania.svg
http://www.wikidata.org/entity/Q222,Albania,Europe,28748,2811655,7184685781,Tirana,http://www.wikidata.org/entity/Q38291,http://commons.wikimedia.org/wiki/Special:FilePath/Flag%20of%20Albania.svg
http://www.wikidata.org/entity/Q222,Albania,Europe,28748,2811655,8052077248,Tirana,http://www.wikidata.org/entity/Q38291,http://commons.wikimedia.org/wiki/Special:FilePath/Flag%20of%20Albania.svg
http://www.wikidata.org/entity/Q222,Albania,Europe,28748,2811655,8896075004,Tirana,http://www.wikidata.org/entity/Q38291,http://commons.wikimedia.org/wiki/Special:FilePath/Flag%20of%20Albania.svg
http://www.wikidata.org/entity/Q222,Albania,Europe,28748,2811655,10677324852,Tirana,http://www.wikidata.org/entity/Q38291,http://commons.wikimedia.org/wiki/Special:FilePath/Flag%20of%20Albania.svg
http://www.wikidata.org/entity/Q222,Albania,Europe,28748,2811655,11386853113,Tirana,http://www.wikidata.org/entity/Q38291,http://commons.wikimedia.org/wiki/Special:FilePath/Flag%20of%20Albania.svg
http://www.wikidata.org/entity/Q222,Albania,Europe,28748,2811655,11861199830,Tirana,http://www.wikidata.org/entity/Q38291,http://commons.wikimedia.org/wiki/Special:FilePath/Flag%20of%20Albania.svg
http://www.wikidata.org/entity/Q222,Albania,Europe,28748,2811655,11926926615,Tirana,http://www.wikidata.org/entity/Q38291,http://commons.wikimedia.org/wiki/Special:FilePath/Flag%20of%20Albania.svg
http://www.wikidata.org/entity/Q222,Albania,Europe,28748,2811655,12044205549,Tirana,http://www.wikidata.org/entity/Q38291,http://commons.wikimedia.org/wiki/Special:FilePath/Flag%20of%20Albania.svg
http://www.wikidata.org/entity/Q222,Albania,Europe,28748,2811655,12319834195,Tirana,http://www.wikidata.org/entity/Q38291,http://commons.wikimedia.org/wiki/Special:FilePath/Flag%20of%20Albania.svg
http://www.wikidata.org/entity/Q222,Albania,Europe,28748,2811655,12776224496,Tirana,http://www.wikidata.org/entity/Q38291,http://commons.wikimedia.org/wiki/Special:FilePath/Flag%20of%20Albania.svg
http://www.wikidata.org/entity/Q222,Albania,Europe,28748,2811655,12881352893,Tirana,http://www.wikidata.org/entity/Q38291,http://commons.wikimedia.org/wiki/Special:FilePath/Flag%20of%20Albania.svg
http://www.wikidata.org/entity/Q222,Albania,Europe,28748,2811655,12890760315,Tirana,http://www.wikidata.org/entity/Q38291,http://commons.wikimedia.org/wiki/Special:FilePath/Flag%20of%20Albania.svg
http://www.wikidata.org/entity/Q222,Albania,Europe,28748,2811655,13019726211,Tirana,http://www.wikidata.org/entity/Q38291,http://commons.wikimedia.org/wiki/Special:FilePath/Flag%20of%20Albania.svg
http://www.wikidata.org/entity/Q222,Albania,Europe,28748,2811655,13228147516,Tirana,http://www.wikidata.org/entity/Q38291,http://commons.wikimedia.org/wiki/Special:FilePath/Flag%20of%20Albania.svg
http://www.wikidata.org/entity/Q222,Albania,Europe,28748,2811655,15241458744,Tirana,http://www.wikidata.org/entity/Q38291,http://commons.wikimedia.org/wiki/Special:FilePath/Flag%20of%20Albania.svg
http://www.wikidata.org/entity/Q222,Albania,Europe,28748,2811655,15379509891,Tirana,http://www.wikidata.org/entity/Q38291,http://commons.wikimedia.org/wiki/Special:FilePath/Flag%20of%20Albania.svg
http://www.wikidata.org/entity/Q222,Albania,Europe,28748,2811655,15585105131,Tirana,http://www.wikidata.org/entity/Q38291,http://commons.wikimedia.org/wiki/Special:FilePath/Flag%20of%20Albania.svg
http://www.wikidata.org/entity/Q222,Albania,Europe,28748,2811655,17930565119,Tirana,http://www.wikidata.org/entity/Q38291,http://commons.wikimedia.org/wiki/Special:FilePath/Flag%20of%20Albania.svg
http://www.wikidata.org/entity/Q222,Albania,Europe,28748,2811655,18032010563,Tirana,http://www.wikidata.org/entity/Q38291,http://commons.wikimedia.org/wiki/Special:FilePath/Flag%20of%20Albania.svg
http://www.wikidata.org/entity/Q222,Albania,Europe,28748,2811655,18882095518,Tirana,http://www.wikidata.org/entity/Q38291,http://commons.wikimedia.org/wiki/Special:FilePath/Flag%20of%20Albania.svg
http://www.wikidata.org/entity/Q222,Albania,Europe,28748,2811655,19017242585,Tirana,http://www.wikidata.org/entity/Q38291,http://commons.wikimedia.org/wiki/Special:FilePath/Flag%20of%20Albania.svg
http://www.wikidata.org/entity/Q222,Albania,Europe,28748,2811655,23547179830,Tirana,http://www.wikidata.org/entity/Q38291,http://commons.wikimedia.org/wiki/Special:FilePath/Flag%20of%20Albania.svg
http://www.wikidata.org/entity/Q262,Algeria,Africa,2381741,46164219,163472233246,Algiers,http://www.wikidata.org/entity/Q41039,http://commons.wikimedia.org/wiki/Special:FilePath/Flag%20of%20Algeria.svg
http://www.wikidata.org/entity/Q262,Algeria,Africa,2381741,46164219,191912889421,Algiers,http://www.wikidata.org/entity/Q41039,http://commons.wikimedia.org/wiki/Special:FilePath/Flag%20of%20Algeria.svg
http://www.wikidata.org/entity/Q228,Andorra,Europe,468,87486,3325145407,Andorra la Vella,http://www.wikidata.org/entity/Q36552,http://commons.wikimedia.org/wiki/Special:FilePath/Flag%20of%20Andorra.svg
http://www.wikidata.org/entity/Q228,Andorra,Europe,468,87486,3352032737,Andorra la Vella,http://www.wikidata.org/entity/Q36552,http://commons.wikimedia.org/wiki/Special:FilePath/Flag%20of%20Andorra.svg
http://www.wikidata.org/entity/Q916,Angola,Africa,1246700,36749906,4438321017,Luanda,http://www.wikidata.org/entity/Q39006,http://commons.wikimedia.org/wiki/Special:FilePath/Flag%20of%20Angola.svg
http://www.wikidata.org/entity/Q916,Angola,Africa,1246700,36749906,5538749259,Luanda,http://www.wikidata.org/entity/Q39006,http://commons.wikimedia.org/wiki/Special:FilePath/Flag%20of%20Angola.svg
http://www.wikidata.org/entity/Q916,Angola,Africa,1246700,36749906,5550483035,Luanda,http://www.wikidata.org/entity/Q39006,http://commons.wikimedia.org/wiki/Special:FilePath/Flag%20of%20Angola.svg
http://www.wikidata.org/entity/Q916,Angola,Africa,1246700,36749906,5768720421,Luanda,http://www.wikidata.org/entity/Q39006,http://commons.wikimedia.org/wiki/Special:FilePath/Flag%20of%20Angola.svg
http://www.wikidata.org/entity/Q916,Angola,Africa,1246700,36749906,5784341596,Luanda,http://www.wikidata.org/entity/Q39006,http://commons.wikimedia.org/wiki/Special:FilePath/Flag%20of%20Angola.svg
http://www.wikidata.org/entity/Q916,Angola,Africa,1246700,36749906,5930503400,Luanda,http://www.wikidata.org/entity/Q39006,http://commons.wikimedia.org/wiki/Special:FilePath/Flag%20of%20Angola.svg
http://www.wikidata.org/entity/Q916,Angola,Africa,1246700,36749906,6131475065,Luanda,http://www.wikidata.org/entity/Q39006,http://commons.wikimedia.org/wiki/Special:FilePath/Flag%20of%20Angola.svg
http://www.wikidata.org/entity/Q916,Angola,Africa,1246700,36749906,6152923310,Luanda,http://www.wikidata.org/entity/Q39006,http://commons.wikimedia.org/wiki/Special:FilePath/Flag%20of%20Angola.svg
http://www.wikidata.org/entity/Q916,Angola,Africa,1246700,36749906,6506229607,Luanda,http://www.wikidata.org/entity/Q39006,http://commons.wikimedia.org/wiki/Special:FilePath/Flag%20of%20Angola.svg
http://www.wikidata.org/entity/Q916,Angola,Africa,1246700,36749906,7072536108,Luanda,http://www.wikidata.org/entity/Q39006,http://commons.wikimedia.org/wiki/Special:FilePath/Flag%20of%20Angola.svg
http://www.wikidata.org/entity/Q916,Angola,Africa,1246700,36749906,7526446605,Luanda,http://www.wikidata.org/entity/Q39006,http://commons.wikimedia.org/wiki/Special:FilePath/Flag%20of%20Angola.svg
http://www.wikidata.org/entity/Q916,Angola,Africa,1246700,36749906,7554065410,Luanda,http://www.wikidata.org/entity/Q39006,http://commons.wikimedia.org/wiki/Special:FilePath/Flag%20of%20Angola.svg
http://www.wikidata.org/entity/Q916,Angola,Africa,1246700,36749906,7648377412,Luanda,http://www.wikidata.org/entity/Q39006,http://commons.wikimedia.org/wiki/Special:FilePath/Flag%20of%20Angola.svg
http://www.wikidata.org/entity/Q916,Angola,Africa,1246700,36749906,8084412414,Luanda,http://www.wikidata.org/entity/Q39006,http://commons.wikimedia.org/wiki/Special:FilePath/Flag%20of%20Angola.svg
http://www.wikidata.org/entity/Q916,Angola,Africa,1246700,36749906,8307810973,Luanda,http://www.wikidata.org/entity/Q39006,http://commons.wikimedia.org/wiki/Special:FilePath/Flag%20of%20Angola.svg
http://www.wikidata.org/entity/Q916,Angola,Africa,1246700,36749906,8769836768,Luanda,http://www.wikidata.org/entity/Q39006,http://commons.wikimedia.org/wiki/Special:FilePath/Flag%20of%20Angola.svg
http://www.wikidata.org/entity/Q916,Angola,Africa,1246700,36749906,8936079117,Luanda,http://www.wikidata.org/entity/Q39006,http://commons.wikimedia.org/wiki/Special:FilePath/Flag%20of%20Angola.svg
http://www.wikidata.org/entity/Q916,Angola,Africa,1246700,36749906,9129594970,Luanda,http://www.wikidata.org/entity/Q39006,http://commons.wikimedia.org/wiki/Special:FilePath/Flag%20of%20Angola.svg
http://www.wikidata.org/entity/Q916,Angola,Africa,1246700,36749906,10201780976,Luanda,http://www.wikidata.org/entity/Q39006,http://commons.wikimedia.org/wiki/Special:FilePath/Flag%20of%20Angola.svg
http://www.wikidata.org/entity/Q916,Angola,Africa,1246700,36749906,10603784541,Luanda,http://www.wikidata.org/entity/Q39006,http://commons.wikimedia.org/wiki/Special:FilePath/Flag%20of%20Angola.svg
http://www.wikidata.org/entity/Q916,Angola,Africa,1246700,36749906,11229515599,Luanda,http://www.wikidata.org/entity/Q39006,http://commons.wikimedia.org/wiki/Special:FilePath/Flag%20of%20Angola.svg
http://www.wikidata.org/entity/Q916,Angola,Africa,1246700,36749906,15285592370,Luanda,http://www.wikidata.org/entity/Q39006,http://commons.wikimedia.org/wiki/Special:FilePath/Flag%20of%20Angola.svg
http://www.wikidata.org/entity/Q916,Angola,Africa,1246700,36749906,17812704586,Luanda,http://www.wikidata.org/entity/Q39006,http://commons.wikimedia.org/wiki/Special:FilePath/Flag%20of%20Angola.svg
http://www.wikidata.org/entity/Q916,Angola,Africa,1246700,36749906,23552057679,Luanda,http://www.wikidata.org/entity/Q39006,http://commons.wikimedia.org/wiki/Special:FilePath/Flag%20of%20Angola.svg
http://www.wikidata.org/entity/Q916,Angola,Africa,1246700,36749906,36970900883,Luanda,http://www.wikidata.org/entity/Q39006,http://commons.wikimedia.org/wiki/Special:FilePath/Flag%20of%20Angola.svg
http://www.wikidata.org/entity/Q916,Angola,Africa,1246700,36749906,48501561203,Luanda,http://www.wikidata.org/entity/Q39006,http://commons.wikimedia.org/wiki/Special:FilePath/Flag%20of%20Angola.svg
http://www.wikidata.org/entity/Q916,Angola,Africa,1246700,36749906,52381025141,Luanda,http://www.wikidata.org/entity/Q39006,http://commons.wikimedia.org/wiki/Special:FilePath/Flag%20of%20Angola.svg
http://www.wikidata.org/entity/Q916,Angola,Africa,1246700,36749906,52761617225,Luanda,http://www.wikidata.org/entity/Q39006,http://commons.wikimedia.org/wiki/Special:FilePath/Flag%20of%20Angola.svg
http://www.wikidata.org/entity/Q916,Angola,Africa,1246700,36749906,65266415494,Luanda,http://www.wikidata.org/entity/Q39006,http://commons.wikimedia.org/wiki/Special:FilePath/Flag%20of%20Angola.svg
http://www.wikidata.org/entity/Q916,Angola,Africa,1246700,36749906,66505129987,Luanda,http://www.wikidata.org/entity/Q39006,http://commons.wikimedia.org/wiki/Special:FilePath/Flag%20of%20Angola.svg
http://www.wikidata.org/entity/Q916,Angola,Africa,1246700,36749906,70307196181,Luanda,http://www.wikidata.org/entity/Q39006,http://commons.wikimedia.org/wiki/Special:FilePath/Flag%20of%20Angola.svg
http://www.wikidata.org/entity/Q916,Angola,Africa,1246700,36749906,70897962732,Luanda,http://www.wikidata.org/entity/Q39006,http://commons.wikimedia.org/wiki/Special:FilePath/Flag%20of%20Angola.svg
http://www.wikidata.org/entity/Q916,Angola,Africa,1246700,36749906,73690154990,Luanda,http://www.wikidata.org/entity/Q39006,http://commons.wikimedia.org/wiki/Special:FilePath/Flag%20of%20Angola.svg
http://www.wikidata.org/entity/Q916,Angola,Africa,1246700,36749906,79450688259,Luanda,http://www.wikidata.org/entity/Q39006,http://commons.wikimedia.org/wiki/Special:FilePath/Flag%20of%20Angola.svg
http://www.wikidata.org/entity/Q916,Angola,Africa,1246700,36749906,83799474069,Luanda,http://www.wikidata.org/entity/Q39006,http://commons.wikimedia.org/wiki/Special:FilePath/Flag%20of%20Angola.svg
http://www.wikidata.org/entity/Q916,Angola,Africa,1246700,36749906,84824654481,Luanda,http://www.wikidata.org/entity/Q39006,http://commons.wikimedia.org/wiki/Special:FilePath/Flag%20of%20Angola.svg
http://www.wikidata.org/entity/Q916,Angola,Africa,1246700,36749906,88538665084,Luanda,http://www.wikidata.org/entity/Q39006,http://commons.wikimedia.org/wiki/Special:FilePath/Flag%20of%20Angola.svg
http://www.wikidata.org/entity/Q916,Angola,Africa,1246700,36749906,90496420506,Luanda,http://www.wikidata.org/entity/Q39006,http://commons.wikimedia.org/wiki/Special:FilePath/Flag%20of%20Angola.svg
http://www.wikidata.org/entity/Q916,Angola,Africa,1246700,36749906,104399746853,Luanda,http://www.wikidata.org/entity/Q39006,http://commons.wikimedia.org/wiki/Special:FilePath/Flag%20of%20Angola.svg
http://www.wikidata.org/entity/Q916,Angola,Africa,1246700,36749906,111789747670,Luanda,http://www.wikidata.org/entity/Q39006,http://commons.wikimedia.org/wiki/Special:FilePath/Flag%20of%20Angola.svg
http://www.wikidata.org/entity/Q916,Angola,Africa,1246700,36749906,128052915766,Luanda,http://www.wikidata.org/entity/Q39006,http://commons.wikimedia.org/wiki/Special:FilePath/Flag%20of%20Angola.svg
http://www.wikidata.org/entity/Q916,Angola,Africa,1246700,36749906,132339109040,Luanda,http://www.wikidata.org/entity/Q39006,http://commons.wikimedia.org/wiki/Special:FilePath/Flag%20of%20Angola.svg
http://www.wikidata.org/entity/Q916,Angola,Africa,1246700,36749906,135966802586,Luanda,http://www.wikidata.org/entity/Q39006,http://commons.wikimedia.org/wiki/Special:FilePath/Flag%20of%20Angola.svg
http://www.wikidata.org/entity/Q781,Antigua and Barbuda,North America,440.29,101489,1560518519,St. John's,http://www.wikidata.org/entity/Q37539,http://commons.wikimedia.org/wiki/Special:FilePath/Flag%20of%20Antigua%20and%20Barbuda.svg
http://www.wikidata.org/entity/Q781,Antigua and Barbuda,North America,440.29,101489,1757603704,St. John's,http://www.wikidata.org/entity/Q37539,http://commons.wikimedia.org/wiki/Special:FilePath/Flag%20of%20Antigua%20and%20Barbuda.svg
http://www.wikidata.org/entity/Q781,Antigua and Barbuda,North America,440.29,101489,1560518519,St. John's,http://www.wikidata.org/entity/Q37539,http://commons.wikimedia.org/wiki/Special:FilePath/Flag%20of%20Antigua%20and%20Barbuda%20%281956%E2%80%931962%29.svg
http://www.wikidata.org/entity/Q781,Antigua and Barbuda,North America,440.29,101489,1757603704,St. John's,http://www.wikidata.org/entity/Q37539,http://commons.wikimedia.org/wiki/Special:FilePath/Flag%20of%20Antigua%20and%20Barbuda%20%281956%E2%80%931962%29.svg
http://www.wikidata.org/entity/Q781,Antigua and Barbuda,North America,440.29,101489,1560518519,St. John's,http://www.wikidata.org/entity/Q37539,http://commons.wikimedia.org/wiki/Special:FilePath/Flag%20of%20Antigua%20and%20Barbuda%20%281962%E2%80%931967%29.svg
http://www.wikidata.org/entity/Q781,Antigua and Barbuda,North America,440.29,101489,1757603704,St. John's,http://www.wikidata.org/entity/Q37539,http://commons.wikimedia.org/wiki/Special:FilePath/Flag%20of%20Antigua%20and%20Barbuda%20%281962%E2%80%931967%29.svg
http://www.wikidata.org/entity/Q414,Argentina,South America,2780400,47327407,18272123664,Buenos Aires,http://www.wikidata.org/entity/Q38300,http://commons.wikimedia.org/wiki/Special:FilePath/Flag%20of%20Argentina.svg
http://www.wikidata.org/entity/Q414,Argentina,South America,2780400,47327407,24256667553,Buenos Aires,http://www.wikidata.org/entity/Q38300,http://commons.wikimedia.org/wiki/Special:FilePath/Flag%20of%20Argentina.svg
http://www.wikidata.org/entity/Q414,Argentina,South America,2780400,47327407,24450604877,Buenos Aires,http://www.wikidata.org/entity/Q38300,http://commons.wikimedia.org/wiki/Special:FilePath/Flag%20of%20Argentina.svg
http://www.wikidata.org/entity/Q414,Argentina,South America,2780400,47327407,25605249381,Buenos Aires,http://www.wikidata.org/entity/Q38300,http://commons.wikimedia.org/wiki/Special:FilePath/Flag%20of%20Argentina.svg
http://www.wikidata.org/entity/Q414,Argentina,South America,2780400,47327407,26436857247,Buenos Aires,http://www.wikidata.org/entity/Q38300,http://commons.wikimedia.org/wiki/Special:FilePath/Flag%20of%20Argentina.svg
http://www.wikidata.org/entity/Q414,Argentina,South America,2780400,47327407,28344705966,Buenos Aires,http://www.wikidata.org/entity/Q38300,http://commons.wikimedia.org/wiki/Special:FilePath/Flag%20of%20Argentina.svg
http://www.wikidata.org/entity/Q414,Argentina,South America,2780400,47327407,28630474727,Buenos Aires,http://www.wikidata.org/entity/Q38300,http://commons.wikimedia.org/wiki/Special:FilePath/Flag%20of%20Argentina.svg
http://www.wikidata.org/entity/Q414,Argentina,South America,2780400,47327407,31256284543,Buenos Aires,http://www.wikidata.org/entity/Q38300,http://commons.wikimedia.org/wiki/Special:FilePath/Flag%20of%20Argentina.svg
http://www.wikidata.org/entity/Q414,Argentina,South America,2780400,47327407,31584210365,Buenos Aires,http://www.wikidata.org/entity/Q38300,http://commons.wikimedia.org/wiki/Special:FilePath/Flag%20of%20Argentina.svg
http://www.wikidata.org/entity/Q414,Argentina,South America,2780400,47327407,33293199095,Buenos Aires,http://www.wikidata.org/entity/Q38300,http://commons.wikimedia.org/wiki/Special:FilePath/Flag%20of%20Argentina.svg
http://www.wikidata.org/entity/Q414,Argentina,South America,2780400,47327407,34733000536,Buenos Aires,http://www.wikidata.org/entity/Q38300,http://commons.wikimedia.org/wiki/Special:FilePath/Flag%20of%20Argentina.svg
http://www.wikidata.org/entity/Q414,Argentina,South America,2780400,47327407,51169499892,Buenos Aires,http://www.wikidata.org/entity/Q38300,http://commons.wikimedia.org/wiki/Special:FilePath/Flag%20of%20Argentina.svg
http://www.wikidata.org/entity/Q414,Argentina,South America,2780400,47327407,52438647921,Buenos Aires,http://www.wikidata.org/entity/Q38300,http://commons.wikimedia.org/wiki/Special:FilePath/Flag%20of%20Argentina.svg
http://www.wikidata.org/entity/Q414,Argentina,South America,2780400,47327407,52544000116,Buenos Aires,http://www.wikidata.org/entity/Q38300,http://commons.wikimedia.org/wiki/Special:FilePath/Flag%20of%20Argentina.svg
http://www.wikidata.org/entity/Q414,Argentina,South America,2780400,47327407,56781000101,Buenos Aires,http://www.wikidata.org/entity/Q38300,http://commons.wikimedia.org/wiki/Special:FilePath/Flag%20of%20Argentina.svg
http://www.wikidata.org/entity/Q414,Argentina,South America,2780400,47327407,69252328951,Buenos Aires,http://www.wikidata.org/entity/Q38300,http://commons.wikimedia.org/wiki/Special:FilePath/Flag%20of%20Argentina.svg
http://www.wikidata.org/entity/Q414,Argentina,South America,2780400,47327407,72436777342,Buenos Aires,http://www.wikidata.org/entity/Q38300,http://commons.wikimedia.org/wiki/Special:FilePath/Flag%20of%20Argentina.svg
http://www.wikidata.org/entity/Q414,Argentina,South America,2780400,47327407,76629728760,Buenos Aires,http://www.wikidata.org/entity/Q38300,http://commons.wikimedia.org/wiki/Special:FilePath/Flag%20of%20Argentina.svg
http://www.wikidata.org/entity/Q414,Argentina,South America,2780400,47327407,76961923741,Buenos Aires,http://www.wikidata.org/entity/Q38300,http://commons.wikimedia.org/wiki/Special:FilePath/Flag%20of%20Argentina.svg
http://www.wikidata.org/entity/Q414,Argentina,South America,2780400,47327407,78676842366,Buenos Aires,http://www.wikidata.org/entity/Q38300,http://commons.wikimedia.org/wiki/Special:FilePath/Flag%20of%20Argentina.svg
http://www.wikidata.org/entity/Q414,Argentina,South America,2780400,47327407,84307486836,Buenos Aires,http://www.wikidata.org/entity/Q38300,http://commons.wikimedia.org/wiki/Special:FilePath/Flag%20of%20Argentina.svg
http://www.wikidata.org/entity/Q414,Argentina,South America,2780400,47327407,88150891728,Buenos Aires,http://www.wikidata.org/entity/Q38300,http://commons.wikimedia.org/wiki/Special:FilePath/Flag%20of%20Argentina.svg
http://www.wikidata.org/entity/Q414,Argentina,South America,2780400,47327407,89049453088,Buenos Aires,http://www.wikidata.org/entity/Q38300,http://commons.wikimedia.org/wiki/Special:FilePath/Flag%20of%20Argentina.svg
http://www.wikidata.org/entity/Q414,Argentina,South America,2780400,47327407,97724004251,Buenos Aires,http://www.wikidata.org/entity/Q38300,http://commons.wikimedia.org/wiki/Special:FilePath/Flag%20of%20Argentina.svg
http://www.wikidata.org/entity/Q414,Argentina,South America,2780400,47327407,103979106777,Buenos Aires,http://www.wikidata.org/entity/Q38300,http://commons.wikimedia.org/wiki/Special:FilePath/Flag%20of%20Argentina.svg
http://www.wikidata.org/entity/Q414,Argentina,South America,2780400,47327407,643628393281,Buenos Aires,http://www.wikidata.org/entity/Q38300,http://commons.wikimedia.org/wiki/Special:FilePath/Flag%20of%20Argentina.svg
http://www.wikidata.org/entity/Q414,Argentina,South America,2780400,47327407,646075277525,Buenos Aires,http://www.wikidata.org/entity/Q38300,http://commons.wikimedia.org/wiki/Special:FilePath/Flag%20of%20Argentina.svg
http://www.wikidata.org/entity/Q414,Argentina,South America,2780400,47327407,105872372613,Buenos Aires,http://www.wikidata.org/entity/Q38300,http://commons.wikimedia.org/wiki/Special:FilePath/Flag%20of%20Argentina.svg
http://www.wikidata.org/entity/Q414,Argentina,South America,2780400,47327407,108810885301,Buenos Aires,http://www.wikidata.org/entity/Q38300,http://commons.wikimedia.org/wiki/Special:FilePath/Flag%20of%20Argentina.svg
http://www.wikidata.org/entity/Q414,Argentina,South America,2780400,47327407,116915052107,Buenos Aires,http://www.wikidata.org/entity/Q38300,http://commons.wikimedia.org/wiki/Special:FilePath/Flag%20of%20Argentina.svg
http://www.wikidata.org/entity/Q414,Argentina,South America,2780400,47327407,126890235049,Buenos Aires,http://www.wikidata.org/entity/Q38300,http://commons.wikimedia.org/wiki/Special:FilePath/Flag%20of%20Argentina.svg
http://www.wikidata.org/entity/Q414,Argentina,South America,2780400,47327407,127586973492,Buenos Aires,http://www.wikidata.org/entity/Q38300,http://commons.wikimedia.org/wiki/Special:FilePath/Flag%20of%20Argentina.svg
http://www.wikidata.org/entity/Q414,Argentina,South America,2780400,47327407,141352630146,Buenos Aires,http://www.wikidata.org/entity/Q38300,http://commons.wikimedia.org/wiki/Special:FilePath/Flag%20of%20Argentina.svg
http://www.wikidata.org/entity/Q414,Argentina,South America,2780400,47327407,164657930452,Buenos Aires,http://www.wikidata.org/entity/Q38300,http://commons.wikimedia.org/wiki/Special:FilePath/Flag%20of%20Argentina.svg
http://www.wikidata.org/entity/Q414,Argentina,South America,2780400,47327407,189719984268,Buenos Aires,http://www.wikidata.org/entity/Q38300,http://commons.wikimedia.org/wiki/Special:FilePath/Flag%20of%20Argentina.svg
http://www.wikidata.org/entity/Q414,Argentina,South America,2780400,47327407,198737095012,Buenos Aires,http://www.wikidata.org/entity/Q38300,http://commons.wikimedia.org/wiki/Special:FilePath/Flag%20of%20Argentina.svg
http://www.wikidata.org/entity/Q414,Argentina,South America,2780400,47327407,228778917308,Buenos Aires,http://www.wikidata.org/entity/Q38300,http://commons.wikimedia.org/wiki/Special:FilePath/Flag%20of%20Argentina.svg
http://www.wikidata.org/entity/Q414,Argentina,South America,2780400,47327407,232557260817,Buenos Aires,http://www.wikidata.org/entity/Q38300,http://commons.wikimedia.org/wiki/Special:FilePath/Flag%20of%20Argentina.svg
http://www.wikidata.org/entity/Q414,Argentina,South America,2780400,47327407,236741715015,Buenos Aires,http://www.wikidata.org/entity/Q38300,http://commons.wikimedia.org/wiki/Special:FilePath/Flag%20of%20Argentina.svg
http://www.wikidata.org/entity/Q414,Argentina,South America,2780400,47327407,257440000000,Buenos Aires,http://www.wikidata.org/entity/Q38300,http://commons.wikimedia.org/wiki/Special:FilePath/Flag%20of%20Argentina.svg
http://www.wikidata.org/entity/Q414,Argentina,South America,2780400,47327407,258031750000,Buenos Aires,http://www.wikidata.org/entity/Q38300,http://commons.wikimedia.org/wiki/Special:FilePath/Flag%20of%20Argentina.svg
http://www.wikidata.org/entity/Q414,Argentina,South America,2780400,47327407,268696750000,Buenos Aires,http://www.wikidata.org/entity/Q38300,http://commons.wikimedia.org/wiki/Special:FilePath/Flag%20of%20Argentina.svg
http://www.wikidata.org/entity/Q414,Argentina,South America,2780400,47327407,272149750000,Buenos Aires,http://www.wikidata.org/entity/Q38300,http://commons.wikimedia.org/wiki/Special:FilePath/Flag%20of%20Argentina.svg
http://www.wikidata.org/entity/Q414,Argentina,South America,2780400,47327407,283523000000,Buenos Aires,http://www.wikidata.org/entity/Q38300,http://commons.wikimedia.org/wiki/Special:FilePath/Flag%20of%20Argentina.svg
http://www.wikidata.org/entity/Q414,Argentina,South America,2780400,47327407,284203750000,Buenos Aires,http://www.wikidata.org/entity/Q38300,http://commons.wikimedia.org/wiki/Special:FilePath/Flag%20of%20Argentina.svg
http://www.wikidata.org/entity/Q414,Argentina,South America,2780400,47327407,287530508430,Buenos Aires,http://www.wikidata.org/entity/Q38300,http://commons.wikimedia.org/wiki/Special:FilePath/Flag%20of%20Argentina.svg
http://www.wikidata.org/entity/Q414,Argentina,South America,2780400,47327407,292859000000,Buenos Aires,http://www.wikidata.org/entity/Q38300,http://commons.wikimedia.org/wiki/Special:FilePath/Flag%20of%20Argentina.svg
http://www.wikidata.org/entity/Q414,Argentina,South America,2780400,47327407,298948250000,Buenos Aires,http://www.wikidata.org/entity/Q38300,http://commons.wikimedia.org/wiki/Special:FilePath/Flag%20of%20Argentina.svg
http://www.wikidata.org/entity/Q414,Argentina,South America,2780400,47327407,332976484577,Buenos Aires,http://www.wikidata.org/entity/Q38300,http://commons.wikimedia.org/wiki/Special:FilePath/Flag%20of%20Argentina.svg
http://www.wikidata.org/entity/Q414,Argentina,South America,2780400,47327407,361558037110,Buenos Aires,http://www.wikidata.org/entity/Q38300,http://commons.wikimedia.org/wiki/Special:FilePath/Flag%20of%20Argentina.svg
http://www.wikidata.org/entity/Q414,Argentina,South America,2780400,47327407,385740508436,Buenos Aires,http://www.wikidata.org/entity/Q38300,http://commons.wikimedia.org/wiki/Special:FilePath/Flag%20of%20Argentina.svg
http://www.wikidata.org/entity/Q414,Argentina,South America,2780400,47327407,423627422092,Buenos Aires,http://www.wikidata.org/entity/Q38300,http://commons.wikimedia.org/wiki/Special:FilePath/Flag%20of%20Argentina.svg
http://www.wikidata.org/entity/Q414,Argentina,South America,2780400,47327407,447754683615,Buenos Aires,http://www.wikidata.org/entity/Q38300,http://commons.wikimedia.org/wiki/Special:FilePath/Flag%20of%20Argentina.svg
http://www.wikidata.org/entity/Q414,Argentina,South America,2780400,47327407,486564085480,Buenos Aires,http://www.wikidata.org/entity/Q38300,http://commons.wikimedia.org/wiki/Special:FilePath/Flag%20of%20Argentina.svg
http://www.wikidata.org/entity/Q414,Argentina,South America,2780400,47327407,487227125386,Buenos Aires,http://www.wikidata.org/entity/Q38300,http://commons.wikimedia.org/wiki/Special:FilePath/Flag%20of%20Argentina.svg
http://www.wikidata.org/entity/Q414,Argentina,South America,2780400,47327407,524819892360,Buenos Aires,http://www.wikidata.org/entity/Q38300,http://commons.wikimedia.org/wiki/Special:FilePath/Flag%20of%20Argentina.svg
http://www.wikidata.org/entity/Q414,Argentina,South America,2780400,47327407,526319673731,Buenos Aires,http://www.wikidata.org/entity/Q38300,http://commons.wikimedia.org/wiki/Special:FilePath/Flag%20of%20Argentina.svg
http://www.wikidata.org/entity/Q414,Argentina,South America,2780400,47327407,530158122010,Buenos Aires,http://www.wikidata.org/entity/Q38300,http://commons.wikimedia.org/wiki/Special:FilePath/Flag%20of%20Argentina.svg
http://www.wikidata.org/entity/Q414,Argentina,South America,2780400,47327407,545982375701,Buenos Aires,http://www.wikidata.org/entity/Q38300,http://commons.wikimedia.org/wiki/Special:FilePath/Flag%20of%20Argentina.svg
http://www.wikidata.org/entity/Q414,Argentina,South America,2780400,47327407,552025140252,Buenos Aires,http://www.wikidata.org/entity/Q38300,http://commons.wikimedia.org/wiki/Special:FilePath/Flag%20of%20Argentina.svg
http://www.wikidata.org/entity/Q414,Argentina,South America,2780400,47327407,557532320662,Buenos Aires,http://www.wikidata.org/entity/Q38300,http://commons.wikimedia.org/wiki/Special:FilePath/Flag%20of%20Argentina.svg
http://www.wikidata.org/entity/Q414,Argentina,South America,2780400,47327407,594749285413,Buenos Aires,http://www.wikidata.org/entity/Q38300,http://commons.wikimedia.org/wiki/Special:FilePath/Flag%20of%20Argentina.svg
http://www.wikidata.org/entity/Q414,Argentina,South America,2780400,47327407,632770284409,Buenos Aires,http://www.wikidata.org/entity/Q38300,http://commons.wikimedia.org/wiki/Special:FilePath/Flag%20of%20Argentina.svg
http://www.wikidata.org/entity/Q414,Argentina,South America,2780400,47327407,632790070063,Buenos Aires,http://www.wikidata.org/entity/Q38300,http://commons.wikimedia.org/wiki/Special:FilePath/Flag%20of%20Argentina.svg
http://www.wikidata.org/entity/Q399,Armenia,Asia,29743.423459,2930450,1201312829,Yerevan,http://www.wikidata.org/entity/Q37245,http://commons.wikimedia.org/wiki/Special:FilePath/Flag%20of%20Armenia.svg
http://www.wikidata.org/entity/Q399,Armenia,Asia,29743.423459,2930450,1201312829,Yerevan,http://www.wikidata.org/entity/Q18578153,http://commons.wikimedia.org/wiki/Special:FilePath/Flag%20of%20Armenia.svg
http://www.wikidata.org/entity/Q399,Armenia,Asia,29743.423459,2930450,1272835453,Yerevan,http://www.wikidata.org/entity/Q37245,http://commons.wikimedia.org/wiki/Special:FilePath/Flag%20of%20Armenia.svg
http://www.wikidata.org/entity/Q399,Armenia,Asia,29743.423459,2930450,1315158636,Yerevan,http://www.wikidata.org/entity/Q37245,http://commons.wikimedia.org/wiki/Special:FilePath/Flag%20of%20Armenia.svg
http://www.wikidata.org/entity/Q399,Armenia,Asia,29743.423459,2930450,1468317435,Yerevan,http://www.wikidata.org/entity/Q37245,http://commons.wikimedia.org/wiki/Special:FilePath/Flag%20of%20Armenia.svg
http://www.wikidata.org/entity/Q399,Armenia,Asia,29743.423459,2930450,1596968946,Yerevan,http://www.wikidata.org/entity/Q37245,http://commons.wikimedia.org/wiki/Special:FilePath/Flag%20of%20Armenia.svg
http://www.wikidata.org/entity/Q399,Armenia,Asia,29743.423459,2930450,1639492444,Yerevan,http://www.wikidata.org/entity/Q37245,http://commons.wikimedia.org/wiki/Special:FilePath/Flag%20of%20Armenia.svg
http://www.wikidata.org/entity/Q399,Armenia,Asia,29743.423459,2930450,1845482173,Yerevan,http://www.wikidata.org/entity/Q37245,http://commons.wikimedia.org/wiki/Special:FilePath/Flag%20of%20Armenia.svg
http://www.wikidata.org/entity/Q399,Armenia,Asia,29743.423459,2930450,1893726437,Yerevan,http://www.wikidata.org/entity/Q37245,http://commons.wikimedia.org/wiki/Special:FilePath/Flag%20of%20Armenia.svg
http://www.wikidata.org/entity/Q399,Armenia,Asia,29743.423459,2930450,1911563668,Yerevan,http://www.wikidata.org/entity/Q37245,http://commons.wikimedia.org/wiki/Special:FilePath/Flag%20of%20Armenia.svg
http://www.wikidata.org/entity/Q399,Armenia,Asia,29743.423459,2930450,2069870129,Yerevan,http://www.wikidata.org/entity/Q37245,http://commons.wikimedia.org/wiki/Special:FilePath/Flag%20of%20Armenia.svg
http://www.wikidata.org/entity/Q399,Armenia,Asia,29743.423459,2930450,2118467913,Yerevan,http://www.wikidata.org/entity/Q37245,http://commons.wikimedia.org/wiki/Special:FilePath/Flag%20of%20Armenia.svg
http://www.wikidata.org/entity/Q399,Armenia,Asia,29743.423459,2930450,2256863448,Yerevan,http://www.wikidata.org/entity/Q37245,http://commons.wikimedia.org/wiki/Special:FilePath/Flag%20of%20Armenia.svg
http://www.wikidata.org/entity/Q399,Armenia,Asia,29743.423459,2930450,2376335048,Yerevan,http://www.wikidata.org/entity/Q37245,http://commons.wikimedia.org/wiki/Special:FilePath/Flag%20of%20Armenia.svg
http://www.wikidata.org/entity/Q399,Armenia,Asia,29743.423459,2930450,2807061008,Yerevan,http://www.wikidata.org/entity/Q37245,http://commons.wikimedia.org/wiki/Special:FilePath/Flag%20of%20Armenia.svg
http://www.wikidata.org/entity/Q399,Armenia,Asia,29743.423459,2930450,3576615240,Yerevan,http://www.wikidata.org/entity/Q37245,http://commons.wikimedia.org/wiki/Special:FilePath/Flag%20of%20Armenia.svg
http://www.wikidata.org/entity/Q399,Armenia,Asia,29743.423459,2930450,4900469511,Yerevan,http://www.wikidata.org/entity/Q37245,http://commons.wikimedia.org/wiki/Special:FilePath/Flag%20of%20Armenia.svg
http://www.wikidata.org/entity/Q399,Armenia,Asia,29743.423459,2930450,6384452066,Yerevan,http://www.wikidata.org/entity/Q37245,http://commons.wikimedia.org/wiki/Special:FilePath/Flag%20of%20Armenia.svg
http://www.wikidata.org/entity/Q399,Armenia,Asia,29743.423459,2930450,8647937081,Yerevan,http://www.wikidata.org/entity/Q37245,http://commons.wikimedia.org/wiki/Special:FilePath/Flag%20of%20Armenia.svg
http://www.wikidata.org/entity/Q399,Armenia,Asia,29743.423459,2930450,9206301269,Yerevan,http://www.wikidata.org/entity/Q37245,http://commons.wikimedia.org/wiki/Special:FilePath/Flag%20of%20Armenia.svg
http://www.wikidata.org/entity/Q399,Armenia,Asia,29743.423459,2930450,9260285755,Yerevan,http://www.wikidata.org/entity/Q37245,http://commons.wikimedia.org/wiki/Special:FilePath/Flag%20of%20Armenia.svg
http://www.wikidata.org/entity/Q399,Armenia,Asia,29743.423459,2930450,10142111824,Yerevan,http://www.wikidata.org/entity/Q37245,http://commons.wikimedia.org/wiki/Special:FilePath/Flag%20of%20Armenia.svg
http://www.wikidata.org/entity/Q399,Armenia,Asia,29743.423459,2930450,10546136235,Yerevan,http://www.wikidata.org/entity/Q37245,http://commons.wikimedia.org/wiki/Special:FilePath/Flag%20of%20Armenia.svg
http://www.wikidata.org/entity/Q399,Armenia,Asia,29743.423459,2930450,10553337518,Yerevan,http://www.wikidata.org/entity/Q37245,http://commons.wikimedia.org/wiki/Special:FilePath/Flag%20of%20Armenia.svg
http://www.wikidata.org/entity/Q399,Armenia,Asia,29743.423459,2930450,10619320682,Yerevan,http://www.wikidata.org/entity/Q37245,http://commons.wikimedia.org/wiki/Special:FilePath/Flag%20of%20Armenia.svg
http://www.wikidata.org/entity/Q399,Armenia,Asia,29743.423459,2930450,11121464437,Yerevan,http://www.wikidata.org/entity/Q37245,http://commons.wikimedia.org/wiki/Special:FilePath/Flag%20of%20Armenia.svg
http://www.wikidata.org/entity/Q399,Armenia,Asia,29743.423459,2930450,11527458709,Yerevan,http://www.wikidata.org/entity/Q37245,http://commons.wikimedia.org/wiki/Special:FilePath/Flag%20of%20Armenia.svg
http://www.wikidata.org/entity/Q399,Armenia,Asia,29743.423459,2930450,11609513246,Yerevan,http://www.wikidata.org/entity/Q37245,http://commons.wikimedia.org/wiki/Special:FilePath/Flag%20of%20Armenia.svg
http://www.wikidata.org/entity/Q399,Armenia,Asia,29743.423459,2930450,11662040713,Yerevan,http://www.wikidata.org/entity/Q37245,http://commons.wikimedia.org/wiki/Special:FilePath/Flag%20of%20Armenia.svg
http://www.wikidata.org/entity/Q399,Armenia,Asia,29743.423459,2930450,12457940694,Yerevan,http://www.wikidata.org/entity/Q37245,http://commons.wikimedia.org/wiki/Special:FilePath/Flag%20of%20Armenia.svg
http://www.wikidata.org/entity/Q399,Armenia,Asia,29743.423459,2930450,12641698583,Yerevan,http://www.wikidata.org/entity/Q37245,http://commons.wikimedia.org/wiki/Special:FilePath/Flag%20of%20Armenia.svg
http://www.wikidata.org/entity/Q399,Armenia,Asia,29743.423459,2930450,13619290539,Yerevan,http://www.wikidata.org/entity/Q37245,http://commons.wikimedia.org/wiki/Special:FilePath/Flag%20of%20Armenia.svg
http://www.wikidata.org/entity/Q399,Armenia,Asia,29743.423459,2930450,13861409969,Yerevan,http://www.wikidata.org/entity/Q37245,http://commons.wikimedia.org/wiki/Special:FilePath/Flag%20of%20Armenia.svg
http://www.wikidata.org/entity/Q399,Armenia,Asia,29743.423459,2930450,13878908628,Yerevan,http://www.wikidata.org/entity/Q37245,http://commons.wikimedia.org/wiki/Special:FilePath/Flag%20of%20Armenia.svg
http://www.wikidata.org/entity/Q399,Armenia,Asia,29743.423459,2930450,19502783988,Yerevan,http://www.wikidata.org/entity/Q37245,http://commons.wikimedia.org/wiki/Special:FilePath/Flag%20of%20Armenia.svg
http://www.wikidata.org/entity/Q399,Armenia,Asia,29743.423459,2930450,19513506553,Yerevan,http://www.wikidata.org/entity/Q37245,http://commons.wikimedia.org/wiki/Special:FilePath/Flag%20of%20Armenia.svg
http://www.wikidata.org/entity/Q399,Armenia,Asia,29743.423459,2930450,24085749592,Yerevan,http://www.wikidata.org/entity/Q37245,http://commons.wikimedia.org/wiki/Special:FilePath/Flag%20of%20Armenia.svg
http://www.wikidata.org/entity/Q399,Armenia,Asia,29743.423459,2930450,1272835453,Yerevan,http://www.wikidata.org/entity/Q18578153,http://commons.wikimedia.org/wiki/Special:FilePath/Flag%20of%20Armenia.svg
http://www.wikidata.org/entity/Q399,Armenia,Asia,29743.423459,2930450,1315158636,Yerevan,http://www.wikidata.org/entity/Q18578153,http://commons.wikimedia.org/wiki/Special:FilePath/Flag%20of%20Armenia.svg
http://www.wikidata.org/entity/Q399,Armenia,Asia,29743.423459,2930450,1468317435,Yerevan,http://www.wikidata.org/entity/Q18578153,http://commons.wikimedia.org/wiki/Special:FilePath/Flag%20of%20Armenia.svg
http://www.wikidata.org/entity/Q399,Armenia,Asia,29743.423459,2930450,1596968946,Yerevan,http://www.wikidata.org/entity/Q18578153,http://commons.wikimedia.org/wiki/Special:FilePath/Flag%20of%20Armenia.svg
http://www.wikidata.org/entity/Q399,Armenia,Asia,29743.423459,2930450,1639492444,Yerevan,http://www.wikidata.org/entity/Q18578153,http://commons.wikimedia.org/wiki/Special:FilePath/Flag%20of%20Armenia.svg
http://www.wikidata.org/entity/Q399,Armenia,Asia,29743.423459,2930450,1845482173,Yerevan,http://www.wikidata.org/entity/Q18578153,http://commons.wikimedia.org/wiki/Special:FilePath/Flag%20of%20Armenia.svg
http://www.wikidata.org/entity/Q399,Armenia,Asia,29743.423459,2930450,1893726437,Yerevan,http://www.wikidata.org/entity/Q18578153,http://commons.wikimedia.org/wiki/Special:FilePath/Flag%20of%20Armenia.svg
http://www.wikidata.org/entity/Q399,Armenia,Asia,29743.423459,2930450,1911563668,Yerevan,http://www.wikidata.org/entity/Q18578153,http://commons.wikimedia.org/wiki/Special:FilePath/Flag%20of%20Armenia.svg
http://www.wikidata.org/entity/Q399,Armenia,Asia,29743.423459,2930450,2069870129,Yerevan,http://www.wikidata.org/entity/Q18578153,http://commons.wikimedia.org/wiki/Special:FilePath/Flag%20of%20Armenia.svg
http://www.wikidata.org/entity/Q399,Armenia,Asia,29743.423459,2930450,2118467913,Yerevan,http://www.wikidata.org/entity/Q18578153,http://commons.wikimedia.org/wiki/Special:FilePath/Flag%20of%20Armenia.svg
http://www.wikidata.org/entity/Q399,Armenia,Asia,29743.423459,2930450,2256863448,Yerevan,http://www.wikidata.org/entity/Q18578153,http://commons.wikimedia.org/wiki/Special:FilePath/Flag%20of%20Armenia.svg
http://www.wikidata.org/entity/Q399,Armenia,Asia,29743.423459,2930450,2376335048,Yerevan,http://www.wikidata.org/entity/Q18578153,http://commons.wikimedia.org/wiki/Special:FilePath/Flag%20of%20Armenia.svg
http://www.wikidata.org/entity/Q399,Armenia,Asia,29743.423459,2930450,2807061008,Yerevan,http://www.wikidata.org/entity/Q18578153,http://commons.wikimedia.org/wiki/Special:FilePath/Flag%20of%20Armenia.svg
http://www.wikidata.org/entity/Q399,Armenia,Asia,29743.423459,2930450,3576615240,Yerevan,http://www.wikidata.org/entity/Q18578153,http://commons.wikimedia.org/wiki/Special:FilePath/Flag%20of%20Armenia.svg
http://www.wikidata.org/entity/Q399,Armenia,Asia,29743.423459,2930450,4900469511,Yerevan,http://www.wikidata.org/entity/Q18578153,http://commons.wikimedia.org/wiki/Special:FilePath/Flag%20of%20Armenia.svg
http://www.wikidata.org/entity/Q399,Armenia,Asia,29743.423459,2930450,6384452066,Yerevan,http://www.wikidata.org/entity/Q18578153,http://commons.wikimedia.org/wiki/Special:FilePath/Flag%20of%20Armenia.svg
http://www.wikidata.org/entity/Q399,Armenia,Asia,29743.423459,2930450,8647937081,Yerevan,http://www.wikidata.org/entity/Q18578153,http://commons.wikimedia.org/wiki/Special:FilePath/Flag%20of%20Armenia.svg
http://www.wikidata.org/entity/Q399,Armenia,Asia,29743.423459,2930450,9206301269,Yerevan,http://www.wikidata.org/entity/Q18578153,http://commons.wikimedia.org/wiki/Special:FilePath/Flag%20of%20Armenia.svg
http://www.wikidata.org/entity/Q399,Armenia,Asia,29743.423459,2930450,9260285755,Yerevan,http://www.wikidata.org/entity/Q18578153,http://commons.wikimedia.org/wiki/Special:FilePath/Flag%20of%20Armenia.svg
http://www.wikidata.org/entity/Q399,Armenia,Asia,29743.423459,2930450,10142111824,Yerevan,http://www.wikidata.org/entity/Q18578153,http://commons.wikimedia.org/wiki/Special:FilePath/Flag%20of%20Armenia.svg
http://www.wikidata.org/entity/Q399,Armenia,Asia,29743.423459,2930450,10546136235,Yerevan,http://www.wikidata.org/entity/Q18578153,http://commons.wikimedia.org/wiki/Special:FilePath/Flag%20of%20Armenia.svg
http://www.wikidata.org/entity/Q399,Armenia,Asia,29743.423459,2930450,10553337518,Yerevan,http://www.wikidata.org/entity/Q18578153,http://commons.wikimedia.org/wiki/Special:FilePath/Flag%20of%20Armenia.svg
http://www.wikidata.org/entity/Q399,Armenia,Asia,29743.423459,2930450,10619320682,Yerevan,http://www.wikidata.org/entity/Q18578153,http://commons.wikimedia.org/wiki/Special:FilePath/Flag%20of%20Armenia.svg
http://www.wikidata.org/entity/Q399,Armenia,Asia,29743.423459,2930450,11121464437,Yerevan,http://www.wikidata.org/entity/Q18578153,http://commons.wikimedia.org/wiki/Special:FilePath/Flag%20of%20Armenia.svg
http://www.wikidata.org/entity/Q399,Armenia,Asia,29743.423459,2930450,11527458709,Yerevan,http://www.wikidata.org/entity/Q18578153,http://commons.wikimedia.org/wiki/Special:FilePath/Flag%20of%20Armenia.svg
http://www.wikidata.org/entity/Q399,Armenia,Asia,29743.423459,2930450,11609513246,Yerevan,http://www.wikidata.org/entity/Q18578153,http://commons.wikimedia.org/wiki/Special:FilePath/Flag%20of%20Armenia.svg
http://www.wikidata.org/entity/Q399,Armenia,Asia,29743.423459,2930450,11662040713,Yerevan,http://www.wikidata.org/entity/Q18578153,http://commons.wikimedia.org/wiki/Special:FilePath/Flag%20of%20Armenia.svg
http://www.wikidata.org/entity/Q399,Armenia,Asia,29743.423459,2930450,12457940694,Yerevan,http://www.wikidata.org/entity/Q18578153,http://commons.wikimedia.org/wiki/Special:FilePath/Flag%20of%20Armenia.svg
http://www.wikidata.org/entity/Q399,Armenia,Asia,29743.423459,2930450,12641698583,Yerevan,http://www.wikidata.org/entity/Q18578153,http://commons.wikimedia.org/wiki/Special:FilePath/Flag%20of%20Armenia.svg
http://www.wikidata.org/entity/Q399,Armenia,Asia,29743.423459,2930450,13619290539,Yerevan,http://www.wikidata.org/entity/Q18578153,http://commons.wikimedia.org/wiki/Special:FilePath/Flag%20of%20Armenia.svg
http://www.wikidata.org/entity/Q399,Armenia,Asia,29743.423459,2930450,13861409969,Yerevan,http://www.wikidata.org/entity/Q18578153,http://commons.wikimedia.org/wiki/Special:FilePath/Flag%20of%20Armenia.svg
http://www.wikidata.org/entity/Q399,Armenia,Asia,29743.423459,2930450,13878908628,Yerevan,http://www.wikidata.org/entity/Q18578153,http://commons.wikimedia.org/wiki/Special:FilePath/Flag%20of%20Armenia.svg
http://www.wikidata.org/entity/Q399,Armenia,Asia,29743.423459,2930450,19502783988,Yerevan,http://www.wikidata.org/entity/Q18578153,http://commons.wikimedia.org/wiki/Special:FilePath/Flag%20of%20Armenia.svg
http://www.wikidata.org/entity/Q399,Armenia,Asia,29743.423459,2930450,19513506553,Yerevan,http://www.wikidata.org/entity/Q18578153,http://commons.wikimedia.org/wiki/Special:FilePath/Flag%20of%20Armenia.svg
http://www.wikidata.org/entity/Q399,Armenia,Asia,29743.423459,2930450,24085749592,Yerevan,http://www.wikidata.org/entity/Q18578153,http://commons.wikimedia.org/wiki/Special:FilePath/Flag%20of%20Armenia.svg
http://www.wikidata.org/entity/Q21203,Aruba,North America,178.916378,106739,3126019385,Oranjestad,http://www.wikidata.org/entity/Q41442,http://commons.wikimedia.org/wiki/Special:FilePath/Flag%20of%20Aruba.svg
http://www.wikidata.org/entity/Q408,Australia,Oceania,7692024,27614411,1757022451653,Canberra,http://www.wikidata.org/entity/Q37420,http://commons.wikimedia.org/wiki/Special:FilePath/Flag%20of%20Australia%20%28converted%29.svg
http://www.wikidata.org/entity/Q40,Austria,Europe,83878.99,8979894,511685203845,Vienna,http://www.wikidata.org/entity/Q37715,http://commons.wikimedia.org/wiki/Special:FilePath/Flag%20of%20Austria.svg
http://www.wikidata.org/entity/Q227,Azerbaijan,Asia,86600,10180770,444658671,Baku,http://www.wikidata.org/entity/Q38414,http://commons.wikimedia.org/wiki/Special:FilePath/Flag%20of%20Azerbaijan.svg
http://www.wikidata.org/entity/Q227,Azerbaijan,Asia,86600,10180770,1193141110,Baku,http://www.wikidata.org/entity/Q38414,http://commons.wikimedia.org/wiki/Special:FilePath/Flag%20of%20Azerbaijan.svg
http://www.wikidata.org/entity/Q227,Azerbaijan,Asia,86600,10180770,1570392598,Baku,http://www.wikidata.org/entity/Q38414,http://commons.wikimedia.org/wiki/Special:FilePath/Flag%20of%20Azerbaijan.svg
http://www.wikidata.org/entity/Q227,Azerbaijan,Asia,86600,10180770,2417331192,Baku,http://www.wikidata.org/entity/Q38414,http://commons.wikimedia.org/wiki/Special:FilePath/Flag%20of%20Azerbaijan.svg
http://www.wikidata.org/entity/Q227,Azerbaijan,Asia,86600,10180770,3176507376,Baku,http://www.wikidata.org/entity/Q38414,http://commons.wikimedia.org/wiki/Special:FilePath/Flag%20of%20Azerbaijan.svg
http://www.wikidata.org/entity/Q227,Azerbaijan,Asia,86600,10180770,3962362387,Baku,http://www.wikidata.org/entity/Q38414,http://commons.wikimedia.org/wiki/Special:FilePath/Flag%20of%20Azerbaijan.svg
http://www.wikidata.org/entity/Q227,Azerbaijan,Asia,86600,10180770,4446368570,Baku,http://www.wikidata.org/entity/Q38414,http://commons.wikimedia.org/wiki/Special:FilePath/Flag%20of%20Azerbaijan.svg
http://www.wikidata.org/entity/Q227,Azerbaijan,Asia,86600,10180770,4581248566,Baku,http://www.wikidata.org/entity/Q38414,http://commons.wikimedia.org/wiki/Special:FilePath/Flag%20of%20Azerbaijan.svg
http://www.wikidata.org/entity/Q227,Azerbaijan,Asia,86600,10180770,5272615722,Baku,http://www.wikidata.org/entity/Q38414,http://commons.wikimedia.org/wiki/Special:FilePath/Flag%20of%20Azerbaijan.svg
http://www.wikidata.org/entity/Q227,Azerbaijan,Asia,86600,10180770,5344000000,Baku,http://www.wikidata.org/entity/Q38414,http://commons.wikimedia.org/wiki/Special:FilePath/Flag%20of%20Azerbaijan.svg
http://www.wikidata.org/entity/Q227,Azerbaijan,Asia,86600,10180770,5707616203,Baku,http://www.wikidata.org/entity/Q38414,http://commons.wikimedia.org/wiki/Special:FilePath/Flag%20of%20Azerbaijan.svg
http://www.wikidata.org/entity/Q227,Azerbaijan,Asia,86600,10180770,6236087738,Baku,http://www.wikidata.org/entity/Q38414,http://commons.wikimedia.org/wiki/Special:FilePath/Flag%20of%20Azerbaijan.svg
http://www.wikidata.org/entity/Q227,Azerbaijan,Asia,86600,10180770,7276413079,Baku,http://www.wikidata.org/entity/Q38414,http://commons.wikimedia.org/wiki/Special:FilePath/Flag%20of%20Azerbaijan.svg
http://www.wikidata.org/entity/Q227,Azerbaijan,Asia,86600,10180770,8680405740,Baku,http://www.wikidata.org/entity/Q38414,http://commons.wikimedia.org/wiki/Special:FilePath/Flag%20of%20Azerbaijan.svg
http://www.wikidata.org/entity/Q227,Azerbaijan,Asia,86600,10180770,8884848484,Baku,http://www.wikidata.org/entity/Q38414,http://commons.wikimedia.org/wiki/Special:FilePath/Flag%20of%20Azerbaijan.svg
http://www.wikidata.org/entity/Q227,Azerbaijan,Asia,86600,10180770,13245421880,Baku,http://www.wikidata.org/entity/Q38414,http://commons.wikimedia.org/wiki/Special:FilePath/Flag%20of%20Azerbaijan.svg
http://www.wikidata.org/entity/Q227,Azerbaijan,Asia,86600,10180770,20981929497,Baku,http://www.wikidata.org/entity/Q38414,http://commons.wikimedia.org/wiki/Special:FilePath/Flag%20of%20Azerbaijan.svg
http://www.wikidata.org/entity/Q227,Azerbaijan,Asia,86600,10180770,33049419431,Baku,http://www.wikidata.org/entity/Q38414,http://commons.wikimedia.org/wiki/Special:FilePath/Flag%20of%20Azerbaijan.svg
http://www.wikidata.org/entity/Q227,Azerbaijan,Asia,86600,10180770,37866996882,Baku,http://www.wikidata.org/entity/Q38414,http://commons.wikimedia.org/wiki/Special:FilePath/Flag%20of%20Azerbaijan.svg
http://www.wikidata.org/entity/Q227,Azerbaijan,Asia,86600,10180770,40866627351,Baku,http://www.wikidata.org/entity/Q38414,http://commons.wikimedia.org/wiki/Special:FilePath/Flag%20of%20Azerbaijan.svg
http://www.wikidata.org/entity/Q227,Azerbaijan,Asia,86600,10180770,42693000000,Baku,http://www.wikidata.org/entity/Q38414,http://commons.wikimedia.org/wiki/Special:FilePath/Flag%20of%20Azerbaijan.svg
http://www.wikidata.org/entity/Q227,Azerbaijan,Asia,86600,10180770,44292427184,Baku,http://www.wikidata.org/entity/Q38414,http://commons.wikimedia.org/wiki/Special:FilePath/Flag%20of%20Azerbaijan.svg
http://www.wikidata.org/entity/Q227,Azerbaijan,Asia,86600,10180770,47112470051,Baku,http://www.wikidata.org/entity/Q38414,http://commons.wikimedia.org/wiki/Special:FilePath/Flag%20of%20Azerbaijan.svg
http://www.wikidata.org/entity/Q227,Azerbaijan,Asia,86600,10180770,48174235294,Baku,http://www.wikidata.org/entity/Q38414,http://commons.wikimedia.org/wiki/Special:FilePath/Flag%20of%20Azerbaijan.svg
http://www.wikidata.org/entity/Q227,Azerbaijan,Asia,86600,10180770,48851293785,Baku,http://www.wikidata.org/entity/Q38414,http://commons.wikimedia.org/wiki/Special:FilePath/Flag%20of%20Azerbaijan.svg
http://www.wikidata.org/entity/Q227,Azerbaijan,Asia,86600,10180770,52909294791,Baku,http://www.wikidata.org/entity/Q38414,http://commons.wikimedia.org/wiki/Special:FilePath/Flag%20of%20Azerbaijan.svg
http://www.wikidata.org/entity/Q227,Azerbaijan,Asia,86600,10180770,53076235354,Baku,http://www.wikidata.org/entity/Q38414,http://commons.wikimedia.org/wiki/Special:FilePath/Flag%20of%20Azerbaijan.svg
http://www.wikidata.org/entity/Q227,Azerbaijan,Asia,86600,10180770,54825411764,Baku,http://www.wikidata.org/entity/Q38414,http://commons.wikimedia.org/wiki/Special:FilePath/Flag%20of%20Azerbaijan.svg
http://www.wikidata.org/entity/Q227,Azerbaijan,Asia,86600,10180770,54825411765,Baku,http://www.wikidata.org/entity/Q38414,http://commons.wikimedia.org/wiki/Special:FilePath/Flag%20of%20Azerbaijan.svg
http://www.wikidata.org/entity/Q227,Azerbaijan,Asia,86600,10180770,65952796427,Baku,http://www.wikidata.org/entity/Q38414,http://commons.wikimedia.org/wiki/Special:FilePath/Flag%20of%20Azerbaijan.svg
http://www.wikidata.org/entity/Q227,Azerbaijan,Asia,86600,10180770,69679944504,Baku,http://www.wikidata.org/entity/Q38414,http://commons.wikimedia.org/wiki/Special:FilePath/Flag%20of%20Azerbaijan.svg
http://www.wikidata.org/entity/Q227,Azerbaijan,Asia,86600,10180770,72356176470,Baku,http://www.wikidata.org/entity/Q38414,http://commons.wikimedia.org/wiki/Special:FilePath/Flag%20of%20Azerbaijan.svg
http://www.wikidata.org/entity/Q227,Azerbaijan,Asia,86600,10180770,74160560123,Baku,http://www.wikidata.org/entity/Q38414,http://commons.wikimedia.org/wiki/Special:FilePath/Flag%20of%20Azerbaijan.svg
http://www.wikidata.org/entity/Q227,Azerbaijan,Asia,86600,10180770,75239785452,Baku,http://www.wikidata.org/entity/Q38414,http://commons.wikimedia.org/wiki/Special:FilePath/Flag%20of%20Azerbaijan.svg
http://www.wikidata.org/entity/Q227,Azerbaijan,Asia,86600,10180770,78721058824,Baku,http://www.wikidata.org/entity/Q38414,http://commons.wikimedia.org/wiki/Special:FilePath/Flag%20of%20Azerbaijan.svg
http://www.wikidata.org/entity/Q227,Azerbaijan,Asia,86600,10180770,78807470588,Baku,http://www.wikidata.org/entity/Q38414,http://commons.wikimedia.org/wiki/Special:FilePath/Flag%20of%20Azerbaijan.svg
http://www.wikidata.org/entity/Q398,Bahrain,Asia,786.5,1569666,39303403989,Manama,http://www.wikidata.org/entity/Q39993,http://commons.wikimedia.org/wiki/Special:FilePath/Flag%20of%20Bahrain.svg
http://www.wikidata.org/entity/Q398,Bahrain,Asia,786.5,1569666,44390820479,Manama,http://www.wikidata.org/entity/Q39993,http://commons.wikimedia.org/wiki/Special:FilePath/Flag%20of%20Bahrain.svg
http://www.wikidata.org/entity/Q902,Bangladesh,Asia,147570,171466990,460131688909,Dhaka,http://www.wikidata.org/entity/Q4545424,http://commons.wikimedia.org/wiki/Special:FilePath/Flag%20of%20Bangladesh.svg
http://www.wikidata.org/entity/Q902,Bangladesh,Asia,147570,171466990,460201000095,Dhaka,http://www.wikidata.org/entity/Q4545424,http://commons.wikimedia.org/wiki/Special:FilePath/Flag%20of%20Bangladesh.svg
http://www.wikidata.org/entity/Q902,Bangladesh,Asia,147570,171466990,10117113333,Dhaka,http://www.wikidata.org/entity/Q39144,http://commons.wikimedia.org/wiki/Special:FilePath/Flag%20of%20Bangladesh.svg
http://www.wikidata.org/entity/Q902,Bangladesh,Asia,147570,171466990,12512460519,Dhaka,http://www.wikidata.org/entity/Q39144,http://commons.wikimedia.org/wiki/Special:FilePath/Flag%20of%20Bangladesh.svg
http://www.wikidata.org/entity/Q902,Bangladesh,Asia,147570,171466990,13281767142,Dhaka,http://www.wikidata.org/entity/Q39144,http://commons.wikimedia.org/wiki/Special:FilePath/Flag%20of%20Bangladesh.svg
http://www.wikidata.org/entity/Q902,Bangladesh,Asia,147570,171466990,15565480321,Dhaka,http://www.wikidata.org/entity/Q39144,http://commons.wikimedia.org/wiki/Special:FilePath/Flag%20of%20Bangladesh.svg
http://www.wikidata.org/entity/Q902,Bangladesh,Asia,147570,171466990,17609048821,Dhaka,http://www.wikidata.org/entity/Q39144,http://commons.wikimedia.org/wiki/Special:FilePath/Flag%20of%20Bangladesh.svg
http://www.wikidata.org/entity/Q902,Bangladesh,Asia,147570,171466990,18138049095,Dhaka,http://www.wikidata.org/entity/Q39144,http://commons.wikimedia.org/wiki/Special:FilePath/Flag%20of%20Bangladesh.svg
http://www.wikidata.org/entity/Q902,Bangladesh,Asia,147570,171466990,18525399201,Dhaka,http://www.wikidata.org/entity/Q39144,http://commons.wikimedia.org/wiki/Special:FilePath/Flag%20of%20Bangladesh.svg
http://www.wikidata.org/entity/Q902,Bangladesh,Asia,147570,171466990,18920840000,Dhaka,http://www.wikidata.org/entity/Q39144,http://commons.wikimedia.org/wiki/Special:FilePath/Flag%20of%20Bangladesh.svg
http://www.wikidata.org/entity/Q902,Bangladesh,Asia,147570,171466990,19448348073,Dhaka,http://www.wikidata.org/entity/Q39144,http://commons.wikimedia.org/wiki/Special:FilePath/Flag%20of%20Bangladesh.svg
http://www.wikidata.org/entity/Q902,Bangladesh,Asia,147570,171466990,20249694002,Dhaka,http://www.wikidata.org/entity/Q39144,http://commons.wikimedia.org/wiki/Special:FilePath/Flag%20of%20Bangladesh.svg
http://www.wikidata.org/entity/Q902,Bangladesh,Asia,147570,171466990,21774033333,Dhaka,http://www.wikidata.org/entity/Q39144,http://commons.wikimedia.org/wiki/Special:FilePath/Flag%20of%20Bangladesh.svg
http://www.wikidata.org/entity/Q902,Bangladesh,Asia,147570,171466990,22278423076,Dhaka,http://www.wikidata.org/entity/Q39144,http://commons.wikimedia.org/wiki/Special:FilePath/Flag%20of%20Bangladesh.svg
http://www.wikidata.org/entity/Q902,Bangladesh,Asia,147570,171466990,24298032258,Dhaka,http://www.wikidata.org/entity/Q39144,http://commons.wikimedia.org/wiki/Special:FilePath/Flag%20of%20Bangladesh.svg
http://www.wikidata.org/entity/Q902,Bangladesh,Asia,147570,171466990,26579005558,Dhaka,http://www.wikidata.org/entity/Q39144,http://commons.wikimedia.org/wiki/Special:FilePath/Flag%20of%20Bangladesh.svg
http://www.wikidata.org/entity/Q902,Bangladesh,Asia,147570,171466990,28781715188,Dhaka,http://www.wikidata.org/entity/Q39144,http://commons.wikimedia.org/wiki/Special:FilePath/Flag%20of%20Bangladesh.svg
http://www.wikidata.org/entity/Q902,Bangladesh,Asia,147570,171466990,30957483949,Dhaka,http://www.wikidata.org/entity/Q39144,http://commons.wikimedia.org/wiki/Special:FilePath/Flag%20of%20Bangladesh.svg
http://www.wikidata.org/entity/Q902,Bangladesh,Asia,147570,171466990,31598340778,Dhaka,http://www.wikidata.org/entity/Q39144,http://commons.wikimedia.org/wiki/Special:FilePath/Flag%20of%20Bangladesh.svg
http://www.wikidata.org/entity/Q902,Bangladesh,Asia,147570,171466990,31708874594,Dhaka,http://www.wikidata.org/entity/Q39144,http://commons.wikimedia.org/wiki/Special:FilePath/Flag%20of%20Bangladesh.svg
http://www.wikidata.org/entity/Q902,Bangladesh,Asia,147570,171466990,33166519417,Dhaka,http://www.wikidata.org/entity/Q39144,http://commons.wikimedia.org/wiki/Special:FilePath/Flag%20of%20Bangladesh.svg
http://www.wikidata.org/entity/Q902,Bangladesh,Asia,147570,171466990,33768660882,Dhaka,http://www.wikidata.org/entity/Q39144,http://commons.wikimedia.org/wiki/Special:FilePath/Flag%20of%20Bangladesh.svg
http://www.wikidata.org/entity/Q902,Bangladesh,Asia,147570,171466990,37939748768,Dhaka,http://www.wikidata.org/entity/Q39144,http://commons.wikimedia.org/wiki/Special:FilePath/Flag%20of%20Bangladesh.svg
http://www.wikidata.org/entity/Q902,Bangladesh,Asia,147570,171466990,46438484107,Dhaka,http://www.wikidata.org/entity/Q39144,http://commons.wikimedia.org/wiki/Special:FilePath/Flag%20of%20Bangladesh.svg
http://www.wikidata.org/entity/Q902,Bangladesh,Asia,147570,171466990,48244309133,Dhaka,http://www.wikidata.org/entity/Q39144,http://commons.wikimedia.org/wiki/Special:FilePath/Flag%20of%20Bangladesh.svg
http://www.wikidata.org/entity/Q902,Bangladesh,Asia,147570,171466990,49984559471,Dhaka,http://www.wikidata.org/entity/Q39144,http://commons.wikimedia.org/wiki/Special:FilePath/Flag%20of%20Bangladesh.svg
http://www.wikidata.org/entity/Q902,Bangladesh,Asia,147570,171466990,51270569883,Dhaka,http://www.wikidata.org/entity/Q39144,http://commons.wikimedia.org/wiki/Special:FilePath/Flag%20of%20Bangladesh.svg
http://www.wikidata.org/entity/Q902,Bangladesh,Asia,147570,171466990,53369787318,Dhaka,http://www.wikidata.org/entity/Q39144,http://commons.wikimedia.org/wiki/Special:FilePath/Flag%20of%20Bangladesh.svg
http://www.wikidata.org/entity/Q902,Bangladesh,Asia,147570,171466990,53991289844,Dhaka,http://www.wikidata.org/entity/Q39144,http://commons.wikimedia.org/wiki/Special:FilePath/Flag%20of%20Bangladesh.svg
http://www.wikidata.org/entity/Q902,Bangladesh,Asia,147570,171466990,54724081490,Dhaka,http://www.wikidata.org/entity/Q39144,http://commons.wikimedia.org/wiki/Special:FilePath/Flag%20of%20Bangladesh.svg
http://www.wikidata.org/entity/Q902,Bangladesh,Asia,147570,171466990,60158929188,Dhaka,http://www.wikidata.org/entity/Q39144,http://commons.wikimedia.org/wiki/Special:FilePath/Flag%20of%20Bangladesh.svg
http://www.wikidata.org/entity/Q902,Bangladesh,Asia,147570,171466990,65108544250,Dhaka,http://www.wikidata.org/entity/Q39144,http://commons.wikimedia.org/wiki/Special:FilePath/Flag%20of%20Bangladesh.svg
http://www.wikidata.org/entity/Q902,Bangladesh,Asia,147570,171466990,69476001239,Dhaka,http://www.wikidata.org/entity/Q39144,http://commons.wikimedia.org/wiki/Special:FilePath/Flag%20of%20Bangladesh.svg
http://www.wikidata.org/entity/Q902,Bangladesh,Asia,147570,171466990,71795736172,Dhaka,http://www.wikidata.org/entity/Q39144,http://commons.wikimedia.org/wiki/Special:FilePath/Flag%20of%20Bangladesh.svg
http://www.wikidata.org/entity/Q902,Bangladesh,Asia,147570,171466990,79611644974,Dhaka,http://www.wikidata.org/entity/Q39144,http://commons.wikimedia.org/wiki/Special:FilePath/Flag%20of%20Bangladesh.svg
http://www.wikidata.org/entity/Q902,Bangladesh,Asia,147570,171466990,91636997370,Dhaka,http://www.wikidata.org/entity/Q39144,http://commons.wikimedia.org/wiki/Special:FilePath/Flag%20of%20Bangladesh.svg
http://www.wikidata.org/entity/Q902,Bangladesh,Asia,147570,171466990,102475158190,Dhaka,http://www.wikidata.org/entity/Q39144,http://commons.wikimedia.org/wiki/Special:FilePath/Flag%20of%20Bangladesh.svg
http://www.wikidata.org/entity/Q902,Bangladesh,Asia,147570,171466990,115275540051,Dhaka,http://www.wikidata.org/entity/Q39144,http://commons.wikimedia.org/wiki/Special:FilePath/Flag%20of%20Bangladesh.svg
http://www.wikidata.org/entity/Q902,Bangladesh,Asia,147570,171466990,128607482310,Dhaka,http://www.wikidata.org/entity/Q39144,http://commons.wikimedia.org/wiki/Special:FilePath/Flag%20of%20Bangladesh.svg
http://www.wikidata.org/entity/Q902,Bangladesh,Asia,147570,171466990,133310747603,Dhaka,http://www.wikidata.org/entity/Q39144,http://commons.wikimedia.org/wiki/Special:FilePath/Flag%20of%20Bangladesh.svg
http://www.wikidata.org/entity/Q902,Bangladesh,Asia,147570,171466990,149998957434,Dhaka,http://www.wikidata.org/entity/Q39144,http://commons.wikimedia.org/wiki/Special:FilePath/Flag%20of%20Bangladesh.svg
http://www.wikidata.org/entity/Q902,Bangladesh,Asia,147570,171466990,172886611653,Dhaka,http://www.wikidata.org/entity/Q39144,http://commons.wikimedia.org/wiki/Special:FilePath/Flag%20of%20Bangladesh.svg
http://www.wikidata.org/entity/Q902,Bangladesh,Asia,147570,171466990,195146608978,Dhaka,http://www.wikidata.org/entity/Q39144,http://commons.wikimedia.org/wiki/Special:FilePath/Flag%20of%20Bangladesh.svg
http://www.wikidata.org/entity/Q902,Bangladesh,Asia,147570,171466990,265224515675,Dhaka,http://www.wikidata.org/entity/Q39144,http://commons.wikimedia.org/wiki/Special:FilePath/Flag%20of%20Bangladesh.svg
http://www.wikidata.org/entity/Q902,Bangladesh,Asia,147570,171466990,293732446624,Dhaka,http://www.wikidata.org/entity/Q39144,http://commons.wikimedia.org/wiki/Special:FilePath/Flag%20of%20Bangladesh.svg
http://www.wikidata.org/entity/Q902,Bangladesh,Asia,147570,171466990,321362752441,Dhaka,http://www.wikidata.org/entity/Q39144,http://commons.wikimedia.org/wiki/Special:FilePath/Flag%20of%20Bangladesh.svg
http://www.wikidata.org/entity/Q902,Bangladesh,Asia,147570,171466990,351231654603,Dhaka,http://www.wikidata.org/entity/Q39144,http://commons.wikimedia.org/wiki/Special:FilePath/Flag%20of%20Bangladesh.svg
http://www.wikidata.org/entity/Q902,Bangladesh,Asia,147570,171466990,373979442362,Dhaka,http://www.wikidata.org/entity/Q39144,http://commons.wikimedia.org/wiki/Special:FilePath/Flag%20of%20Bangladesh.svg
http://www.wikidata.org/entity/Q902,Bangladesh,Asia,147570,171466990,416264802185,Dhaka,http://www.wikidata.org/entity/Q39144,http://commons.wikimedia.org/wiki/Special:FilePath/Flag%20of%20Bangladesh.svg
http://www.wikidata.org/entity/Q902,Bangladesh,Asia,147570,171466990,416271647911,Dhaka,http://www.wikidata.org/entity/Q39144,http://commons.wikimedia.org/wiki/Special:FilePath/Flag%20of%20Bangladesh.svg
http://www.wikidata.org/entity/Q902,Bangladesh,Asia,147570,171466990,437415331040,Dhaka,http://www.wikidata.org/entity/Q39144,http://commons.wikimedia.org/wiki/Special:FilePath/Flag%20of%20Bangladesh.svg
http://www.wikidata.org/entity/Q902,Bangladesh,Asia,147570,171466990,460131688909,Dhaka,http://www.wikidata.org/entity/Q39144,http://commons.wikimedia.org/wiki/Special:FilePath/Flag%20of%20Bangladesh.svg
http://www.wikidata.org/entity/Q902,Bangladesh,Asia,147570,171466990,460201000095,Dhaka,http://www.wikidata.org/entity/Q39144,http://commons.wikimedia.org/wiki/Special:FilePath/Flag%20of%20Bangladesh.svg
http://www.wikidata.org/entity/Q902,Bangladesh,Asia,147570,171466990,10117113333,Dhaka,http://www.wikidata.org/entity/Q4545424,http://commons.wikimedia.org/wiki/Special:FilePath/Flag%20of%20Bangladesh.svg
http://www.wikidata.org/entity/Q902,Bangladesh,Asia,147570,171466990,12512460519,Dhaka,http://www.wikidata.org/entity/Q4545424,http://commons.wikimedia.org/wiki/Special:FilePath/Flag%20of%20Bangladesh.svg
http://www.wikidata.org/entity/Q902,Bangladesh,Asia,147570,171466990,13281767142,Dhaka,http://www.wikidata.org/entity/Q4545424,http://commons.wikimedia.org/wiki/Special:FilePath/Flag%20of%20Bangladesh.svg
http://www.wikidata.org/entity/Q902,Bangladesh,Asia,147570,171466990,15565480321,Dhaka,http://www.wikidata.org/entity/Q4545424,http://commons.wikimedia.org/wiki/Special:FilePath/Flag%20of%20Bangladesh.svg
http://www.wikidata.org/entity/Q902,Bangladesh,Asia,147570,171466990,17609048821,Dhaka,http://www.wikidata.org/entity/Q4545424,http://commons.wikimedia.org/wiki/Special:FilePath/Flag%20of%20Bangladesh.svg
http://www.wikidata.org/entity/Q902,Bangladesh,Asia,147570,171466990,18138049095,Dhaka,http://www.wikidata.org/entity/Q4545424,http://commons.wikimedia.org/wiki/Special:FilePath/Flag%20of%20Bangladesh.svg
http://www.wikidata.org/entity/Q902,Bangladesh,Asia,147570,171466990,18525399201,Dhaka,http://www.wikidata.org/entity/Q4545424,http://commons.wikimedia.org/wiki/Special:FilePath/Flag%20of%20Bangladesh.svg
http://www.wikidata.org/entity/Q902,Bangladesh,Asia,147570,171466990,18920840000,Dhaka,http://www.wikidata.org/entity/Q4545424,http://commons.wikimedia.org/wiki/Special:FilePath/Flag%20of%20Bangladesh.svg
http://www.wikidata.org/entity/Q902,Bangladesh,Asia,147570,171466990,19448348073,Dhaka,http://www.wikidata.org/entity/Q4545424,http://commons.wikimedia.org/wiki/Special:FilePath/Flag%20of%20Bangladesh.svg
http://www.wikidata.org/entity/Q902,Bangladesh,Asia,147570,171466990,20249694002,Dhaka,http://www.wikidata.org/entity/Q4545424,http://commons.wikimedia.org/wiki/Special:FilePath/Flag%20of%20Bangladesh.svg
http://www.wikidata.org/entity/Q902,Bangladesh,Asia,147570,171466990,21774033333,Dhaka,http://www.wikidata.org/entity/Q4545424,http://commons.wikimedia.org/wiki/Special:FilePath/Flag%20of%20Bangladesh.svg
http://www.wikidata.org/entity/Q902,Bangladesh,Asia,147570,171466990,22278423076,Dhaka,http://www.wikidata.org/entity/Q4545424,http://commons.wikimedia.org/wiki/Special:FilePath/Flag%20of%20Bangladesh.svg
http://www.wikidata.org/entity/Q902,Bangladesh,Asia,147570,171466990,24298032258,Dhaka,http://www.wikidata.org/entity/Q4545424,http://commons.wikimedia.org/wiki/Special:FilePath/Flag%20of%20Bangladesh.svg
http://www.wikidata.org/entity/Q902,Bangladesh,Asia,147570,171466990,26579005558,Dhaka,http://www.wikidata.org/entity/Q4545424,http://commons.wikimedia.org/wiki/Special:FilePath/Flag%20of%20Bangladesh.svg
http://www.wikidata.org/entity/Q902,Bangladesh,Asia,147570,171466990,28781715188,Dhaka,http://www.wikidata.org/entity/Q4545424,http://commons.wikimedia.org/wiki/Special:FilePath/Flag%20of%20Bangladesh.svg
http://www.wikidata.org/entity/Q902,Bangladesh,Asia,147570,171466990,30957483949,Dhaka,http://www.wikidata.org/entity/Q4545424,http://commons.wikimedia.org/wiki/Special:FilePath/Flag%20of%20Bangladesh.svg
http://www.wikidata.org/entity/Q902,Bangladesh,Asia,147570,171466990,31598340778,Dhaka,http://www.wikidata.org/entity/Q4545424,http://commons.wikimedia.org/wiki/Special:FilePath/Flag%20of%20Bangladesh.svg
http://www.wikidata.org/entity/Q902,Bangladesh,Asia,147570,171466990,31708874594,Dhaka,http://www.wikidata.org/entity/Q4545424,http://commons.wikimedia.org/wiki/Special:FilePath/Flag%20of%20Bangladesh.svg
http://www.wikidata.org/entity/Q902,Bangladesh,Asia,147570,171466990,33166519417,Dhaka,http://www.wikidata.org/entity/Q4545424,http://commons.wikimedia.org/wiki/Special:FilePath/Flag%20of%20Bangladesh.svg
http://www.wikidata.org/entity/Q902,Bangladesh,Asia,147570,171466990,33768660882,Dhaka,http://www.wikidata.org/entity/Q4545424,http://commons.wikimedia.org/wiki/Special:FilePath/Flag%20of%20Bangladesh.svg
http://www.wikidata.org/entity/Q902,Bangladesh,Asia,147570,171466990,37939748768,Dhaka,http://www.wikidata.org/entity/Q4545424,http://commons.wikimedia.org/wiki/Special:FilePath/Flag%20of%20Bangladesh.svg
http://www.wikidata.org/entity/Q902,Bangladesh,Asia,147570,171466990,46438484107,Dhaka,http://www.wikidata.org/entity/Q4545424,http://commons.wikimedia.org/wiki/Special:FilePath/Flag%20of%20Bangladesh.svg
http://www.wikidata.org/entity/Q902,Bangladesh,Asia,147570,171466990,48244309133,Dhaka,http://www.wikidata.org/entity/Q4545424,http://commons.wikimedia.org/wiki/Special:FilePath/Flag%20of%20Bangladesh.svg
http://www.wikidata.org/entity/Q902,Bangladesh,Asia,147570,171466990,49984559471,Dhaka,http://www.wikidata.org/entity/Q4545424,http://commons.wikimedia.org/wiki/Special:FilePath/Flag%20of%20Bangladesh.svg
http://www.wikidata.org/entity/Q902,Bangladesh,Asia,147570,171466990,51270569883,Dhaka,http://www.wikidata.org/entity/Q4545424,http://commons.wikimedia.org/wiki/Special:FilePath/Flag%20of%20Bangladesh.svg
http://www.wikidata.org/entity/Q902,Bangladesh,Asia,147570,171466990,53369787318,Dhaka,http://www.wikidata.org/entity/Q4545424,http://commons.wikimedia.org/wiki/Special:FilePath/Flag%20of%20Bangladesh.svg
http://www.wikidata.org/entity/Q902,Bangladesh,Asia,147570,171466990,53991289844,Dhaka,http://www.wikidata.org/entity/Q4545424,http://commons.wikimedia.org/wiki/Special:FilePath/Flag%20of%20Bangladesh.svg
http://www.wikidata.org/entity/Q902,Bangladesh,Asia,147570,171466990,54724081490,Dhaka,http://www.wikidata.org/entity/Q4545424,http://commons.wikimedia.org/wiki/Special:FilePath/Flag%20of%20Bangladesh.svg
http://www.wikidata.org/entity/Q902,Bangladesh,Asia,147570,171466990,60158929188,Dhaka,http://www.wikidata.org/entity/Q4545424,http://commons.wikimedia.org/wiki/Special:FilePath/Flag%20of%20Bangladesh.svg
http://www.wikidata.org/entity/Q902,Bangladesh,Asia,147570,171466990,65108544250,Dhaka,http://www.wikidata.org/entity/Q4545424,http://commons.wikimedia.org/wiki/Special:FilePath/Flag%20of%20Bangladesh.svg
http://www.wikidata.org/entity/Q902,Bangladesh,Asia,147570,171466990,69476001239,Dhaka,http://www.wikidata.org/entity/Q4545424,http://commons.wikimedia.org/wiki/Special:FilePath/Flag%20of%20Bangladesh.svg
http://www.wikidata.org/entity/Q902,Bangladesh,Asia,147570,171466990,71795736172,Dhaka,http://www.wikidata.org/entity/Q4545424,http://commons.wikimedia.org/wiki/Special:FilePath/Flag%20of%20Bangladesh.svg
http://www.wikidata.org/entity/Q902,Bangladesh,Asia,147570,171466990,79611644974,Dhaka,http://www.wikidata.org/entity/Q4545424,http://commons.wikimedia.org/wiki/Special:FilePath/Flag%20of%20Bangladesh.svg
http://www.wikidata.org/entity/Q902,Bangladesh,Asia,147570,171466990,91636997370,Dhaka,http://www.wikidata.org/entity/Q4545424,http://commons.wikimedia.org/wiki/Special:FilePath/Flag%20of%20Bangladesh.svg
http://www.wikidata.org/entity/Q902,Bangladesh,Asia,147570,171466990,102475158190,Dhaka,http://www.wikidata.org/entity/Q4545424,http://commons.wikimedia.org/wiki/Special:FilePath/Flag%20of%20Bangladesh.svg
http://www.wikidata.org/entity/Q902,Bangladesh,Asia,147570,171466990,115275540051,Dhaka,http://www.wikidata.org/entity/Q4545424,http://commons.wikimedia.org/wiki/Special:FilePath/Flag%20of%20Bangladesh.svg
http://www.wikidata.org/entity/Q902,Bangladesh,Asia,147570,171466990,128607482310,Dhaka,http://www.wikidata.org/entity/Q4545424,http://commons.wikimedia.org/wiki/Special:FilePath/Flag%20of%20Bangladesh.svg
http://www.wikidata.org/entity/Q902,Bangladesh,Asia,147570,171466990,133310747603,Dhaka,http://www.wikidata.org/entity/Q4545424,http://commons.wikimedia.org/wiki/Special:FilePath/Flag%20of%20Bangladesh.svg
http://www.wikidata.org/entity/Q902,Bangladesh,Asia,147570,171466990,149998957434,Dhaka,http://www.wikidata.org/entity/Q4545424,http://commons.wikimedia.org/wiki/Special:FilePath/Flag%20of%20Bangladesh.svg
http://www.wikidata.org/entity/Q902,Bangladesh,Asia,147570,171466990,172886611653,Dhaka,http://www.wikidata.org/entity/Q4545424,http://commons.wikimedia.org/wiki/Special:FilePath/Flag%20of%20Bangladesh.svg
http://www.wikidata.org/entity/Q902,Bangladesh,Asia,147570,171466990,195146608978,Dhaka,http://www.wikidata.org/entity/Q4545424,http://commons.wikimedia.org/wiki/Special:FilePath/Flag%20of%20Bangladesh.svg
http://www.wikidata.org/entity/Q902,Bangladesh,Asia,147570,171466990,265224515675,Dhaka,http://www.wikidata.org/entity/Q4545424,http://commons.wikimedia.org/wiki/Special:FilePath/Flag%20of%20Bangladesh.svg
http://www.wikidata.org/entity/Q902,Bangladesh,Asia,147570,171466990,293732446624,Dhaka,http://www.wikidata.org/entity/Q4545424,http://commons.wikimedia.org/wiki/Special:FilePath/Flag%20of%20Bangladesh.svg
http://www.wikidata.org/entity/Q902,Bangladesh,Asia,147570,171466990,321362752441,Dhaka,http://www.wikidata.org/entity/Q4545424,http://commons.wikimedia.org/wiki/Special:FilePath/Flag%20of%20Bangladesh.svg
http://www.wikidata.org/entity/Q902,Bangladesh,Asia,147570,171466990,351231654603,Dhaka,http://www.wikidata.org/entity/Q4545424,http://commons.wikimedia.org/wiki/Special:FilePath/Flag%20of%20Bangladesh.svg
http://www.wikidata.org/entity/Q902,Bangladesh,Asia,147570,171466990,373979442362,Dhaka,http://www.wikidata.org/entity/Q4545424,http://commons.wikimedia.org/wiki/Special:FilePath/Flag%20of%20Bangladesh.svg
http://www.wikidata.org/entity/Q902,Bangladesh,Asia,147570,171466990,416264802185,Dhaka,http://www.wikidata.org/entity/Q4545424,http://commons.wikimedia.org/wiki/Special:FilePath/Flag%20of%20Bangladesh.svg
http://www.wikidata.org/entity/Q902,Bangladesh,Asia,147570,171466990,416271647911,Dhaka,http://www.wikidata.org/entity/Q4545424,http://commons.wikimedia.org/wiki/Special:FilePath/Flag%20of%20Bangladesh.svg
http://www.wikidata.org/entity/Q902,Bangladesh,Asia,147570,171466990,437415331040,Dhaka,http://www.wikidata.org/entity/Q4545424,http://commons.wikimedia.org/wiki/Special:FilePath/Flag%20of%20Bangladesh.svg
http://www.wikidata.org/entity/Q902,Bangladesh,Asia,147570,171466990,4274894083,Dhaka,http://www.wikidata.org/entity/Q39144,http://commons.wikimedia.org/wiki/Special:FilePath/Flag%20of%20Bangladesh.svg
http://www.wikidata.org/entity/Q902,Bangladesh,Asia,147570,171466990,8992722166,Dhaka,http://www.wikidata.org/entity/Q39144,http://commons.wikimedia.org/wiki/Special:FilePath/Flag%20of%20Bangladesh.svg
http://www.wikidata.org/entity/Q902,Bangladesh,Asia,147570,171466990,9651149301,Dhaka,http://www.wikidata.org/entity/Q39144,http://commons.wikimedia.org/wiki/Special:FilePath/Flag%20of%20Bangladesh.svg
http://www.wikidata.org/entity/Q902,Bangladesh,Asia,147570,171466990,8992722166,Dhaka,http://www.wikidata.org/entity/Q4545424,http://commons.wikimedia.org/wiki/Special:FilePath/Flag%20of%20Bangladesh.svg
http://www.wikidata.org/entity/Q902,Bangladesh,Asia,147570,171466990,9651149301,Dhaka,http://www.wikidata.org/entity/Q4545424,http://commons.wikimedia.org/wiki/Special:FilePath/Flag%20of%20Bangladesh.svg
http://www.wikidata.org/entity/Q902,Bangladesh,Asia,147570,171466990,4817580375,Dhaka,http://www.wikidata.org/entity/Q39144,http://commons.wikimedia.org/wiki/Special:FilePath/Flag%20of%20Bangladesh.svg
http://www.wikidata.org/entity/Q902,Bangladesh,Asia,147570,171466990,5081413541,Dhaka,http://www.wikidata.org/entity/Q39144,http://commons.wikimedia.org/wiki/Special:FilePath/Flag%20of%20Bangladesh.svg
http://www.wikidata.org/entity/Q902,Bangladesh,Asia,147570,171466990,5319458562,Dhaka,http://www.wikidata.org/entity/Q39144,http://commons.wikimedia.org/wiki/Special:FilePath/Flag%20of%20Bangladesh.svg
http://www.wikidata.org/entity/Q902,Bangladesh,Asia,147570,171466990,5386054833,Dhaka,http://www.wikidata.org/entity/Q39144,http://commons.wikimedia.org/wiki/Special:FilePath/Flag%20of%20Bangladesh.svg
http://www.wikidata.org/entity/Q902,Bangladesh,Asia,147570,171466990,5906636791,Dhaka,http://www.wikidata.org/entity/Q39144,http://commons.wikimedia.org/wiki/Special:FilePath/Flag%20of%20Bangladesh.svg
http://www.wikidata.org/entity/Q902,Bangladesh,Asia,147570,171466990,6288245866,Dhaka,http://www.wikidata.org/entity/Q39144,http://commons.wikimedia.org/wiki/Special:FilePath/Flag%20of%20Bangladesh.svg
http://www.wikidata.org/entity/Q902,Bangladesh,Asia,147570,171466990,6439687854,Dhaka,http://www.wikidata.org/entity/Q39144,http://commons.wikimedia.org/wiki/Special:FilePath/Flag%20of%20Bangladesh.svg
http://www.wikidata.org/entity/Q902,Bangladesh,Asia,147570,171466990,7253575687,Dhaka,http://www.wikidata.org/entity/Q39144,http://commons.wikimedia.org/wiki/Special:FilePath/Flag%20of%20Bangladesh.svg
http://www.wikidata.org/entity/Q902,Bangladesh,Asia,147570,171466990,7483685770,Dhaka,http://www.wikidata.org/entity/Q39144,http://commons.wikimedia.org/wiki/Special:FilePath/Flag%20of%20Bangladesh.svg
http://www.wikidata.org/entity/Q902,Bangladesh,Asia,147570,171466990,8086725729,Dhaka,http://www.wikidata.org/entity/Q39144,http://commons.wikimedia.org/wiki/Special:FilePath/Flag%20of%20Bangladesh.svg
http://www.wikidata.org/entity/Q902,Bangladesh,Asia,147570,171466990,8471006437,Dhaka,http://www.wikidata.org/entity/Q39144,http://commons.wikimedia.org/wiki/Special:FilePath/Flag%20of%20Bangladesh.svg
http://www.wikidata.org/entity/Q902,Bangladesh,Asia,147570,171466990,8751843187,Dhaka,http://www.wikidata.org/entity/Q39144,http://commons.wikimedia.org/wiki/Special:FilePath/Flag%20of%20Bangladesh.svg
http://www.wikidata.org/entity/Q902,Bangladesh,Asia,147570,171466990,4274894083,Dhaka,http://www.wikidata.org/entity/Q4545424,http://commons.wikimedia.org/wiki/Special:FilePath/Flag%20of%20Bangladesh.svg
http://www.wikidata.org/entity/Q902,Bangladesh,Asia,147570,171466990,4817580375,Dhaka,http://www.wikidata.org/entity/Q4545424,http://commons.wikimedia.org/wiki/Special:FilePath/Flag%20of%20Bangladesh.svg
http://www.wikidata.org/entity/Q902,Bangladesh,Asia,147570,171466990,5081413541,Dhaka,http://www.wikidata.org/entity/Q4545424,http://commons.wikimedia.org/wiki/Special:FilePath/Flag%20of%20Bangladesh.svg
http://www.wikidata.org/entity/Q902,Bangladesh,Asia,147570,171466990,5319458562,Dhaka,http://www.wikidata.org/entity/Q4545424,http://commons.wikimedia.org/wiki/Special:FilePath/Flag%20of%20Bangladesh.svg
http://www.wikidata.org/entity/Q902,Bangladesh,Asia,147570,171466990,5386054833,Dhaka,http://www.wikidata.org/entity/Q4545424,http://commons.wikimedia.org/wiki/Special:FilePath/Flag%20of%20Bangladesh.svg
http://www.wikidata.org/entity/Q902,Bangladesh,Asia,147570,171466990,5906636791,Dhaka,http://www.wikidata.org/entity/Q4545424,http://commons.wikimedia.org/wiki/Special:FilePath/Flag%20of%20Bangladesh.svg
http://www.wikidata.org/entity/Q902,Bangladesh,Asia,147570,171466990,6288245866,Dhaka,http://www.wikidata.org/entity/Q4545424,http://commons.wikimedia.org/wiki/Special:FilePath/Flag%20of%20Bangladesh.svg
http://www.wikidata.org/entity/Q902,Bangladesh,Asia,147570,171466990,6439687854,Dhaka,http://www.wikidata.org/entity/Q4545424,http://commons.wikimedia.org/wiki/Special:FilePath/Flag%20of%20Bangladesh.svg
http://www.wikidata.org/entity/Q902,Bangladesh,Asia,147570,171466990,7253575687,Dhaka,http://www.wikidata.org/entity/Q4545424,http://commons.wikimedia.org/wiki/Special:FilePath/Flag%20of%20Bangladesh.svg
http://www.wikidata.org/entity/Q902,Bangladesh,Asia,147570,171466990,7483685770,Dhaka,http://www.wikidata.org/entity/Q4545424,http://commons.wikimedia.org/wiki/Special:FilePath/Flag%20of%20Bangladesh.svg
http://www.wikidata.org/entity/Q902,Bangladesh,Asia,147570,171466990,8086725729,Dhaka,http://www.wikidata.org/entity/Q4545424,http://commons.wikimedia.org/wiki/Special:FilePath/Flag%20of%20Bangladesh.svg
http://www.wikidata.org/entity/Q902,Bangladesh,Asia,147570,171466990,8471006437,Dhaka,http://www.wikidata.org/entity/Q4545424,http://commons.wikimedia.org/wiki/Special:FilePath/Flag%20of%20Bangladesh.svg
http://www.wikidata.org/entity/Q902,Bangladesh,Asia,147570,171466990,8751843187,Dhaka,http://www.wikidata.org/entity/Q4545424,http://commons.wikimedia.org/wiki/Special:FilePath/Flag%20of%20Bangladesh.svg
http://www.wikidata.org/entity/Q244,Barbados,North America,439,303431,4843800000,Bridgetown,http://www.wikidata.org/entity/Q39539,http://commons.wikimedia.org/wiki/Special:FilePath/Flag%20of%20Barbados.svg
http://www.wikidata.org/entity/Q244,Barbados,North America,439,303431,5637914515,Bridgetown,http://www.wikidata.org/entity/Q39539,http://commons.wikimedia.org/wiki/Special:FilePath/Flag%20of%20Barbados.svg
http://www.wikidata.org/entity/Q184,Belarus,Europe,207596.76,9056080,72793457588,Minsk,http://www.wikidata.org/entity/Q39870,http://commons.wikimedia.org/wiki/Special:FilePath/Flag%20of%20Belarus.svg
http://www.wikidata.org/entity/Q184,Belarus,Europe,207596.76,9056080,72793457588,Minsk,http://www.wikidata.org/entity/Q18109066,http://commons.wikimedia.org/wiki/Special:FilePath/Flag%20of%20Belarus.svg
http://www.wikidata.org/entity/Q31,Belgium,Europe,30688,11825551,644782756682,Brussels,http://www.wikidata.org/entity/Q39773,http://commons.wikimedia.org/wiki/Special:FilePath/Flag%20of%20Belgium.svg
http://www.wikidata.org/entity/Q242,Belize,North America,22966,411106,2824081836,Belmopan,http://www.wikidata.org/entity/Q39903,http://commons.wikimedia.org/wiki/Special:FilePath/Flag%20of%20Belize.svg
http://www.wikidata.org/entity/Q962,Benin,Africa,114763,14111034,19676049075,Porto-Novo,http://www.wikidata.org/entity/Q41100,http://commons.wikimedia.org/wiki/Special:FilePath/Flag%20of%20Benin.svg
http://www.wikidata.org/entity/Q917,Bhutan,Asia,38394,787424,2539551327,Thimphu,http://www.wikidata.org/entity/Q40001,http://commons.wikimedia.org/wiki/Special:FilePath/Flag%20of%20Bhutan.svg
http://www.wikidata.org/entity/Q750,Bolivia,South America,1098581,12244159,373250000,La Paz,http://www.wikidata.org/entity/Q40510,http://commons.wikimedia.org/wiki/Special:FilePath/Flag%20of%20Bolivia.svg
http://www.wikidata.org/entity/Q750,Bolivia,South America,1098581,12244159,406000000,La Paz,http://www.wikidata.org/entity/Q40510,http://commons.wikimedia.org/wiki/Special:FilePath/Flag%20of%20Bolivia.svg
http://www.wikidata.org/entity/Q750,Bolivia,South America,1098581,12244159,443916666,La Paz,http://www.wikidata.org/entity/Q40510,http://commons.wikimedia.org/wiki/Special:FilePath/Flag%20of%20Bolivia.svg
http://www.wikidata.org/entity/Q750,Bolivia,South America,1098581,12244159,478000000,La Paz,http://www.wikidata.org/entity/Q40510,http://commons.wikimedia.org/wiki/Special:FilePath/Flag%20of%20Bolivia.svg
http://www.wikidata.org/entity/Q750,Bolivia,South America,1098581,12244159,538583333,La Paz,http://www.wikidata.org/entity/Q40510,http://commons.wikimedia.org/wiki/Special:FilePath/Flag%20of%20Bolivia.svg
http://www.wikidata.org/entity/Q750,Bolivia,South America,1098581,12244159,598333333,La Paz,http://www.wikidata.org/entity/Q40510,http://commons.wikimedia.org/wiki/Special:FilePath/Flag%20of%20Bolivia.svg
http://www.wikidata.org/entity/Q750,Bolivia,South America,1098581,12244159,662500000,La Paz,http://www.wikidata.org/entity/Q40510,http://commons.wikimedia.org/wiki/Special:FilePath/Flag%20of%20Bolivia.svg
http://www.wikidata.org/entity/Q750,Bolivia,South America,1098581,12244159,748250000,La Paz,http://www.wikidata.org/entity/Q40510,http://commons.wikimedia.org/wiki/Special:FilePath/Flag%20of%20Bolivia.svg
http://www.wikidata.org/entity/Q750,Bolivia,South America,1098581,12244159,849333333,La Paz,http://www.wikidata.org/entity/Q40510,http://commons.wikimedia.org/wiki/Special:FilePath/Flag%20of%20Bolivia.svg
http://www.wikidata.org/entity/Q750,Bolivia,South America,1098581,12244159,920333333,La Paz,http://www.wikidata.org/entity/Q40510,http://commons.wikimedia.org/wiki/Special:FilePath/Flag%20of%20Bolivia.svg
http://www.wikidata.org/entity/Q750,Bolivia,South America,1098581,12244159,1006833333,La Paz,http://www.wikidata.org/entity/Q40510,http://commons.wikimedia.org/wiki/Special:FilePath/Flag%20of%20Bolivia.svg
http://www.wikidata.org/entity/Q750,Bolivia,South America,1098581,12244159,1084666666,La Paz,http://www.wikidata.org/entity/Q40510,http://commons.wikimedia.org/wiki/Special:FilePath/Flag%20of%20Bolivia.svg
http://www.wikidata.org/entity/Q750,Bolivia,South America,1098581,12244159,1263600000,La Paz,http://www.wikidata.org/entity/Q40510,http://commons.wikimedia.org/wiki/Special:FilePath/Flag%20of%20Bolivia.svg
http://www.wikidata.org/entity/Q750,Bolivia,South America,1098581,12244159,1286153846,La Paz,http://www.wikidata.org/entity/Q40510,http://commons.wikimedia.org/wiki/Special:FilePath/Flag%20of%20Bolivia.svg
http://www.wikidata.org/entity/Q750,Bolivia,South America,1098581,12244159,2101300000,La Paz,http://www.wikidata.org/entity/Q40510,http://commons.wikimedia.org/wiki/Special:FilePath/Flag%20of%20Bolivia.svg
http://www.wikidata.org/entity/Q750,Bolivia,South America,1098581,12244159,2405900000,La Paz,http://www.wikidata.org/entity/Q40510,http://commons.wikimedia.org/wiki/Special:FilePath/Flag%20of%20Bolivia.svg
http://www.wikidata.org/entity/Q750,Bolivia,South America,1098581,12244159,40408208524,La Paz,http://www.wikidata.org/entity/Q40510,http://commons.wikimedia.org/wiki/Special:FilePath/Flag%20of%20Bolivia.svg
http://www.wikidata.org/entity/Q750,Bolivia,South America,1098581,12244159,43068885673,La Paz,http://www.wikidata.org/entity/Q40510,http://commons.wikimedia.org/wiki/Special:FilePath/Flag%20of%20Bolivia.svg
http://www.wikidata.org/entity/Q750,Bolivia,South America,1098581,12244159,373250000,Sucre,http://www.wikidata.org/entity/Q40510,http://commons.wikimedia.org/wiki/Special:FilePath/Flag%20of%20Bolivia.svg
http://www.wikidata.org/entity/Q750,Bolivia,South America,1098581,12244159,406000000,Sucre,http://www.wikidata.org/entity/Q40510,http://commons.wikimedia.org/wiki/Special:FilePath/Flag%20of%20Bolivia.svg
http://www.wikidata.org/entity/Q750,Bolivia,South America,1098581,12244159,443916666,Sucre,http://www.wikidata.org/entity/Q40510,http://commons.wikimedia.org/wiki/Special:FilePath/Flag%20of%20Bolivia.svg
http://www.wikidata.org/entity/Q750,Bolivia,South America,1098581,12244159,478000000,Sucre,http://www.wikidata.org/entity/Q40510,http://commons.wikimedia.org/wiki/Special:FilePath/Flag%20of%20Bolivia.svg
http://www.wikidata.org/entity/Q750,Bolivia,South America,1098581,12244159,538583333,Sucre,http://www.wikidata.org/entity/Q40510,http://commons.wikimedia.org/wiki/Special:FilePath/Flag%20of%20Bolivia.svg
http://www.wikidata.org/entity/Q750,Bolivia,South America,1098581,12244159,598333333,Sucre,http://www.wikidata.org/entity/Q40510,http://commons.wikimedia.org/wiki/Special:FilePath/Flag%20of%20Bolivia.svg
http://www.wikidata.org/entity/Q750,Bolivia,South America,1098581,12244159,662500000,Sucre,http://www.wikidata.org/entity/Q40510,http://commons.wikimedia.org/wiki/Special:FilePath/Flag%20of%20Bolivia.svg
http://www.wikidata.org/entity/Q750,Bolivia,South America,1098581,12244159,748250000,Sucre,http://www.wikidata.org/entity/Q40510,http://commons.wikimedia.org/wiki/Special:FilePath/Flag%20of%20Bolivia.svg
http://www.wikidata.org/entity/Q750,Bolivia,South America,1098581,12244159,849333333,Sucre,http://www.wikidata.org/entity/Q40510,http://commons.wikimedia.org/wiki/Special:FilePath/Flag%20of%20Bolivia.svg
http://www.wikidata.org/entity/Q750,Bolivia,South America,1098581,12244159,920333333,Sucre,http://www.wikidata.org/entity/Q40510,http://commons.wikimedia.org/wiki/Special:FilePath/Flag%20of%20Bolivia.svg
http://www.wikidata.org/entity/Q750,Bolivia,South America,1098581,12244159,1006833333,Sucre,http://www.wikidata.org/entity/Q40510,http://commons.wikimedia.org/wiki/Special:FilePath/Flag%20of%20Bolivia.svg
http://www.wikidata.org/entity/Q750,Bolivia,South America,1098581,12244159,1084666666,Sucre,http://www.wikidata.org/entity/Q40510,http://commons.wikimedia.org/wiki/Special:FilePath/Flag%20of%20Bolivia.svg
http://www.wikidata.org/entity/Q750,Bolivia,South America,1098581,12244159,1263600000,Sucre,http://www.wikidata.org/entity/Q40510,http://commons.wikimedia.org/wiki/Special:FilePath/Flag%20of%20Bolivia.svg
http://www.wikidata.org/entity/Q750,Bolivia,South America,1098581,12244159,1286153846,Sucre,http://www.wikidata.org/entity/Q40510,http://commons.wikimedia.org/wiki/Special:FilePath/Flag%20of%20Bolivia.svg
http://www.wikidata.org/entity/Q750,Bolivia,South America,1098581,12244159,2101300000,Sucre,http://www.wikidata.org/entity/Q40510,http://commons.wikimedia.org/wiki/Special:FilePath/Flag%20of%20Bolivia.svg
http://www.wikidata.org/entity/Q750,Bolivia,South America,1098581,12244159,2405900000,Sucre,http://www.wikidata.org/entity/Q40510,http://commons.wikimedia.org/wiki/Special:FilePath/Flag%20of%20Bolivia.svg
http://www.wikidata.org/entity/Q750,Bolivia,South America,1098581,12244159,40408208524,Sucre,http://www.wikidata.org/entity/Q40510,http://commons.wikimedia.org/wiki/Special:FilePath/Flag%20of%20Bolivia.svg
http://www.wikidata.org/entity/Q750,Bolivia,South America,1098581,12244159,43068885673,Sucre,http://www.wikidata.org/entity/Q40510,http://commons.wikimedia.org/wiki/Special:FilePath/Flag%20of%20Bolivia.svg
http://www.wikidata.org/entity/Q188736,Bosnia,,,,,,,
http://www.wikidata.org/entity/Q225,Bosnia and Herzegovina,Europe,51197,3816459,27514782476,Sarajevo,http://www.wikidata.org/entity/Q39661,http://commons.wikimedia.org/wiki/Special:FilePath/Flag%20of%20Bosnia%20and%20Herzegovina.svg
http://www.wikidata.org/entity/Q963,Botswana,Africa,581737,2480244,18737066307,Gaborone,http://www.wikidata.org/entity/Q40989,http://commons.wikimedia.org/wiki/Special:FilePath/Flag%20of%20Botswana.svg
http://www.wikidata.org/entity/Q963,Botswana,Africa,581737,2480244,20352322157,Gaborone,http://www.wikidata.org/entity/Q40989,http://commons.wikimedia.org/wiki/Special:FilePath/Flag%20of%20Botswana.svg
http://www.wikidata.org/entity/Q155,Brazil,South America,8515767,213421037,1649622972159,Brasília,http://www.wikidata.org/entity/Q39889,http://commons.wikimedia.org/wiki/Special:FilePath/Flag%20of%20Brazil.svg
http://www.wikidata.org/entity/Q155,Brazil,South America,8515767,213421037,1920095560995,Brasília,http://www.wikidata.org/entity/Q39889,http://commons.wikimedia.org/wiki/Special:FilePath/Flag%20of%20Brazil.svg
http://www.wikidata.org/entity/Q921,Brunei,Asia,5765.313533,458949,14006497000,Bandar Seri Begawan,http://www.wikidata.org/entity/Q41199,http://commons.wikimedia.org/wiki/Special:FilePath/Flag%20of%20Brunei.svg
http://www.wikidata.org/entity/Q921,Brunei,Asia,5765.313533,458949,16681531646,Bandar Seri Begawan,http://www.wikidata.org/entity/Q41199,http://commons.wikimedia.org/wiki/Special:FilePath/Flag%20of%20Brunei.svg
http://www.wikidata.org/entity/Q219,Bulgaria,Europe,110993.6,6437360,89040398406,Sofia,http://www.wikidata.org/entity/Q39029,http://commons.wikimedia.org/wiki/Special:FilePath/Flag%20of%20Bulgaria.svg
http://www.wikidata.org/entity/Q219,Bulgaria,Europe,110993.6,6437360,89040398406,Sofia,http://www.wikidata.org/entity/Q140775,http://commons.wikimedia.org/wiki/Special:FilePath/Flag%20of%20Bulgaria.svg
http://www.wikidata.org/entity/Q965,Burkina Faso,Africa,274200,23025776,330442815,Ouagadougou,http://www.wikidata.org/entity/Q41195,http://commons.wikimedia.org/wiki/Special:FilePath/Flag%20of%20Burkina%20Faso.svg
http://www.wikidata.org/entity/Q965,Burkina Faso,Africa,274200,23025776,350247234,Ouagadougou,http://www.wikidata.org/entity/Q41195,http://commons.wikimedia.org/wiki/Special:FilePath/Flag%20of%20Burkina%20Faso.svg
http://www.wikidata.org/entity/Q965,Burkina Faso,Africa,274200,23025776,379567099,Ouagadougou,http://www.wikidata.org/entity/Q41195,http://commons.wikimedia.org/wiki/Special:FilePath/Flag%20of%20Burkina%20Faso.svg
http://www.wikidata.org/entity/Q965,Burkina Faso,Africa,274200,23025776,394040667,Ouagadougou,http://www.wikidata.org/entity/Q41195,http://commons.wikimedia.org/wiki/Special:FilePath/Flag%20of%20Burkina%20Faso.svg
http://www.wikidata.org/entity/Q965,Burkina Faso,Africa,274200,23025776,410321644,Ouagadougou,http://www.wikidata.org/entity/Q41195,http://commons.wikimedia.org/wiki/Special:FilePath/Flag%20of%20Burkina%20Faso.svg
http://www.wikidata.org/entity/Q965,Burkina Faso,Africa,274200,23025776,422916789,Ouagadougou,http://www.wikidata.org/entity/Q41195,http://commons.wikimedia.org/wiki/Special:FilePath/Flag%20of%20Burkina%20Faso.svg
http://www.wikidata.org/entity/Q965,Burkina Faso,Africa,274200,23025776,433889766,Ouagadougou,http://www.wikidata.org/entity/Q41195,http://commons.wikimedia.org/wiki/Special:FilePath/Flag%20of%20Burkina%20Faso.svg
http://www.wikidata.org/entity/Q965,Burkina Faso,Africa,274200,23025776,450753923,Ouagadougou,http://www.wikidata.org/entity/Q41195,http://commons.wikimedia.org/wiki/Special:FilePath/Flag%20of%20Burkina%20Faso.svg
http://www.wikidata.org/entity/Q965,Burkina Faso,Africa,274200,23025776,458404268,Ouagadougou,http://www.wikidata.org/entity/Q41195,http://commons.wikimedia.org/wiki/Special:FilePath/Flag%20of%20Burkina%20Faso.svg
http://www.wikidata.org/entity/Q965,Burkina Faso,Africa,274200,23025776,460442689,Ouagadougou,http://www.wikidata.org/entity/Q41195,http://commons.wikimedia.org/wiki/Special:FilePath/Flag%20of%20Burkina%20Faso.svg
http://www.wikidata.org/entity/Q965,Burkina Faso,Africa,274200,23025776,478298645,Ouagadougou,http://www.wikidata.org/entity/Q41195,http://commons.wikimedia.org/wiki/Special:FilePath/Flag%20of%20Burkina%20Faso.svg
http://www.wikidata.org/entity/Q965,Burkina Faso,Africa,274200,23025776,482411179,Ouagadougou,http://www.wikidata.org/entity/Q41195,http://commons.wikimedia.org/wiki/Special:FilePath/Flag%20of%20Burkina%20Faso.svg
http://www.wikidata.org/entity/Q965,Burkina Faso,Africa,274200,23025776,578595521,Ouagadougou,http://www.wikidata.org/entity/Q41195,http://commons.wikimedia.org/wiki/Special:FilePath/Flag%20of%20Burkina%20Faso.svg
http://www.wikidata.org/entity/Q965,Burkina Faso,Africa,274200,23025776,674773569,Ouagadougou,http://www.wikidata.org/entity/Q41195,http://commons.wikimedia.org/wiki/Special:FilePath/Flag%20of%20Burkina%20Faso.svg
http://www.wikidata.org/entity/Q965,Burkina Faso,Africa,274200,23025776,751133430,Ouagadougou,http://www.wikidata.org/entity/Q41195,http://commons.wikimedia.org/wiki/Special:FilePath/Flag%20of%20Burkina%20Faso.svg
http://www.wikidata.org/entity/Q965,Burkina Faso,Africa,274200,23025776,939972703,Ouagadougou,http://www.wikidata.org/entity/Q41195,http://commons.wikimedia.org/wiki/Special:FilePath/Flag%20of%20Burkina%20Faso.svg
http://www.wikidata.org/entity/Q965,Burkina Faso,Africa,274200,23025776,976547188,Ouagadougou,http://www.wikidata.org/entity/Q41195,http://commons.wikimedia.org/wiki/Special:FilePath/Flag%20of%20Burkina%20Faso.svg
http://www.wikidata.org/entity/Q965,Burkina Faso,Africa,274200,23025776,1131224878,Ouagadougou,http://www.wikidata.org/entity/Q41195,http://commons.wikimedia.org/wiki/Special:FilePath/Flag%20of%20Burkina%20Faso.svg
http://www.wikidata.org/entity/Q965,Burkina Faso,Africa,274200,23025776,1459880132,Ouagadougou,http://www.wikidata.org/entity/Q41195,http://commons.wikimedia.org/wiki/Special:FilePath/Flag%20of%20Burkina%20Faso.svg
http://www.wikidata.org/entity/Q965,Burkina Faso,Africa,274200,23025776,1475583644,Ouagadougou,http://www.wikidata.org/entity/Q41195,http://commons.wikimedia.org/wiki/Special:FilePath/Flag%20of%20Burkina%20Faso.svg
http://www.wikidata.org/entity/Q965,Burkina Faso,Africa,274200,23025776,1552493196,Ouagadougou,http://www.wikidata.org/entity/Q41195,http://commons.wikimedia.org/wiki/Special:FilePath/Flag%20of%20Burkina%20Faso.svg
http://www.wikidata.org/entity/Q965,Burkina Faso,Africa,274200,23025776,1600278605,Ouagadougou,http://www.wikidata.org/entity/Q41195,http://commons.wikimedia.org/wiki/Special:FilePath/Flag%20of%20Burkina%20Faso.svg
http://www.wikidata.org/entity/Q965,Burkina Faso,Africa,274200,23025776,1748480620,Ouagadougou,http://www.wikidata.org/entity/Q41195,http://commons.wikimedia.org/wiki/Special:FilePath/Flag%20of%20Burkina%20Faso.svg
http://www.wikidata.org/entity/Q965,Burkina Faso,Africa,274200,23025776,1754450096,Ouagadougou,http://www.wikidata.org/entity/Q41195,http://commons.wikimedia.org/wiki/Special:FilePath/Flag%20of%20Burkina%20Faso.svg
http://www.wikidata.org/entity/Q965,Burkina Faso,Africa,274200,23025776,1775842333,Ouagadougou,http://www.wikidata.org/entity/Q41195,http://commons.wikimedia.org/wiki/Special:FilePath/Flag%20of%20Burkina%20Faso.svg
http://www.wikidata.org/entity/Q965,Burkina Faso,Africa,274200,23025776,1895290637,Ouagadougou,http://www.wikidata.org/entity/Q41195,http://commons.wikimedia.org/wiki/Special:FilePath/Flag%20of%20Burkina%20Faso.svg
http://www.wikidata.org/entity/Q965,Burkina Faso,Africa,274200,23025776,1928719888,Ouagadougou,http://www.wikidata.org/entity/Q41195,http://commons.wikimedia.org/wiki/Special:FilePath/Flag%20of%20Burkina%20Faso.svg
http://www.wikidata.org/entity/Q965,Burkina Faso,Africa,274200,23025776,2036303357,Ouagadougou,http://www.wikidata.org/entity/Q41195,http://commons.wikimedia.org/wiki/Special:FilePath/Flag%20of%20Burkina%20Faso.svg
http://www.wikidata.org/entity/Q965,Burkina Faso,Africa,274200,23025776,2369834949,Ouagadougou,http://www.wikidata.org/entity/Q41195,http://commons.wikimedia.org/wiki/Special:FilePath/Flag%20of%20Burkina%20Faso.svg
http://www.wikidata.org/entity/Q965,Burkina Faso,Africa,274200,23025776,2379517975,Ouagadougou,http://www.wikidata.org/entity/Q41195,http://commons.wikimedia.org/wiki/Special:FilePath/Flag%20of%20Burkina%20Faso.svg
http://www.wikidata.org/entity/Q965,Burkina Faso,Africa,274200,23025776,2447669101,Ouagadougou,http://www.wikidata.org/entity/Q41195,http://commons.wikimedia.org/wiki/Special:FilePath/Flag%20of%20Burkina%20Faso.svg
http://www.wikidata.org/entity/Q965,Burkina Faso,Africa,274200,23025776,2586550595,Ouagadougou,http://www.wikidata.org/entity/Q41195,http://commons.wikimedia.org/wiki/Special:FilePath/Flag%20of%20Burkina%20Faso.svg
http://www.wikidata.org/entity/Q965,Burkina Faso,Africa,274200,23025776,2615587733,Ouagadougou,http://www.wikidata.org/entity/Q41195,http://commons.wikimedia.org/wiki/Special:FilePath/Flag%20of%20Burkina%20Faso.svg
http://www.wikidata.org/entity/Q965,Burkina Faso,Africa,274200,23025776,2616040478,Ouagadougou,http://www.wikidata.org/entity/Q41195,http://commons.wikimedia.org/wiki/Special:FilePath/Flag%20of%20Burkina%20Faso.svg
http://www.wikidata.org/entity/Q965,Burkina Faso,Africa,274200,23025776,2804902367,Ouagadougou,http://www.wikidata.org/entity/Q41195,http://commons.wikimedia.org/wiki/Special:FilePath/Flag%20of%20Burkina%20Faso.svg
http://www.wikidata.org/entity/Q965,Burkina Faso,Africa,274200,23025776,2968370087,Ouagadougou,http://www.wikidata.org/entity/Q41195,http://commons.wikimedia.org/wiki/Special:FilePath/Flag%20of%20Burkina%20Faso.svg
http://www.wikidata.org/entity/Q965,Burkina Faso,Africa,274200,23025776,3101300778,Ouagadougou,http://www.wikidata.org/entity/Q41195,http://commons.wikimedia.org/wiki/Special:FilePath/Flag%20of%20Burkina%20Faso.svg
http://www.wikidata.org/entity/Q965,Burkina Faso,Africa,274200,23025776,3135045584,Ouagadougou,http://www.wikidata.org/entity/Q41195,http://commons.wikimedia.org/wiki/Special:FilePath/Flag%20of%20Burkina%20Faso.svg
http://www.wikidata.org/entity/Q965,Burkina Faso,Africa,274200,23025776,3190371080,Ouagadougou,http://www.wikidata.org/entity/Q41195,http://commons.wikimedia.org/wiki/Special:FilePath/Flag%20of%20Burkina%20Faso.svg
http://www.wikidata.org/entity/Q965,Burkina Faso,Africa,274200,23025776,3199536465,Ouagadougou,http://www.wikidata.org/entity/Q41195,http://commons.wikimedia.org/wiki/Special:FilePath/Flag%20of%20Burkina%20Faso.svg
http://www.wikidata.org/entity/Q965,Burkina Faso,Africa,274200,23025776,3356692505,Ouagadougou,http://www.wikidata.org/entity/Q41195,http://commons.wikimedia.org/wiki/Special:FilePath/Flag%20of%20Burkina%20Faso.svg
http://www.wikidata.org/entity/Q965,Burkina Faso,Africa,274200,23025776,3389566712,Ouagadougou,http://www.wikidata.org/entity/Q41195,http://commons.wikimedia.org/wiki/Special:FilePath/Flag%20of%20Burkina%20Faso.svg
http://www.wikidata.org/entity/Q965,Burkina Faso,Africa,274200,23025776,3622350062,Ouagadougou,http://www.wikidata.org/entity/Q41195,http://commons.wikimedia.org/wiki/Special:FilePath/Flag%20of%20Burkina%20Faso.svg
http://www.wikidata.org/entity/Q965,Burkina Faso,Africa,274200,23025776,4740768142,Ouagadougou,http://www.wikidata.org/entity/Q41195,http://commons.wikimedia.org/wiki/Special:FilePath/Flag%20of%20Burkina%20Faso.svg
http://www.wikidata.org/entity/Q965,Burkina Faso,Africa,274200,23025776,5451688537,Ouagadougou,http://www.wikidata.org/entity/Q41195,http://commons.wikimedia.org/wiki/Special:FilePath/Flag%20of%20Burkina%20Faso.svg
http://www.wikidata.org/entity/Q965,Burkina Faso,Africa,274200,23025776,6146353173,Ouagadougou,http://www.wikidata.org/entity/Q41195,http://commons.wikimedia.org/wiki/Special:FilePath/Flag%20of%20Burkina%20Faso.svg
http://www.wikidata.org/entity/Q965,Burkina Faso,Africa,274200,23025776,6547419820,Ouagadougou,http://www.wikidata.org/entity/Q41195,http://commons.wikimedia.org/wiki/Special:FilePath/Flag%20of%20Burkina%20Faso.svg
http://www.wikidata.org/entity/Q965,Burkina Faso,Africa,274200,23025776,7625722836,Ouagadougou,http://www.wikidata.org/entity/Q41195,http://commons.wikimedia.org/wiki/Special:FilePath/Flag%20of%20Burkina%20Faso.svg
http://www.wikidata.org/entity/Q965,Burkina Faso,Africa,274200,23025776,9450696873,Ouagadougou,http://www.wikidata.org/entity/Q41195,http://commons.wikimedia.org/wiki/Special:FilePath/Flag%20of%20Burkina%20Faso.svg
http://www.wikidata.org/entity/Q965,Burkina Faso,Africa,274200,23025776,9451435490,Ouagadougou,http://www.wikidata.org/entity/Q41195,http://commons.wikimedia.org/wiki/Special:FilePath/Flag%20of%20Burkina%20Faso.svg
http://www.wikidata.org/entity/Q965,Burkina Faso,Africa,274200,23025776,10109619740,Ouagadougou,http://www.wikidata.org/entity/Q41195,http://commons.wikimedia.org/wiki/Special:FilePath/Flag%20of%20Burkina%20Faso.svg
http://www.wikidata.org/entity/Q965,Burkina Faso,Africa,274200,23025776,11832159315,Ouagadougou,http://www.wikidata.org/entity/Q41195,http://commons.wikimedia.org/wiki/Special:FilePath/Flag%20of%20Burkina%20Faso.svg
http://www.wikidata.org/entity/Q965,Burkina Faso,Africa,274200,23025776,12080295977,Ouagadougou,http://www.wikidata.org/entity/Q41195,http://commons.wikimedia.org/wiki/Special:FilePath/Flag%20of%20Burkina%20Faso.svg
http://www.wikidata.org/entity/Q965,Burkina Faso,Africa,274200,23025776,12561015156,Ouagadougou,http://www.wikidata.org/entity/Q41195,http://commons.wikimedia.org/wiki/Special:FilePath/Flag%20of%20Burkina%20Faso.svg
http://www.wikidata.org/entity/Q965,Burkina Faso,Africa,274200,23025776,12833363045,Ouagadougou,http://www.wikidata.org/entity/Q41195,http://commons.wikimedia.org/wiki/Special:FilePath/Flag%20of%20Burkina%20Faso.svg
http://www.wikidata.org/entity/Q965,Burkina Faso,Africa,274200,23025776,13444300485,Ouagadougou,http://www.wikidata.org/entity/Q41195,http://commons.wikimedia.org/wiki/Special:FilePath/Flag%20of%20Burkina%20Faso.svg
http://www.wikidata.org/entity/Q965,Burkina Faso,Africa,274200,23025776,13943016076,Ouagadougou,http://www.wikidata.org/entity/Q41195,http://commons.wikimedia.org/wiki/Special:FilePath/Flag%20of%20Burkina%20Faso.svg
http://www.wikidata.org/entity/Q965,Burkina Faso,Africa,274200,23025776,14106955615,Ouagadougou,http://www.wikidata.org/entity/Q41195,http://commons.wikimedia.org/wiki/Special:FilePath/Flag%20of%20Burkina%20Faso.svg
http://www.wikidata.org/entity/Q965,Burkina Faso,Africa,274200,23025776,15890066221,Ouagadougou,http://www.wikidata.org/entity/Q41195,http://commons.wikimedia.org/wiki/Special:FilePath/Flag%20of%20Burkina%20Faso.svg
http://www.wikidata.org/entity/Q965,Burkina Faso,Africa,274200,23025776,16032813503,Ouagadougou,http://www.wikidata.org/entity/Q41195,http://commons.wikimedia.org/wiki/Special:FilePath/Flag%20of%20Burkina%20Faso.svg
http://www.wikidata.org/entity/Q965,Burkina Faso,Africa,274200,23025776,17725010532,Ouagadougou,http://www.wikidata.org/entity/Q41195,http://commons.wikimedia.org/wiki/Special:FilePath/Flag%20of%20Burkina%20Faso.svg
http://www.wikidata.org/entity/Q965,Burkina Faso,Africa,274200,23025776,18820218690,Ouagadougou,http://www.wikidata.org/entity/Q41195,http://commons.wikimedia.org/wiki/Special:FilePath/Flag%20of%20Burkina%20Faso.svg
http://www.wikidata.org/entity/Q965,Burkina Faso,Africa,274200,23025776,18884619613,Ouagadougou,http://www.wikidata.org/entity/Q41195,http://commons.wikimedia.org/wiki/Special:FilePath/Flag%20of%20Burkina%20Faso.svg
http://www.wikidata.org/entity/Q965,Burkina Faso,Africa,274200,23025776,19697516284,Ouagadougou,http://www.wikidata.org/entity/Q41195,http://commons.wikimedia.org/wiki/Special:FilePath/Flag%20of%20Burkina%20Faso.svg
http://www.wikidata.org/entity/Q965,Burkina Faso,Africa,274200,23025776,19737616003,Ouagadougou,http://www.wikidata.org/entity/Q41195,http://commons.wikimedia.org/wiki/Special:FilePath/Flag%20of%20Burkina%20Faso.svg
http://www.wikidata.org/entity/Q965,Burkina Faso,Africa,274200,23025776,20324617844,Ouagadougou,http://www.wikidata.org/entity/Q41195,http://commons.wikimedia.org/wiki/Special:FilePath/Flag%20of%20Burkina%20Faso.svg
http://www.wikidata.org/entity/Q967,Burundi,Africa,27834,13689450,158994962,Gitega,http://www.wikidata.org/entity/Q41988,http://commons.wikimedia.org/wiki/Special:FilePath/Flag%20of%20Burundi.svg
http://www.wikidata.org/entity/Q967,Burundi,Africa,27834,13689450,165444571,Gitega,http://www.wikidata.org/entity/Q41988,http://commons.wikimedia.org/wiki/Special:FilePath/Flag%20of%20Burundi.svg
http://www.wikidata.org/entity/Q967,Burundi,Africa,27834,13689450,178297142,Gitega,http://www.wikidata.org/entity/Q41988,http://commons.wikimedia.org/wiki/Special:FilePath/Flag%20of%20Burundi.svg
http://www.wikidata.org/entity/Q967,Burundi,Africa,27834,13689450,183199999,Gitega,http://www.wikidata.org/entity/Q41988,http://commons.wikimedia.org/wiki/Special:FilePath/Flag%20of%20Burundi.svg
http://www.wikidata.org/entity/Q967,Burundi,Africa,27834,13689450,190205714,Gitega,http://www.wikidata.org/entity/Q41988,http://commons.wikimedia.org/wiki/Special:FilePath/Flag%20of%20Burundi.svg
http://www.wikidata.org/entity/Q967,Burundi,Africa,27834,13689450,195999989,Gitega,http://www.wikidata.org/entity/Q41988,http://commons.wikimedia.org/wiki/Special:FilePath/Flag%20of%20Burundi.svg
http://www.wikidata.org/entity/Q967,Burundi,Africa,27834,13689450,202999991,Gitega,http://www.wikidata.org/entity/Q41988,http://commons.wikimedia.org/wiki/Special:FilePath/Flag%20of%20Burundi.svg
http://www.wikidata.org/entity/Q967,Burundi,Africa,27834,13689450,213500005,Gitega,http://www.wikidata.org/entity/Q41988,http://commons.wikimedia.org/wiki/Special:FilePath/Flag%20of%20Burundi.svg
http://www.wikidata.org/entity/Q967,Burundi,Africa,27834,13689450,232749997,Gitega,http://www.wikidata.org/entity/Q41988,http://commons.wikimedia.org/wiki/Special:FilePath/Flag%20of%20Burundi.svg
http://www.wikidata.org/entity/Q967,Burundi,Africa,27834,13689450,242732571,Gitega,http://www.wikidata.org/entity/Q41988,http://commons.wikimedia.org/wiki/Special:FilePath/Flag%20of%20Burundi.svg
http://www.wikidata.org/entity/Q967,Burundi,Africa,27834,13689450,246804571,Gitega,http://www.wikidata.org/entity/Q41988,http://commons.wikimedia.org/wiki/Special:FilePath/Flag%20of%20Burundi.svg
http://www.wikidata.org/entity/Q967,Burundi,Africa,27834,13689450,252842285,Gitega,http://www.wikidata.org/entity/Q41988,http://commons.wikimedia.org/wiki/Special:FilePath/Flag%20of%20Burundi.svg
http://www.wikidata.org/entity/Q967,Burundi,Africa,27834,13689450,260750007,Gitega,http://www.wikidata.org/entity/Q41988,http://commons.wikimedia.org/wiki/Special:FilePath/Flag%20of%20Burundi.svg
http://www.wikidata.org/entity/Q967,Burundi,Africa,27834,13689450,304339522,Gitega,http://www.wikidata.org/entity/Q41988,http://commons.wikimedia.org/wiki/Special:FilePath/Flag%20of%20Burundi.svg
http://www.wikidata.org/entity/Q967,Burundi,Africa,27834,13689450,345263492,Gitega,http://www.wikidata.org/entity/Q41988,http://commons.wikimedia.org/wiki/Special:FilePath/Flag%20of%20Burundi.svg
http://www.wikidata.org/entity/Q967,Burundi,Africa,27834,13689450,420986666,Gitega,http://www.wikidata.org/entity/Q41988,http://commons.wikimedia.org/wiki/Special:FilePath/Flag%20of%20Burundi.svg
http://www.wikidata.org/entity/Q967,Burundi,Africa,27834,13689450,448412753,Gitega,http://www.wikidata.org/entity/Q41988,http://commons.wikimedia.org/wiki/Special:FilePath/Flag%20of%20Burundi.svg
http://www.wikidata.org/entity/Q967,Burundi,Africa,27834,13689450,547535555,Gitega,http://www.wikidata.org/entity/Q41988,http://commons.wikimedia.org/wiki/Special:FilePath/Flag%20of%20Burundi.svg
http://www.wikidata.org/entity/Q967,Burundi,Africa,27834,13689450,610225555,Gitega,http://www.wikidata.org/entity/Q41988,http://commons.wikimedia.org/wiki/Special:FilePath/Flag%20of%20Burundi.svg
http://www.wikidata.org/entity/Q967,Burundi,Africa,27834,13689450,782496666,Gitega,http://www.wikidata.org/entity/Q41988,http://commons.wikimedia.org/wiki/Special:FilePath/Flag%20of%20Burundi.svg
http://www.wikidata.org/entity/Q967,Burundi,Africa,27834,13689450,784654423,Gitega,http://www.wikidata.org/entity/Q41988,http://commons.wikimedia.org/wiki/Special:FilePath/Flag%20of%20Burundi.svg
http://www.wikidata.org/entity/Q967,Burundi,Africa,27834,13689450,808077223,Gitega,http://www.wikidata.org/entity/Q41988,http://commons.wikimedia.org/wiki/Special:FilePath/Flag%20of%20Burundi.svg
http://www.wikidata.org/entity/Q967,Burundi,Africa,27834,13689450,825394519,Gitega,http://www.wikidata.org/entity/Q41988,http://commons.wikimedia.org/wiki/Special:FilePath/Flag%20of%20Burundi.svg
http://www.wikidata.org/entity/Q967,Burundi,Africa,27834,13689450,869033856,Gitega,http://www.wikidata.org/entity/Q41988,http://commons.wikimedia.org/wiki/Special:FilePath/Flag%20of%20Burundi.svg
http://www.wikidata.org/entity/Q967,Burundi,Africa,27834,13689450,870486065,Gitega,http://www.wikidata.org/entity/Q41988,http://commons.wikimedia.org/wiki/Special:FilePath/Flag%20of%20Burundi.svg
http://www.wikidata.org/entity/Q967,Burundi,Africa,27834,13689450,876794723,Gitega,http://www.wikidata.org/entity/Q41988,http://commons.wikimedia.org/wiki/Special:FilePath/Flag%20of%20Burundi.svg
http://www.wikidata.org/entity/Q967,Burundi,Africa,27834,13689450,893770740,Gitega,http://www.wikidata.org/entity/Q41988,http://commons.wikimedia.org/wiki/Special:FilePath/Flag%20of%20Burundi.svg
http://www.wikidata.org/entity/Q967,Burundi,Africa,27834,13689450,915257323,Gitega,http://www.wikidata.org/entity/Q41988,http://commons.wikimedia.org/wiki/Special:FilePath/Flag%20of%20Burundi.svg
http://www.wikidata.org/entity/Q967,Burundi,Africa,27834,13689450,919726666,Gitega,http://www.wikidata.org/entity/Q41988,http://commons.wikimedia.org/wiki/Special:FilePath/Flag%20of%20Burundi.svg
http://www.wikidata.org/entity/Q967,Burundi,Africa,27834,13689450,925030590,Gitega,http://www.wikidata.org/entity/Q41988,http://commons.wikimedia.org/wiki/Special:FilePath/Flag%20of%20Burundi.svg
http://www.wikidata.org/entity/Q967,Burundi,Africa,27834,13689450,938632612,Gitega,http://www.wikidata.org/entity/Q41988,http://commons.wikimedia.org/wiki/Special:FilePath/Flag%20of%20Burundi.svg
http://www.wikidata.org/entity/Q967,Burundi,Africa,27834,13689450,969046666,Gitega,http://www.wikidata.org/entity/Q41988,http://commons.wikimedia.org/wiki/Special:FilePath/Flag%20of%20Burundi.svg
http://www.wikidata.org/entity/Q967,Burundi,Africa,27834,13689450,972896267,Gitega,http://www.wikidata.org/entity/Q41988,http://commons.wikimedia.org/wiki/Special:FilePath/Flag%20of%20Burundi.svg
http://www.wikidata.org/entity/Q967,Burundi,Africa,27834,13689450,987143931,Gitega,http://www.wikidata.org/entity/Q41988,http://commons.wikimedia.org/wiki/Special:FilePath/Flag%20of%20Burundi.svg
http://www.wikidata.org/entity/Q967,Burundi,Africa,27834,13689450,1000428393,Gitega,http://www.wikidata.org/entity/Q41988,http://commons.wikimedia.org/wiki/Special:FilePath/Flag%20of%20Burundi.svg
http://www.wikidata.org/entity/Q967,Burundi,Africa,27834,13689450,1013222222,Gitega,http://www.wikidata.org/entity/Q41988,http://commons.wikimedia.org/wiki/Special:FilePath/Flag%20of%20Burundi.svg
http://www.wikidata.org/entity/Q967,Burundi,Africa,27834,13689450,1082403219,Gitega,http://www.wikidata.org/entity/Q41988,http://commons.wikimedia.org/wiki/Special:FilePath/Flag%20of%20Burundi.svg
http://www.wikidata.org/entity/Q967,Burundi,Africa,27834,13689450,1082926304,Gitega,http://www.wikidata.org/entity/Q41988,http://commons.wikimedia.org/wiki/Special:FilePath/Flag%20of%20Burundi.svg
http://www.wikidata.org/entity/Q967,Burundi,Africa,27834,13689450,1083037670,Gitega,http://www.wikidata.org/entity/Q41988,http://commons.wikimedia.org/wiki/Special:FilePath/Flag%20of%20Burundi.svg
http://www.wikidata.org/entity/Q967,Burundi,Africa,27834,13689450,1113924130,Gitega,http://www.wikidata.org/entity/Q41988,http://commons.wikimedia.org/wiki/Special:FilePath/Flag%20of%20Burundi.svg
http://www.wikidata.org/entity/Q967,Burundi,Africa,27834,13689450,1117113079,Gitega,http://www.wikidata.org/entity/Q41988,http://commons.wikimedia.org/wiki/Special:FilePath/Flag%20of%20Burundi.svg
http://www.wikidata.org/entity/Q967,Burundi,Africa,27834,13689450,1131466494,Gitega,http://www.wikidata.org/entity/Q41988,http://commons.wikimedia.org/wiki/Special:FilePath/Flag%20of%20Burundi.svg
http://www.wikidata.org/entity/Q967,Burundi,Africa,27834,13689450,1132101252,Gitega,http://www.wikidata.org/entity/Q41988,http://commons.wikimedia.org/wiki/Special:FilePath/Flag%20of%20Burundi.svg
http://www.wikidata.org/entity/Q967,Burundi,Africa,27834,13689450,1149979285,Gitega,http://www.wikidata.org/entity/Q41988,http://commons.wikimedia.org/wiki/Special:FilePath/Flag%20of%20Burundi.svg
http://www.wikidata.org/entity/Q967,Burundi,Africa,27834,13689450,1167398478,Gitega,http://www.wikidata.org/entity/Q41988,http://commons.wikimedia.org/wiki/Special:FilePath/Flag%20of%20Burundi.svg
http://www.wikidata.org/entity/Q967,Burundi,Africa,27834,13689450,1201725497,Gitega,http://www.wikidata.org/entity/Q41988,http://commons.wikimedia.org/wiki/Special:FilePath/Flag%20of%20Burundi.svg
http://www.wikidata.org/entity/Q967,Burundi,Africa,27834,13689450,1273375078,Gitega,http://www.wikidata.org/entity/Q41988,http://commons.wikimedia.org/wiki/Special:FilePath/Flag%20of%20Burundi.svg
http://www.wikidata.org/entity/Q967,Burundi,Africa,27834,13689450,1356199387,Gitega,http://www.wikidata.org/entity/Q41988,http://commons.wikimedia.org/wiki/Special:FilePath/Flag%20of%20Burundi.svg
http://www.wikidata.org/entity/Q967,Burundi,Africa,27834,13689450,1611835857,Gitega,http://www.wikidata.org/entity/Q41988,http://commons.wikimedia.org/wiki/Special:FilePath/Flag%20of%20Burundi.svg
http://www.wikidata.org/entity/Q967,Burundi,Africa,27834,13689450,1781455139,Gitega,http://www.wikidata.org/entity/Q41988,http://commons.wikimedia.org/wiki/Special:FilePath/Flag%20of%20Burundi.svg
http://www.wikidata.org/entity/Q967,Burundi,Africa,27834,13689450,2032135192,Gitega,http://www.wikidata.org/entity/Q41988,http://commons.wikimedia.org/wiki/Special:FilePath/Flag%20of%20Burundi.svg
http://www.wikidata.org/entity/Q967,Burundi,Africa,27834,13689450,2235820809,Gitega,http://www.wikidata.org/entity/Q41988,http://commons.wikimedia.org/wiki/Special:FilePath/Flag%20of%20Burundi.svg
http://www.wikidata.org/entity/Q967,Burundi,Africa,27834,13689450,2333341334,Gitega,http://www.wikidata.org/entity/Q41988,http://commons.wikimedia.org/wiki/Special:FilePath/Flag%20of%20Burundi.svg
http://www.wikidata.org/entity/Q967,Burundi,Africa,27834,13689450,2451606632,Gitega,http://www.wikidata.org/entity/Q41988,http://commons.wikimedia.org/wiki/Special:FilePath/Flag%20of%20Burundi.svg
http://www.wikidata.org/entity/Q967,Burundi,Africa,27834,13689450,2576518879,Gitega,http://www.wikidata.org/entity/Q41988,http://commons.wikimedia.org/wiki/Special:FilePath/Flag%20of%20Burundi.svg
http://www.wikidata.org/entity/Q967,Burundi,Africa,27834,13689450,2642161668,Gitega,http://www.wikidata.org/entity/Q41988,http://commons.wikimedia.org/wiki/Special:FilePath/Flag%20of%20Burundi.svg
http://www.wikidata.org/entity/Q967,Burundi,Africa,27834,13689450,2644487776,Gitega,http://www.wikidata.org/entity/Q41988,http://commons.wikimedia.org/wiki/Special:FilePath/Flag%20of%20Burundi.svg
http://www.wikidata.org/entity/Q967,Burundi,Africa,27834,13689450,2649680261,Gitega,http://www.wikidata.org/entity/Q41988,http://commons.wikimedia.org/wiki/Special:FilePath/Flag%20of%20Burundi.svg
http://www.wikidata.org/entity/Q967,Burundi,Africa,27834,13689450,2667182199,Gitega,http://www.wikidata.org/entity/Q41988,http://commons.wikimedia.org/wiki/Special:FilePath/Flag%20of%20Burundi.svg
http://www.wikidata.org/entity/Q967,Burundi,Africa,27834,13689450,2705783329,Gitega,http://www.wikidata.org/entity/Q41988,http://commons.wikimedia.org/wiki/Special:FilePath/Flag%20of%20Burundi.svg
http://www.wikidata.org/entity/Q967,Burundi,Africa,27834,13689450,2723586962,Gitega,http://www.wikidata.org/entity/Q41988,http://commons.wikimedia.org/wiki/Special:FilePath/Flag%20of%20Burundi.svg
http://www.wikidata.org/entity/Q967,Burundi,Africa,27834,13689450,2775798697,Gitega,http://www.wikidata.org/entity/Q41988,http://commons.wikimedia.org/wiki/Special:FilePath/Flag%20of%20Burundi.svg
http://www.wikidata.org/entity/Q967,Burundi,Africa,27834,13689450,3104003546,Gitega,http://www.wikidata.org/entity/Q41988,http://commons.wikimedia.org/wiki/Special:FilePath/Flag%20of%20Burundi.svg
http://www.wikidata.org/entity/Q967,Burundi,Africa,27834,13689450,3338722827,Gitega,http://www.wikidata.org/entity/Q41988,http://commons.wikimedia.org/wiki/Special:FilePath/Flag%20of%20Burundi.svg
http://www.wikidata.org/entity/Q967,Burundi,Africa,27834,13689450,3338722830,Gitega,http://www.wikidata.org/entity/Q41988,http://commons.wikimedia.org/wiki/Special:FilePath/Flag%20of%20Burundi.svg
http://www.wikidata.org/entity/Q424,Cambodia,Asia,181035,17423880,26961061152,Phnom Penh,http://www.wikidata.org/entity/Q41047,http://commons.wikimedia.org/wiki/Special:FilePath/Flag%20of%20Cambodia.svg
http://www.wikidata.org/entity/Q424,Cambodia,Asia,181035,17423880,29956769529,Phnom Penh,http://www.wikidata.org/entity/Q41047,http://commons.wikimedia.org/wiki/Special:FilePath/Flag%20of%20Cambodia.svg
http://www.wikidata.org/entity/Q1009,Cameroon,Africa,475442,28372687,44341646509,Yaoundé,http://www.wikidata.org/entity/Q40698,http://commons.wikimedia.org/wiki/Special:FilePath/Flag%20of%20Cameroon.svg
http://www.wikidata.org/entity/Q1009,Cameroon,Africa,475442,28372687,45338285386,Yaoundé,http://www.wikidata.org/entity/Q40698,http://commons.wikimedia.org/wiki/Special:FilePath/Flag%20of%20Cameroon.svg
http://www.wikidata.org/entity/Q16,Canada,North America,9984670,36991981,2206764000000,Ottawa,http://www.wikidata.org/entity/Q39582,http://commons.wikimedia.org/wiki/Special:FilePath/Flag%20of%20Canada%20%28Pantone%29.svg
http://www.wikidata.org/entity/Q1011,Cape Verde,Africa,4033,555988,2091741774,Praia,http://www.wikidata.org/entity/Q41022,http://commons.wikimedia.org/wiki/Special:FilePath/Flag%20of%20Cape%20Verde.svg
http://www.wikidata.org/entity/Q1011,Cape Verde,Africa,4033,555988,2314816792,Praia,http://www.wikidata.org/entity/Q41022,http://commons.wikimedia.org/wiki/Special:FilePath/Flag%20of%20Cape%20Verde.svg
http://www.wikidata.org/entity/Q929,Central African Republic,Africa,622984,5152421,2382618615,Bangui,http://www.wikidata.org/entity/Q41191,http://commons.wikimedia.org/wiki/Special:FilePath/Flag%20of%20the%20Central%20African%20Republic.svg
http://www.wikidata.org/entity/Q929,Central African Republic,Africa,622984,5152421,2516498412,Bangui,http://www.wikidata.org/entity/Q41191,http://commons.wikimedia.org/wiki/Special:FilePath/Flag%20of%20the%20Central%20African%20Republic.svg
http://www.wikidata.org/entity/Q657,Chad,Africa,1284000,19319064,11779981332,N'Djamena,http://www.wikidata.org/entity/Q43081,http://commons.wikimedia.org/wiki/Special:FilePath/Flag%20of%20Chad.svg
http://www.wikidata.org/entity/Q657,Chad,Africa,1284000,19319064,12704149842,N'Djamena,http://www.wikidata.org/entity/Q43081,http://commons.wikimedia.org/wiki/Special:FilePath/Flag%20of%20Chad.svg
http://www.wikidata.org/entity/Q298,Chile,South America,756102,19458000,301025249438,Santiago,http://www.wikidata.org/entity/Q39885,http://commons.wikimedia.org/wiki/Special:FilePath/Flag%20of%20Chile.svg
http://www.wikidata.org/entity/Q298,Chile,South America,756102,19458000,316713577509,Santiago,http://www.wikidata.org/entity/Q39885,http://commons.wikimedia.org/wiki/Special:FilePath/Flag%20of%20Chile.svg
http://www.wikidata.org/entity/Q739,Colombia,South America,1141748,52321152,318511813577,Bogotá,http://www.wikidata.org/entity/Q39657,http://commons.wikimedia.org/wiki/Special:FilePath/Flag%20of%20Colombia.svg
http://www.wikidata.org/entity/Q739,Colombia,South America,1141748,52321152,343939445259,Bogotá,http://www.wikidata.org/entity/Q39657,http://commons.wikimedia.org/wiki/Special:FilePath/Flag%20of%20Colombia.svg
http://www.wikidata.org/entity/Q970,Comoros,Africa,2034,902348,1242519407,Moroni,http://www.wikidata.org/entity/Q42843,http://commons.wikimedia.org/wiki/Special:FilePath/Flag%20of%20the%20Comoros.svg
http://www.wikidata.org/entity/Q970,Comoros,Africa,2034,902348,1296089479,Moroni,http://www.wikidata.org/entity/Q42843,http://commons.wikimedia.org/wiki/Special:FilePath/Flag%20of%20the%20Comoros.svg
http://www.wikidata.org/entity/Q26988,Cook Islands,Insular Oceania,240,14222,,Avarua,http://www.wikidata.org/entity/Q42270,http://commons.wikimedia.org/wiki/Special:FilePath/Flag%20of%20the%20Cook%20Islands.svg
http://www.wikidata.org/entity/Q800,Costa Rica,North America,51179.92,5265575,64616482168,San José,http://www.wikidata.org/entity/Q40973,http://commons.wikimedia.org/wiki/Special:FilePath/Flag%20of%20Costa%20Rica.svg
http://www.wikidata.org/entity/Q800,Costa Rica,North America,51179.92,5265575,68380838316,San José,http://www.wikidata.org/entity/Q40973,http://commons.wikimedia.org/wiki/Special:FilePath/Flag%20of%20Costa%20Rica.svg
http://www.wikidata.org/entity/Q224,Croatia,Europe,56594,3871833,70964606465,Zagreb,http://www.wikidata.org/entity/Q41008,http://commons.wikimedia.org/wiki/Special:FilePath/Flag%20of%20Croatia.svg
http://www.wikidata.org/entity/Q241,Cuba,North America,109884,10985974,,Havana,http://www.wikidata.org/entity/Q41006,http://commons.wikimedia.org/wiki/Special:FilePath/Flag%20of%20Cuba.svg
http://www.wikidata.org/entity/Q25279,Curaçao,North America,444,152849,2699612458,Willemstad,http://www.wikidata.org/entity/Q159410,http://commons.wikimedia.org/wiki/Special:FilePath/Flag%20of%20Cura%C3%A7ao.svg
http://www.wikidata.org/entity/Q229,Cyprus,Europe,9242.45,1344976,28408064462,Nicosia,http://www.wikidata.org/entity/Q40459,http://commons.wikimedia.org/wiki/Special:FilePath/Flag%20of%20Cyprus.svg
http://www.wikidata.org/entity/Q229,Cyprus,Europe,9242.45,1344976,28439052741,Nicosia,http://www.wikidata.org/entity/Q40459,http://commons.wikimedia.org/wiki/Special:FilePath/Flag%20of%20Cyprus.svg
http://www.wikidata.org/entity/Q213,Czech Republic,Europe,78871,10909500,250681000000,Prague,http://www.wikidata.org/entity/Q37531,http://commons.wikimedia.org/wiki/Special:FilePath/Flag%20of%20the%20Czech%20Republic.svg
http://www.wikidata.org/entity/Q974,Democratic Republic of the Congo,Africa,2344858,105789731,55350968593,Kinshasa,http://www.wikidata.org/entity/Q40673,http://commons.wikimedia.org/wiki/Special:FilePath/Flag%20of%20the%20Democratic%20Republic%20of%20the%20Congo.svg
http://www.wikidata.org/entity/Q974,Democratic Republic of the Congo,Africa,2344858,105789731,58065953573,Kinshasa,http://www.wikidata.org/entity/Q40673,http://commons.wikimedia.org/wiki/Special:FilePath/Flag%20of%20the%20Democratic%20Republic%20of%20the%20Congo.svg
http://www.wikidata.org/entity/Q35,Denmark,Europe,42925.46,5822863,395403906582,Copenhagen,http://www.wikidata.org/entity/Q39509,http://commons.wikimedia.org/wiki/Special:FilePath/Flag%20of%20Denmark.svg
http://www.wikidata.org/entity/Q35,Denmark,Europe,42925.46,5822863,398303272764,Copenhagen,http://www.wikidata.org/entity/Q39509,http://commons.wikimedia.org/wiki/Special:FilePath/Flag%20of%20Denmark.svg
http://www.wikidata.org/entity/Q977,Djibouti,Africa,23200,1152944,3372287462,Djibouti,http://www.wikidata.org/entity/Q41012,http://commons.wikimedia.org/wiki/Special:FilePath/Flag%20of%20Djibouti.svg
http://www.wikidata.org/entity/Q977,Djibouti,Africa,23200,1152944,3515109075,Djibouti,http://www.wikidata.org/entity/Q41012,http://commons.wikimedia.org/wiki/Special:FilePath/Flag%20of%20Djibouti.svg
http://www.wikidata.org/entity/Q784,Dominica,North America,751.096551,74656,555266667,Roseau,http://www.wikidata.org/entity/Q41032,http://commons.wikimedia.org/wiki/Special:FilePath/Flag%20of%20Dominica.svg
http://www.wikidata.org/entity/Q784,Dominica,North America,751.096551,74656,612048148,Roseau,http://www.wikidata.org/entity/Q41032,http://commons.wikimedia.org/wiki/Special:FilePath/Flag%20of%20Dominica.svg
http://www.wikidata.org/entity/Q786,Dominican Republic,North America,48670.82,10760028,94243426487,Santo Domingo,http://www.wikidata.org/entity/Q41002,http://commons.wikimedia.org/wiki/Special:FilePath/Flag%20of%20the%20Dominican%20Republic.svg
http://www.wikidata.org/entity/Q786,Dominican Republic,North America,48670.82,10760028,113641857434,Santo Domingo,http://www.wikidata.org/entity/Q41002,http://commons.wikimedia.org/wiki/Special:FilePath/Flag%20of%20the%20Dominican%20Republic.svg
http://www.wikidata.org/entity/Q736,Ecuador,South America,257204.27,16938986,106165866000,Quito,http://www.wikidata.org/entity/Q41113,http://commons.wikimedia.org/wiki/Special:FilePath/Flag%20of%20Ecuador.svg
http://www.wikidata.org/entity/Q736,Ecuador,South America,257204.27,16938986,115049476000,Quito,http://www.wikidata.org/entity/Q41113,http://commons.wikimedia.org/wiki/Special:FilePath/Flag%20of%20Ecuador.svg
http://www.wikidata.org/entity/Q79,Egypt,Africa,1010407.87,114535772,424671765456,Cairo,http://www.wikidata.org/entity/Q40381,http://commons.wikimedia.org/wiki/Special:FilePath/Flag%20of%20Egypt.svg
http://www.wikidata.org/entity/Q79,Egypt,Africa,1010407.87,114535772,476747720365,Cairo,http://www.wikidata.org/entity/Q40381,http://commons.wikimedia.org/wiki/Special:FilePath/Flag%20of%20Egypt.svg
http://www.wikidata.org/entity/Q79,Egypt,Africa,1010407.87,114535772,424671765456,Cairo,http://www.wikidata.org/entity/Q914712,http://commons.wikimedia.org/wiki/Special:FilePath/Flag%20of%20Egypt.svg
http://www.wikidata.org/entity/Q79,Egypt,Africa,1010407.87,114535772,476747720365,Cairo,http://www.wikidata.org/entity/Q914712,http://commons.wikimedia.org/wiki/Special:FilePath/Flag%20of%20Egypt.svg
http://www.wikidata.org/entity/Q792,El Salvador,North America,21041,6029976,29451240000,San Salvador,http://www.wikidata.org/entity/Q42665,http://commons.wikimedia.org/wiki/Special:FilePath/Flag%20of%20El%20Salvador.svg
http://www.wikidata.org/entity/Q792,El Salvador,North America,21041,6029976,32488720000,San Salvador,http://www.wikidata.org/entity/Q42665,http://commons.wikimedia.org/wiki/Special:FilePath/Flag%20of%20El%20Salvador.svg
http://www.wikidata.org/entity/Q131588685,Emirate of Al Qawasim,Asia,,,,Ras al-Khaimah,,http://commons.wikimedia.org/wiki/Special:FilePath/Military%20standard%20of%20the%20House%20of%20Al%20Qasimi.svg
http://www.wikidata.org/entity/Q12191529,Emirate of Lengeh,Asia,,,,Bandar Lengeh,,http://commons.wikimedia.org/wiki/Special:FilePath/Flag%20of%20Sharjah%20and%20Ras%20Al%20Khaimah.svg
http://www.wikidata.org/entity/Q12191529,Emirate of Lengeh,Asia,,,,Bandar Lengeh,,http://commons.wikimedia.org/wiki/Special:FilePath/Military%20standard%20of%20the%20House%20of%20Al%20Qasimi.svg
http://www.wikidata.org/entity/Q983,Equatorial Guinea,Africa,28051,1847549,11813908448,Ciudad de la Paz,http://www.wikidata.org/entity/Q41460,http://commons.wikimedia.org/wiki/Special:FilePath/Flag%20of%20Equatorial%20Guinea.svg
http://www.wikidata.org/entity/Q983,Equatorial Guinea,Africa,28051,1847549,12269393392,Ciudad de la Paz,http://www.wikidata.org/entity/Q41460,http://commons.wikimedia.org/wiki/Special:FilePath/Flag%20of%20Equatorial%20Guinea.svg
http://www.wikidata.org/entity/Q986,Eritrea,Africa,117600,3497000,,Asmara,http://www.wikidata.org/entity/Q41019,http://commons.wikimedia.org/wiki/Special:FilePath/Flag%20of%20Eritrea.svg
http://www.wikidata.org/entity/Q191,Estonia,Europe,45335,1369995,38100812959,Tallinn,http://www.wikidata.org/entity/Q38908,http://commons.wikimedia.org/wiki/Special:FilePath/Flag%20of%20Estonia.svg
http://www.wikidata.org/entity/Q1050,Eswatini,Africa,17364,1230506,4748702401,Mbabane,http://www.wikidata.org/entity/Q43149,http://commons.wikimedia.org/wiki/Special:FilePath/Flag%20of%20Eswatini.svg
http://www.wikidata.org/entity/Q1050,Eswatini,Africa,17364,1230506,4854167638,Mbabane,http://www.wikidata.org/entity/Q43149,http://commons.wikimedia.org/wiki/Special:FilePath/Flag%20of%20Eswatini.svg
http://www.wikidata.org/entity/Q1050,Eswatini,Africa,17364,1230506,4748702401,Lobamba,http://www.wikidata.org/entity/Q43149,http://commons.wikimedia.org/wiki/Special:FilePath/Flag%20of%20Eswatini.svg
http://www.wikidata.org/entity/Q1050,Eswatini,Africa,17364,1230506,4854167638,Lobamba,http://www.wikidata.org/entity/Q43149,http://commons.wikimedia.org/wiki/Special:FilePath/Flag%20of%20Eswatini.svg
http://www.wikidata.org/entity/Q115,Ethiopia,Africa,1104300,128691692,111261882913,Addis Ababa,http://www.wikidata.org/entity/Q40363,http://commons.wikimedia.org/wiki/Special:FilePath/Flag%20of%20Ethiopia.svg
http://www.wikidata.org/entity/Q115,Ethiopia,Africa,1104300,128691692,126783472501,Addis Ababa,http://www.wikidata.org/entity/Q40363,http://commons.wikimedia.org/wiki/Special:FilePath/Flag%20of%20Ethiopia.svg
http://www.wikidata.org/entity/Q702,Federated States of Micronesia,Oceania,702,75817,404028900,Palikir,http://www.wikidata.org/entity/Q40423,http://commons.wikimedia.org/wiki/Special:FilePath/Flag%20of%20the%20Federated%20States%20of%20Micronesia.svg
http://www.wikidata.org/entity/Q702,Federated States of Micronesia,Oceania,702,75817,427094119,Palikir,http://www.wikidata.org/entity/Q40423,http://commons.wikimedia.org/wiki/Special:FilePath/Flag%20of%20the%20Federated%20States%20of%20Micronesia.svg
http://www.wikidata.org/entity/Q712,Fiji,Insular Oceania,18274,926276,4296235428,Suva,http://www.wikidata.org/entity/Q39878,http://commons.wikimedia.org/wiki/Special:FilePath/Flag%20of%20Fiji.svg
http://www.wikidata.org/entity/Q712,Fiji,Insular Oceania,18274,926276,4943248200,Suva,http://www.wikidata.org/entity/Q39878,http://commons.wikimedia.org/wiki/Special:FilePath/Flag%20of%20Fiji.svg
http://www.wikidata.org/entity/Q33,Finland,Europe,338478.34,5652881,280825957768,Helsinki,http://www.wikidata.org/entity/Q37164,http://commons.wikimedia.org/wiki/Special:FilePath/Flag%20of%20Finland.svg
http://www.wikidata.org/entity/Q33,Finland,Europe,338478.34,5652881,296387625264,Helsinki,http://www.wikidata.org/entity/Q37164,http://commons.wikimedia.org/wiki/Special:FilePath/Flag%20of%20Finland.svg
http://www.wikidata.org/entity/Q142,France,Europe,643801,68605616,2782905325625,Paris,http://www.wikidata.org/entity/Q37271,http://commons.wikimedia.org/wiki/Special:FilePath/Flag%20of%20France.svg
http://www.wikidata.org/entity/Q142,France,Europe,643801,68605616,2957879759264,Paris,http://www.wikidata.org/entity/Q37271,http://commons.wikimedia.org/wiki/Special:FilePath/Flag%20of%20France.svg
http://www.wikidata.org/entity/Q1000,Gabon,Africa,267667,2025137,19388402.54,Libreville,http://www.wikidata.org/entity/Q41784,http://commons.wikimedia.org/wiki/Special:FilePath/Flag%20of%20Gabon.svg
http://www.wikidata.org/entity/Q1000,Gabon,Africa,267667,2025137,141468977,Libreville,http://www.wikidata.org/entity/Q41784,http://commons.wikimedia.org/wiki/Special:FilePath/Flag%20of%20Gabon.svg
http://www.wikidata.org/entity/Q1000,Gabon,Africa,267667,2025137,4800000000,Libreville,http://www.wikidata.org/entity/Q41784,http://commons.wikimedia.org/wiki/Special:FilePath/Flag%20of%20Gabon.svg
http://www.wikidata.org/entity/Q230,Georgia,Europe,69700,3717100,24605375420,Tbilisi,http://www.wikidata.org/entity/Q40683,http://commons.wikimedia.org/wiki/Special:FilePath/Flag%20of%20Georgia.svg
http://www.wikidata.org/entity/Q183,Germany,Europe,357587.77,83577140,4121200000000,Berlin,http://www.wikidata.org/entity/Q37251,http://commons.wikimedia.org/wiki/Special:FilePath/Flag%20of%20Germany.svg
http://www.wikidata.org/entity/Q117,Ghana,Africa,238535,32833031,72838798788,Accra,http://www.wikidata.org/entity/Q41634,http://commons.wikimedia.org/wiki/Special:FilePath/Flag%20of%20Ghana.svg
http://www.wikidata.org/entity/Q117,Ghana,Africa,238535,32833031,79156409410,Accra,http://www.wikidata.org/entity/Q41634,http://commons.wikimedia.org/wiki/Special:FilePath/Flag%20of%20Ghana.svg
http://www.wikidata.org/entity/Q41,Greece,Europe,131957,10482487,214873879834,Athens,http://www.wikidata.org/entity/Q37893,http://commons.wikimedia.org/wiki/Special:FilePath/Flag%20of%20Greece.svg
http://www.wikidata.org/entity/Q41,Greece,Europe,131957,10482487,219065872466,Athens,http://www.wikidata.org/entity/Q37893,http://commons.wikimedia.org/wiki/Special:FilePath/Flag%20of%20Greece.svg
http://www.wikidata.org/entity/Q41,Greece,Europe,131957,10482487,214873879834,Athens,http://www.wikidata.org/entity/Q60679306,http://commons.wikimedia.org/wiki/Special:FilePath/Flag%20of%20Greece.svg
http://www.wikidata.org/entity/Q41,Greece,Europe,131957,10482487,219065872466,Athens,http://www.wikidata.org/entity/Q60679306,http://commons.wikimedia.org/wiki/Special:FilePath/Flag%20of%20Greece.svg
http://www.wikidata.org/entity/Q223,Greenland,North America,2166086,56609,3235816195,Nuuk,http://www.wikidata.org/entity/Q41454,http://commons.wikimedia.org/wiki/Special:FilePath/Flag%20of%20Greenland.svg
http://www.wikidata.org/entity/Q769,Grenada,North America,348.5,114299,1122800000,St. George's,http://www.wikidata.org/entity/Q41435,http://commons.wikimedia.org/wiki/Special:FilePath/Flag%20of%20Grenada.svg
http://www.wikidata.org/entity/Q769,Grenada,North America,348.5,114299,1256413185,St. George's,http://www.wikidata.org/entity/Q41435,http://commons.wikimedia.org/wiki/Special:FilePath/Flag%20of%20Grenada.svg
http://www.wikidata.org/entity/Q774,Guatemala,North America,108889,17263239,86053079767,Guatemala City,http://www.wikidata.org/entity/Q41781,http://commons.wikimedia.org/wiki/Special:FilePath/Flag%20of%20Guatemala.svg
http://www.wikidata.org/entity/Q774,Guatemala,North America,108889,17263239,95003333381,Guatemala City,http://www.wikidata.org/entity/Q41781,http://commons.wikimedia.org/wiki/Special:FilePath/Flag%20of%20Guatemala.svg
http://www.wikidata.org/entity/Q1006,Guinea,Africa,245857,12717176,16091817842,Conakry,http://www.wikidata.org/entity/Q41761,http://commons.wikimedia.org/wiki/Special:FilePath/Flag%20of%20Guinea.svg
http://www.wikidata.org/entity/Q1006,Guinea,Africa,245857,12717176,21227749389,Conakry,http://www.wikidata.org/entity/Q41761,http://commons.wikimedia.org/wiki/Special:FilePath/Flag%20of%20Guinea.svg
http://www.wikidata.org/entity/Q1006,Guinea,Africa,245857,12717176,25600000000,Conakry,http://www.wikidata.org/entity/Q41761,http://commons.wikimedia.org/wiki/Special:FilePath/Flag%20of%20Guinea.svg
http://www.wikidata.org/entity/Q1007,Guinea-Bissau,Africa,36125,1861283,1633559092,Bissau,http://www.wikidata.org/entity/Q41450,http://commons.wikimedia.org/wiki/Special:FilePath/Flag%20of%20Guinea-Bissau.svg
http://www.wikidata.org/entity/Q1007,Guinea-Bissau,Africa,36125,1861283,1638517607,Bissau,http://www.wikidata.org/entity/Q41450,http://commons.wikimedia.org/wiki/Special:FilePath/Flag%20of%20Guinea-Bissau.svg
http://www.wikidata.org/entity/Q734,Guyana,South America,214970,878674,8044498801,Georgetown,http://www.wikidata.org/entity/Q41448,http://commons.wikimedia.org/wiki/Special:FilePath/Flag%20of%20Guyana.svg
http://www.wikidata.org/entity/Q734,Guyana,South America,214970,878674,15357537068,Georgetown,http://www.wikidata.org/entity/Q41448,http://commons.wikimedia.org/wiki/Special:FilePath/Flag%20of%20Guyana.svg
http://www.wikidata.org/entity/Q790,Haiti,North America,27750,10981229,20253551885,Port-au-Prince,http://www.wikidata.org/entity/Q41110,http://commons.wikimedia.org/wiki/Special:FilePath/Flag%20of%20Haiti.svg
http://www.wikidata.org/entity/Q790,Haiti,North America,27750,10981229,20877414952,Port-au-Prince,http://www.wikidata.org/entity/Q41110,http://commons.wikimedia.org/wiki/Special:FilePath/Flag%20of%20Haiti.svg
http://www.wikidata.org/entity/Q783,Honduras,North America,112492,8303771,28488721296,Tegucigalpa,http://www.wikidata.org/entity/Q41025,http://commons.wikimedia.org/wiki/Special:FilePath/Flag%20of%20Honduras%20%281949%E2%80%932022%2C%202026%E2%80%93present%29.svg
http://www.wikidata.org/entity/Q783,Honduras,North America,112492,8303771,31717700115,Tegucigalpa,http://www.wikidata.org/entity/Q41025,http://commons.wikimedia.org/wiki/Special:FilePath/Flag%20of%20Honduras%20%281949%E2%80%932022%2C%202026%E2%80%93present%29.svg
http://www.wikidata.org/entity/Q28,Hungary,Europe,93011.4,9603634,181848022230,Budapest,http://www.wikidata.org/entity/Q40622,http://commons.wikimedia.org/wiki/Special:FilePath/Flag%20of%20Hungary.svg
http://www.wikidata.org/entity/Q189,Iceland,Europe,103004,364260,27841648044,Reykjavík,http://www.wikidata.org/entity/Q39896,http://commons.wikimedia.org/wiki/Special:FilePath/Flag%20of%20Iceland.svg
http://www.wikidata.org/entity/Q668,India,Asia,3287263,1477519529,3150306834280,New Delhi,http://www.wikidata.org/entity/Q39218,http://commons.wikimedia.org/wiki/Special:FilePath/Flag%20of%20India.svg
http://www.wikidata.org/entity/Q668,India,Asia,3287263,1477519529,3385089881935,New Delhi,http://www.wikidata.org/entity/Q39218,http://commons.wikimedia.org/wiki/Special:FilePath/Flag%20of%20India.svg
http://www.wikidata.org/entity/Q668,India,Asia,3287263,1477519529,3150306834280,New Delhi,http://www.wikidata.org/entity/Q12947844,http://commons.wikimedia.org/wiki/Special:FilePath/Flag%20of%20India.svg
http://www.wikidata.org/entity/Q668,India,Asia,3287263,1477519529,3385089881935,New Delhi,http://www.wikidata.org/entity/Q12947844,http://commons.wikimedia.org/wiki/Special:FilePath/Flag%20of%20India.svg
http://www.wikidata.org/entity/Q668,India,Asia,3287263,1477519529,3150306834280,New Delhi,http://www.wikidata.org/entity/Q12947845,http://commons.wikimedia.org/wiki/Special:FilePath/Flag%20of%20India.svg
http://www.wikidata.org/entity/Q668,India,Asia,3287263,1477519529,3385089881935,New Delhi,http://www.wikidata.org/entity/Q12947845,http://commons.wikimedia.org/wiki/Special:FilePath/Flag%20of%20India.svg
http://www.wikidata.org/entity/Q668,India,Asia,3287263,1477519529,3150306834280,New Delhi,http://www.wikidata.org/entity/Q12947846,http://commons.wikimedia.org/wiki/Special:FilePath/Flag%20of%20India.svg
http://www.wikidata.org/entity/Q668,India,Asia,3287263,1477519529,3385089881935,New Delhi,http://www.wikidata.org/entity/Q12947846,http://commons.wikimedia.org/wiki/Special:FilePath/Flag%20of%20India.svg
http://www.wikidata.org/entity/Q668,India,Asia,3287263,1477519529,3150306834280,New Delhi,http://www.wikidata.org/entity/Q12947848,http://commons.wikimedia.org/wiki/Special:FilePath/Flag%20of%20India.svg
http://www.wikidata.org/entity/Q668,India,Asia,3287263,1477519529,3385089881935,New Delhi,http://www.wikidata.org/entity/Q12947848,http://commons.wikimedia.org/wiki/Special:FilePath/Flag%20of%20India.svg
http://www.wikidata.org/entity/Q668,India,Asia,3287263,1477519529,3150306834280,New Delhi,http://www.wikidata.org/entity/Q12947849,http://commons.wikimedia.org/wiki/Special:FilePath/Flag%20of%20India.svg
http://www.wikidata.org/entity/Q668,India,Asia,3287263,1477519529,3385089881935,New Delhi,http://www.wikidata.org/entity/Q12947849,http://commons.wikimedia.org/wiki/Special:FilePath/Flag%20of%20India.svg
http://www.wikidata.org/entity/Q668,India,Asia,3287263,1477519529,3150306834280,New Delhi,http://www.wikidata.org/entity/Q12950811,http://commons.wikimedia.org/wiki/Special:FilePath/Flag%20of%20India.svg
http://www.wikidata.org/entity/Q668,India,Asia,3287263,1477519529,3385089881935,New Delhi,http://www.wikidata.org/entity/Q12950811,http://commons.wikimedia.org/wiki/Special:FilePath/Flag%20of%20India.svg
http://www.wikidata.org/entity/Q668,India,Asia,3287263,1477519529,3150306834280,New Delhi,http://www.wikidata.org/entity/Q13417563,http://commons.wikimedia.org/wiki/Special:FilePath/Flag%20of%20India.svg
http://www.wikidata.org/entity/Q668,India,Asia,3287263,1477519529,3385089881935,New Delhi,http://www.wikidata.org/entity/Q13417563,http://commons.wikimedia.org/wiki/Special:FilePath/Flag%20of%20India.svg
http://www.wikidata.org/entity/Q668,India,Asia,3287263,1477519529,3150306834280,New Delhi,http://www.wikidata.org/entity/Q15978661,http://commons.wikimedia.org/wiki/Special:FilePath/Flag%20of%20India.svg
http://www.wikidata.org/entity/Q668,India,Asia,3287263,1477519529,3385089881935,New Delhi,http://www.wikidata.org/entity/Q15978661,http://commons.wikimedia.org/wiki/Special:FilePath/Flag%20of%20India.svg
http://www.wikidata.org/entity/Q668,India,Asia,3287263,1477519529,3150306834280,New Delhi,http://www.wikidata.org/entity/Q31362419,http://commons.wikimedia.org/wiki/Special:FilePath/Flag%20of%20India.svg
http://www.wikidata.org/entity/Q668,India,Asia,3287263,1477519529,3385089881935,New Delhi,http://www.wikidata.org/entity/Q31362419,http://commons.wikimedia.org/wiki/Special:FilePath/Flag%20of%20India.svg
http://www.wikidata.org/entity/Q668,India,Asia,3287263,1477519529,3150306834280,New Delhi,http://www.wikidata.org/entity/Q31362424,http://commons.wikimedia.org/wiki/Special:FilePath/Flag%20of%20India.svg
http://www.wikidata.org/entity/Q668,India,Asia,3287263,1477519529,3385089881935,New Delhi,http://www.wikidata.org/entity/Q31362424,http://commons.wikimedia.org/wiki/Special:FilePath/Flag%20of%20India.svg
http://www.wikidata.org/entity/Q668,India,Asia,3287263,1477519529,3150306834280,New Delhi,http://www.wikidata.org/entity/Q31362427,http://commons.wikimedia.org/wiki/Special:FilePath/Flag%20of%20India.svg
http://www.wikidata.org/entity/Q668,India,Asia,3287263,1477519529,3385089881935,New Delhi,http://www.wikidata.org/entity/Q31362427,http://commons.wikimedia.org/wiki/Special:FilePath/Flag%20of%20India.svg
http://www.wikidata.org/entity/Q252,Indonesia,Asia,1904570,275439000,1186505455721,Jakarta,http://www.wikidata.org/entity/Q41102,http://commons.wikimedia.org/wiki/Special:FilePath/Flag%20of%20Indonesia.svg
http://www.wikidata.org/entity/Q252,Indonesia,Asia,1904570,275439000,1319100220389,Jakarta,http://www.wikidata.org/entity/Q41102,http://commons.wikimedia.org/wiki/Special:FilePath/Flag%20of%20Indonesia.svg
http://www.wikidata.org/entity/Q794,Iran,Asia,1648195,92417700,359096907773,Tehran,http://www.wikidata.org/entity/Q41774,http://commons.wikimedia.org/wiki/Special:FilePath/Flag%20of%20Iran.svg
http://www.wikidata.org/entity/Q794,Iran,Asia,1648195,92417700,388544468140,Tehran,http://www.wikidata.org/entity/Q41774,http://commons.wikimedia.org/wiki/Special:FilePath/Flag%20of%20Iran.svg
http://www.wikidata.org/entity/Q794,Iran,Asia,1648195,92417700,359096907773,Tehran,http://www.wikidata.org/entity/Q12950808,http://commons.wikimedia.org/wiki/Special:FilePath/Flag%20of%20Iran.svg
http://www.wikidata.org/entity/Q794,Iran,Asia,1648195,92417700,388544468140,Tehran,http://www.wikidata.org/entity/Q12950808,http://commons.wikimedia.org/wiki/Special:FilePath/Flag%20of%20Iran.svg
http://www.wikidata.org/entity/Q796,Iraq,Asia,437072,38274618,207691599310,Baghdad,http://www.wikidata.org/entity/Q41768,http://commons.wikimedia.org/wiki/Special:FilePath/Flag%20of%20Iraq.svg
http://www.wikidata.org/entity/Q796,Iraq,Asia,437072,38274618,264182173793,Baghdad,http://www.wikidata.org/entity/Q41768,http://commons.wikimedia.org/wiki/Special:FilePath/Flag%20of%20Iraq.svg
http://www.wikidata.org/entity/Q27,Ireland,Europe,69797,5149139,504182603276,Dublin,http://www.wikidata.org/entity/Q39382,http://commons.wikimedia.org/wiki/Special:FilePath/Flag%20of%20Ireland.svg
http://www.wikidata.org/entity/Q27,Ireland,Europe,69797,5149139,529244870223,Dublin,http://www.wikidata.org/entity/Q39382,http://commons.wikimedia.org/wiki/Special:FilePath/Flag%20of%20Ireland.svg
http://www.wikidata.org/entity/Q801,Israel,Asia,20770,9840000,520700000000,Jerusalem,http://www.wikidata.org/entity/Q40467,http://commons.wikimedia.org/wiki/Special:FilePath/Flag%20of%20Israel.svg
http://www.wikidata.org/entity/Q801,Israel,Asia,20770,9840000,520700000000,Jerusalem,http://www.wikidata.org/entity/Q1833465,http://commons.wikimedia.org/wiki/Special:FilePath/Flag%20of%20Israel.svg
http://www.wikidata.org/entity/Q38,Italy,Europe,302068,58850717,2010431598465,Rome,http://www.wikidata.org/entity/Q39155,http://commons.wikimedia.org/wiki/Special:FilePath/Flag%20of%20Italy.svg
http://www.wikidata.org/entity/Q38,Italy,Europe,302068,58850717,2114355756914,Rome,http://www.wikidata.org/entity/Q39155,http://commons.wikimedia.org/wiki/Special:FilePath/Flag%20of%20Italy.svg
http://www.wikidata.org/entity/Q1008,Ivory Coast,Africa,322463,31165654,70018715017,Yamoussoukro,http://www.wikidata.org/entity/Q40333,http://commons.wikimedia.org/wiki/Special:FilePath/Flag%20of%20C%C3%B4te%20d%27Ivoire.svg
http://www.wikidata.org/entity/Q1008,Ivory Coast,Africa,322463,31165654,71811075955,Yamoussoukro,http://www.wikidata.org/entity/Q40333,http://commons.wikimedia.org/wiki/Special:FilePath/Flag%20of%20C%C3%B4te%20d%27Ivoire.svg
http://www.wikidata.org/entity/Q766,Jamaica,North America,10991.90954,2697983,14657586359,Kingston,http://www.wikidata.org/entity/Q41943,http://commons.wikimedia.org/wiki/Special:FilePath/Flag%20of%20Jamaica.svg
http://www.wikidata.org/entity/Q766,Jamaica,North America,10991.90954,2697983,17097760745,Kingston,http://www.wikidata.org/entity/Q41943,http://commons.wikimedia.org/wiki/Special:FilePath/Flag%20of%20Jamaica.svg
http://www.wikidata.org/entity/Q17,Japan,Asia,377972.28,123802000,4231141201863,Tokyo,http://www.wikidata.org/entity/Q39132,http://commons.wikimedia.org/wiki/Special:FilePath/Flag%20of%20Japan.svg
http://www.wikidata.org/entity/Q17,Japan,Asia,377972.28,123802000,5005536736792,Tokyo,http://www.wikidata.org/entity/Q39132,http://commons.wikimedia.org/wiki/Special:FilePath/Flag%20of%20Japan.svg
http://www.wikidata.org/entity/Q810,Jordan,Asia,89341,10428241,45116317042,Amman,http://www.wikidata.org/entity/Q42634,http://commons.wikimedia.org/wiki/Special:FilePath/Flag%20of%20Jordan.svg
http://www.wikidata.org/entity/Q810,Jordan,Asia,89341,10428241,47451499859,Amman,http://www.wikidata.org/entity/Q42634,http://commons.wikimedia.org/wiki/Special:FilePath/Flag%20of%20Jordan.svg
http://www.wikidata.org/entity/Q810,Jordan,Asia,89341,10428241,45116317042,Amman,http://www.wikidata.org/entity/Q12950805,http://commons.wikimedia.org/wiki/Special:FilePath/Flag%20of%20Jordan.svg
http://www.wikidata.org/entity/Q810,Jordan,Asia,89341,10428241,47451499859,Amman,http://www.wikidata.org/entity/Q12950805,http://commons.wikimedia.org/wiki/Special:FilePath/Flag%20of%20Jordan.svg
http://www.wikidata.org/entity/Q232,Kazakhstan,Europe,2724900,20139914,197112255361,Astana,http://www.wikidata.org/entity/Q40619,http://commons.wikimedia.org/wiki/Special:FilePath/Flag%20of%20Kazakhstan.svg
http://www.wikidata.org/entity/Q232,Kazakhstan,Asia,2724900,20139914,197112255361,Astana,http://www.wikidata.org/entity/Q40619,http://commons.wikimedia.org/wiki/Special:FilePath/Flag%20of%20Kazakhstan.svg
http://www.wikidata.org/entity/Q232,Kazakhstan,Europe,2724900,20139914,220623001967,Astana,http://www.wikidata.org/entity/Q40619,http://commons.wikimedia.org/wiki/Special:FilePath/Flag%20of%20Kazakhstan.svg
http://www.wikidata.org/entity/Q232,Kazakhstan,Asia,2724900,20139914,220623001967,Astana,http://www.wikidata.org/entity/Q40619,http://commons.wikimedia.org/wiki/Special:FilePath/Flag%20of%20Kazakhstan.svg
http://www.wikidata.org/entity/Q232,Kazakhstan,Europe,2724900,20139914,197112255361,Astana,http://www.wikidata.org/entity/Q48137,http://commons.wikimedia.org/wiki/Special:FilePath/Flag%20of%20Kazakhstan.svg
http://www.wikidata.org/entity/Q232,Kazakhstan,Asia,2724900,20139914,197112255361,Astana,http://www.wikidata.org/entity/Q48137,http://commons.wikimedia.org/wiki/Special:FilePath/Flag%20of%20Kazakhstan.svg
http://www.wikidata.org/entity/Q232,Kazakhstan,Europe,2724900,20139914,220623001967,Astana,http://www.wikidata.org/entity/Q48137,http://commons.wikimedia.org/wiki/Special:FilePath/Flag%20of%20Kazakhstan.svg
http://www.wikidata.org/entity/Q232,Kazakhstan,Asia,2724900,20139914,220623001967,Astana,http://www.wikidata.org/entity/Q48137,http://commons.wikimedia.org/wiki/Special:FilePath/Flag%20of%20Kazakhstan.svg
http://www.wikidata.org/entity/Q114,Kenya,Africa,581309,48468138,109703659313,Nairobi,http://www.wikidata.org/entity/Q42695,http://commons.wikimedia.org/wiki/Special:FilePath/Flag%20of%20Kenya.svg
http://www.wikidata.org/entity/Q114,Kenya,Africa,581309,48468138,113420008179,Nairobi,http://www.wikidata.org/entity/Q42695,http://commons.wikimedia.org/wiki/Special:FilePath/Flag%20of%20Kenya.svg
http://www.wikidata.org/entity/Q29999,Kingdom of the Netherlands,Europe,42201,17100715,830572618850,Amsterdam,http://www.wikidata.org/entity/Q493202,http://commons.wikimedia.org/wiki/Special:FilePath/Flag%20of%20the%20Netherlands.svg
http://www.wikidata.org/entity/Q710,Kiribati,Insular Oceania,811,134518,223352943,Tarawa,http://www.wikidata.org/entity/Q42030,http://commons.wikimedia.org/wiki/Special:FilePath/Flag%20of%20Kiribati.svg
http://www.wikidata.org/entity/Q710,Kiribati,Oceania,811,134518,223352943,Tarawa,http://www.wikidata.org/entity/Q42030,http://commons.wikimedia.org/wiki/Special:FilePath/Flag%20of%20Kiribati.svg
http://www.wikidata.org/entity/Q710,Kiribati,Insular Oceania,811,134518,227610035,Tarawa,http://www.wikidata.org/entity/Q42030,http://commons.wikimedia.org/wiki/Special:FilePath/Flag%20of%20Kiribati.svg
http://www.wikidata.org/entity/Q710,Kiribati,Oceania,811,134518,227610035,Tarawa,http://www.wikidata.org/entity/Q42030,http://commons.wikimedia.org/wiki/Special:FilePath/Flag%20of%20Kiribati.svg
http://www.wikidata.org/entity/Q710,Kiribati,Insular Oceania,811,134518,223352943,South Tarawa,http://www.wikidata.org/entity/Q42030,http://commons.wikimedia.org/wiki/Special:FilePath/Flag%20of%20Kiribati.svg
http://www.wikidata.org/entity/Q710,Kiribati,Oceania,811,134518,223352943,South Tarawa,http://www.wikidata.org/entity/Q42030,http://commons.wikimedia.org/wiki/Special:FilePath/Flag%20of%20Kiribati.svg
http://www.wikidata.org/entity/Q710,Kiribati,Insular Oceania,811,134518,227610035,South Tarawa,http://www.wikidata.org/entity/Q42030,http://commons.wikimedia.org/wiki/Special:FilePath/Flag%20of%20Kiribati.svg
http://www.wikidata.org/entity/Q710,Kiribati,Oceania,811,134518,227610035,South Tarawa,http://www.wikidata.org/entity/Q42030,http://commons.wikimedia.org/wiki/Special:FilePath/Flag%20of%20Kiribati.svg
http://www.wikidata.org/entity/Q1246,Kosovo,Europe,10909,1586659,9412034299,Pristina,,http://commons.wikimedia.org/wiki/Special:FilePath/Flag%20of%20Kosovo.svg
http://www.wikidata.org/entity/Q1246,Kosovo,Europe,10909,1586659,9429156202,Pristina,,http://commons.wikimedia.org/wiki/Special:FilePath/Flag%20of%20Kosovo.svg
http://www.wikidata.org/entity/Q817,Kuwait,Asia,17818,4464000,136797422274,Kuwait City,http://www.wikidata.org/entity/Q42672,http://commons.wikimedia.org/wiki/Special:FilePath/Flag%20of%20Kuwait.svg
http://www.wikidata.org/entity/Q817,Kuwait,Asia,17818,4464000,184558274289,Kuwait City,http://www.wikidata.org/entity/Q42672,http://commons.wikimedia.org/wiki/Special:FilePath/Flag%20of%20Kuwait.svg
http://www.wikidata.org/entity/Q813,Kyrgyzstan,Asia,199951,7281800,8740681889,Bishkek,http://www.wikidata.org/entity/Q41723,http://commons.wikimedia.org/wiki/Special:FilePath/Flag%20of%20Kyrgyzstan.svg
http://www.wikidata.org/entity/Q813,Kyrgyzstan,Asia,199951,7281800,10930644915,Bishkek,http://www.wikidata.org/entity/Q41723,http://commons.wikimedia.org/wiki/Special:FilePath/Flag%20of%20Kyrgyzstan.svg
http://www.wikidata.org/entity/Q819,Laos,Asia,236800,6858160,15724383783,Vientiane,http://www.wikidata.org/entity/Q41926,http://commons.wikimedia.org/wiki/Special:FilePath/Flag%20of%20Laos.svg
http://www.wikidata.org/entity/Q819,Laos,Asia,236800,6858160,18827148530,Vientiane,http://www.wikidata.org/entity/Q41926,http://commons.wikimedia.org/wiki/Special:FilePath/Flag%20of%20Laos.svg
http://www.wikidata.org/entity/Q211,Latvia,Europe,62226.85,1856932,39725383601,Riga,http://www.wikidata.org/entity/Q41629,http://commons.wikimedia.org/wiki/Special:FilePath/Flag%20of%20Latvia.svg
http://www.wikidata.org/entity/Q211,Latvia,Europe,64593.76,1856932,39725383601,Riga,http://www.wikidata.org/entity/Q41629,http://commons.wikimedia.org/wiki/Special:FilePath/Flag%20of%20Latvia.svg
http://www.wikidata.org/entity/Q211,Latvia,Europe,62226.85,1856932,41153912663,Riga,http://www.wikidata.org/entity/Q41629,http://commons.wikimedia.org/wiki/Special:FilePath/Flag%20of%20Latvia.svg
http://www.wikidata.org/entity/Q211,Latvia,Europe,64593.76,1856932,41153912663,Riga,http://www.wikidata.org/entity/Q41629,http://commons.wikimedia.org/wiki/Special:FilePath/Flag%20of%20Latvia.svg
http://www.wikidata.org/entity/Q822,Lebanon,Asia,10452,6100075,23131941557,Beirut,http://www.wikidata.org/entity/Q41835,http://commons.wikimedia.org/wiki/Special:FilePath/Flag%20of%20Lebanon.svg
http://www.wikidata.org/entity/Q1013,Lesotho,Africa,30355,2007201,2373416269,Maseru,http://www.wikidata.org/entity/Q41794,http://commons.wikimedia.org/wiki/Special:FilePath/Flag%20of%20Lesotho.svg
http://www.wikidata.org/entity/Q1013,Lesotho,Africa,30355,2007201,2553459763,Maseru,http://www.wikidata.org/entity/Q41794,http://commons.wikimedia.org/wiki/Special:FilePath/Flag%20of%20Lesotho.svg
http://www.wikidata.org/entity/Q1014,Liberia,Africa,111369,5214030,3509000000,Monrovia,http://www.wikidata.org/entity/Q42847,http://commons.wikimedia.org/wiki/Special:FilePath/Flag%20of%20Liberia.svg
http://www.wikidata.org/entity/Q1014,Liberia,Africa,111369,5214030,4001047150,Monrovia,http://www.wikidata.org/entity/Q42847,http://commons.wikimedia.org/wiki/Special:FilePath/Flag%20of%20Liberia.svg
http://www.wikidata.org/entity/Q1016,Libya,Africa,1759541,7381023,39798423941,Tripoli,http://www.wikidata.org/entity/Q42035,http://commons.wikimedia.org/wiki/Special:FilePath/Flag%20of%20Libya.svg
http://www.wikidata.org/entity/Q1016,Libya,Africa,1759541,7381023,45752336036,Tripoli,http://www.wikidata.org/entity/Q42035,http://commons.wikimedia.org/wiki/Special:FilePath/Flag%20of%20Libya.svg
http://www.wikidata.org/entity/Q347,Liechtenstein,Europe,160,37922,7186428783,Vaduz,http://www.wikidata.org/entity/Q42641,http://commons.wikimedia.org/wiki/Special:FilePath/Flag%20of%20Liechtenstein.svg
http://www.wikidata.org/entity/Q37,Lithuania,Europe,65300,2860002,70334299008,Vilnius,http://www.wikidata.org/entity/Q39900,http://commons.wikimedia.org/wiki/Special:FilePath/Flag%20of%20Lithuania.svg
http://www.wikidata.org/entity/Q32,Luxembourg,Europe,2586.36,681973,82274812251,Luxembourg,http://www.wikidata.org/entity/Q41795,http://commons.wikimedia.org/wiki/Special:FilePath/Flag%20of%20Luxembourg.svg
http://www.wikidata.org/entity/Q32,Luxembourg,Europe,2586.36,681973,85506243834,Luxembourg,http://www.wikidata.org/entity/Q41795,http://commons.wikimedia.org/wiki/Special:FilePath/Flag%20of%20Luxembourg.svg
http://www.wikidata.org/entity/Q1019,Madagascar,Africa,587295,31964956,14554754115,Antananarivo,http://www.wikidata.org/entity/Q42781,http://commons.wikimedia.org/wiki/Special:FilePath/Flag%20of%20Madagascar.svg
http://www.wikidata.org/entity/Q1019,Madagascar,Africa,587295,31964956,14954967604,Antananarivo,http://www.wikidata.org/entity/Q42781,http://commons.wikimedia.org/wiki/Special:FilePath/Flag%20of%20Madagascar.svg
http://www.wikidata.org/entity/Q1020,Malawi,Africa,118484,17563749,12602334124,Lilongwe,http://www.wikidata.org/entity/Q43073,http://commons.wikimedia.org/wiki/Special:FilePath/Flag%20of%20Malawi.svg
http://www.wikidata.org/entity/Q1020,Malawi,Africa,118484,17563749,13164667627,Lilongwe,http://www.wikidata.org/entity/Q43073,http://commons.wikimedia.org/wiki/Special:FilePath/Flag%20of%20Malawi.svg
http://www.wikidata.org/entity/Q833,Malaysia,Asia,330803,32447385,372981073018,Kuala Lumpur,http://www.wikidata.org/entity/Q43127,http://commons.wikimedia.org/wiki/Special:FilePath/Flag%20of%20Malaysia.svg
http://www.wikidata.org/entity/Q833,Malaysia,Asia,330803,32447385,406305924656,Kuala Lumpur,http://www.wikidata.org/entity/Q43127,http://commons.wikimedia.org/wiki/Special:FilePath/Flag%20of%20Malaysia.svg
http://www.wikidata.org/entity/Q826,Maldives,Asia,298,436330,5405557162,Malé,http://www.wikidata.org/entity/Q43753,http://commons.wikimedia.org/wiki/Special:FilePath/Flag%20of%20Maldives.svg
http://www.wikidata.org/entity/Q826,Maldives,Asia,298,436330,6189865408,Malé,http://www.wikidata.org/entity/Q43753,http://commons.wikimedia.org/wiki/Special:FilePath/Flag%20of%20Maldives.svg
http://www.wikidata.org/entity/Q912,Mali,Africa,1240192,20250833,18827176532,Bamako,http://www.wikidata.org/entity/Q42026,http://commons.wikimedia.org/wiki/Special:FilePath/Flag%20of%20Mali.svg
http://www.wikidata.org/entity/Q912,Mali,Africa,1240192,20250833,19309463506,Bamako,http://www.wikidata.org/entity/Q42026,http://commons.wikimedia.org/wiki/Special:FilePath/Flag%20of%20Mali.svg
http://www.wikidata.org/entity/Q233,Malta,Europe,316,553214,17765270015,Valletta,http://www.wikidata.org/entity/Q41856,http://commons.wikimedia.org/wiki/Special:FilePath/Flag%20of%20Malta.svg
http://www.wikidata.org/entity/Q709,Marshall Islands,Oceania,181.43,53127,259538700,Majuro,http://www.wikidata.org/entity/Q41789,http://commons.wikimedia.org/wiki/Special:FilePath/Flag%20of%20the%20Marshall%20Islands.svg
http://www.wikidata.org/entity/Q709,Marshall Islands,Oceania,181.43,53127,279667900,Majuro,http://www.wikidata.org/entity/Q41789,http://commons.wikimedia.org/wiki/Special:FilePath/Flag%20of%20the%20Marshall%20Islands.svg
http://www.wikidata.org/entity/Q1025,Mauritania,Africa,1030700,4736139,9996240419,Nouakchott,http://www.wikidata.org/entity/Q42653,http://commons.wikimedia.org/wiki/Special:FilePath/Flag%20of%20Mauritania.svg
http://www.wikidata.org/entity/Q1025,Mauritania,Africa,1030700,4736139,10375460680,Nouakchott,http://www.wikidata.org/entity/Q42653,http://commons.wikimedia.org/wiki/Special:FilePath/Flag%20of%20Mauritania.svg
http://www.wikidata.org/entity/Q1027,Mauritius,Africa,2040,1264613,11476433604,Port Louis,http://www.wikidata.org/entity/Q43076,http://commons.wikimedia.org/wiki/Special:FilePath/Flag%20of%20Mauritius.svg
http://www.wikidata.org/entity/Q1027,Mauritius,Africa,2040,1264613,12898307089,Port Louis,http://www.wikidata.org/entity/Q43076,http://commons.wikimedia.org/wiki/Special:FilePath/Flag%20of%20Mauritius.svg
http://www.wikidata.org/entity/Q96,Mexico,North America,1964375,132274416,1272838810896,Mexico City,http://www.wikidata.org/entity/Q40979,http://commons.wikimedia.org/wiki/Special:FilePath/Flag%20of%20Mexico.svg
http://www.wikidata.org/entity/Q96,Mexico,North America,1972550,132274416,1272838810896,Mexico City,http://www.wikidata.org/entity/Q40979,http://commons.wikimedia.org/wiki/Special:FilePath/Flag%20of%20Mexico.svg
http://www.wikidata.org/entity/Q96,Mexico,North America,1964375,132274416,1414187193992,Mexico City,http://www.wikidata.org/entity/Q40979,http://commons.wikimedia.org/wiki/Special:FilePath/Flag%20of%20Mexico.svg
http://www.wikidata.org/entity/Q96,Mexico,North America,1972550,132274416,1414187193992,Mexico City,http://www.wikidata.org/entity/Q40979,http://commons.wikimedia.org/wiki/Special:FilePath/Flag%20of%20Mexico.svg
http://www.wikidata.org/entity/Q217,Moldova,Europe,33843.5,2409207,13692230147,Chișinău,http://www.wikidata.org/entity/Q40324,http://commons.wikimedia.org/wiki/Special:FilePath/Flag%20of%20Moldova.svg
http://www.wikidata.org/entity/Q217,Moldova,Europe,33843.5,2409207,14420947884,Chișinău,http://www.wikidata.org/entity/Q40324,http://commons.wikimedia.org/wiki/Special:FilePath/Flag%20of%20Moldova.svg
http://www.wikidata.org/entity/Q235,Monaco,Europe,2.08,38857,8596156574,Monaco City,http://www.wikidata.org/entity/Q42020,http://commons.wikimedia.org/wiki/Special:FilePath/Flag%20of%20Monaco.svg
http://www.wikidata.org/entity/Q711,Mongolia,Asia,1564116,3409939,15286441740,Ulaanbaatar,http://www.wikidata.org/entity/Q42873,http://commons.wikimedia.org/wiki/Special:FilePath/Flag%20of%20Mongolia.svg
http://www.wikidata.org/entity/Q711,Mongolia,Asia,1564116,3409939,16810883361,Ulaanbaatar,http://www.wikidata.org/entity/Q42873,http://commons.wikimedia.org/wiki/Special:FilePath/Flag%20of%20Mongolia.svg
http://www.wikidata.org/entity/Q236,Montenegro,Europe,13883,617213,5861430526,Podgorica,http://www.wikidata.org/entity/Q43673,http://commons.wikimedia.org/wiki/Special:FilePath/Flag%20of%20Montenegro.svg
http://www.wikidata.org/entity/Q236,Montenegro,Europe,13883,617213,6095978868,Podgorica,http://www.wikidata.org/entity/Q43673,http://commons.wikimedia.org/wiki/Special:FilePath/Flag%20of%20Montenegro.svg
http://www.wikidata.org/entity/Q236,Montenegro,Europe,13883,617213,5861430526,Cetinje,http://www.wikidata.org/entity/Q43673,http://commons.wikimedia.org/wiki/Special:FilePath/Flag%20of%20Montenegro.svg
http://www.wikidata.org/entity/Q236,Montenegro,Europe,13883,617213,6095978868,Cetinje,http://www.wikidata.org/entity/Q43673,http://commons.wikimedia.org/wiki/Special:FilePath/Flag%20of%20Montenegro.svg
http://www.wikidata.org/entity/Q1028,Morocco,Africa,446550,36828330,134181587770,Rabat,http://www.wikidata.org/entity/Q41439,http://commons.wikimedia.org/wiki/Special:FilePath/Flag%20of%20Morocco.svg
http://www.wikidata.org/entity/Q1028,Morocco,Africa,446550,36828330,142866583125,Rabat,http://www.wikidata.org/entity/Q41439,http://commons.wikimedia.org/wiki/Special:FilePath/Flag%20of%20Morocco.svg
http://www.wikidata.org/entity/Q1029,Mozambique,Africa,801590,29668834,15776757420,Maputo,http://www.wikidata.org/entity/Q43131,http://commons.wikimedia.org/wiki/Special:FilePath/Flag%20of%20Mozambique.svg
http://www.wikidata.org/entity/Q1029,Mozambique,Africa,801590,29668834,17851491428,Maputo,http://www.wikidata.org/entity/Q43131,http://commons.wikimedia.org/wiki/Special:FilePath/Flag%20of%20Mozambique.svg
http://www.wikidata.org/entity/Q1029,Mozambique,Africa,801590,29668834,15776757420,Maputo,http://www.wikidata.org/entity/Q43131,http://commons.wikimedia.org/wiki/Special:FilePath/Flag%20of%20Mozambique%20%281974%E2%80%931975%29.svg
http://www.wikidata.org/entity/Q1029,Mozambique,Africa,801590,29668834,17851491428,Maputo,http://www.wikidata.org/entity/Q43131,http://commons.wikimedia.org/wiki/Special:FilePath/Flag%20of%20Mozambique%20%281974%E2%80%931975%29.svg
http://www.wikidata.org/entity/Q1029,Mozambique,Africa,801590,29668834,15776757420,Maputo,http://www.wikidata.org/entity/Q43131,http://commons.wikimedia.org/wiki/Special:FilePath/Flag%20of%20Mozambique%20%281975%E2%80%931983%29.svg
http://www.wikidata.org/entity/Q1029,Mozambique,Africa,801590,29668834,17851491428,Maputo,http://www.wikidata.org/entity/Q43131,http://commons.wikimedia.org/wiki/Special:FilePath/Flag%20of%20Mozambique%20%281975%E2%80%931983%29.svg
http://www.wikidata.org/entity/Q1029,Mozambique,Africa,801590,29668834,15776757420,Maputo,http://www.wikidata.org/entity/Q43131,http://commons.wikimedia.org/wiki/Special:FilePath/Flag%20of%20Mozambique%20%281983%29.svg
http://www.wikidata.org/entity/Q1029,Mozambique,Africa,801590,29668834,17851491428,Maputo,http://www.wikidata.org/entity/Q43131,http://commons.wikimedia.org/wiki/Special:FilePath/Flag%20of%20Mozambique%20%281983%29.svg
http://www.wikidata.org/entity/Q836,Myanmar,Asia,676577.2,53370609,59364362541,Naypyidaw,http://www.wikidata.org/entity/Q41636,http://commons.wikimedia.org/wiki/Special:FilePath/Flag%20of%20Myanmar.svg
http://www.wikidata.org/entity/Q836,Myanmar,Asia,676577.2,53370609,65124769602,Naypyidaw,http://www.wikidata.org/entity/Q41636,http://commons.wikimedia.org/wiki/Special:FilePath/Flag%20of%20Myanmar.svg
http://www.wikidata.org/entity/Q1030,Namibia,Africa,825615,2533794,12446290855,Windhoek,http://www.wikidata.org/entity/Q42758,http://commons.wikimedia.org/wiki/Special:FilePath/Flag%20of%20Namibia.svg
http://www.wikidata.org/entity/Q1030,Namibia,Africa,825615,2533794,12607436976,Windhoek,http://www.wikidata.org/entity/Q42758,http://commons.wikimedia.org/wiki/Special:FilePath/Flag%20of%20Namibia.svg
http://www.wikidata.org/entity/Q697,Nauru,Oceania,21,13650,145536603,Yaren District,http://www.wikidata.org/entity/Q42689,http://commons.wikimedia.org/wiki/Special:FilePath/Flag%20of%20Nauru.svg
http://www.wikidata.org/entity/Q697,Nauru,Oceania,21,13650,150922211,Yaren District,http://www.wikidata.org/entity/Q42689,http://commons.wikimedia.org/wiki/Special:FilePath/Flag%20of%20Nauru.svg
http://www.wikidata.org/entity/Q837,Nepal,Asia,147181.254346,29164578,36924841430,Kathmandu,http://www.wikidata.org/entity/Q43582,http://commons.wikimedia.org/wiki/Special:FilePath/Flag%20of%20Nepal.svg
http://www.wikidata.org/entity/Q837,Nepal,Asia,147181.254346,29164578,40828247302,Kathmandu,http://www.wikidata.org/entity/Q43582,http://commons.wikimedia.org/wiki/Special:FilePath/Flag%20of%20Nepal.svg
http://www.wikidata.org/entity/Q55,Netherlands,Europe,37378,17942942,991114635529,Amsterdam,http://www.wikidata.org/entity/Q493202,http://commons.wikimedia.org/wiki/Special:FilePath/Flag%20of%20the%20Netherlands.svg
http://www.wikidata.org/entity/Q55,Netherlands,Europe,37378,17942942,1011798853062,Amsterdam,http://www.wikidata.org/entity/Q493202,http://commons.wikimedia.org/wiki/Special:FilePath/Flag%20of%20the%20Netherlands.svg
http://www.wikidata.org/entity/Q664,New Zealand,Oceania,268021,5307800,247234053739,Wellington,http://www.wikidata.org/entity/Q42019,http://commons.wikimedia.org/wiki/Special:FilePath/Flag%20of%20New%20Zealand.svg
http://www.wikidata.org/entity/Q664,New Zealand,Oceania,268021,5307800,255551704626,Wellington,http://www.wikidata.org/entity/Q42019,http://commons.wikimedia.org/wiki/Special:FilePath/Flag%20of%20New%20Zealand.svg
http://www.wikidata.org/entity/Q811,Nicaragua,North America,120340,5142098,14145852101,Managua,http://www.wikidata.org/entity/Q487644,http://commons.wikimedia.org/wiki/Special:FilePath/Flag%20of%20Nicaragua.svg
http://www.wikidata.org/entity/Q811,Nicaragua,North America,120340,5142098,15671583878,Managua,http://www.wikidata.org/entity/Q487644,http://commons.wikimedia.org/wiki/Special:FilePath/Flag%20of%20Nicaragua.svg
http://www.wikidata.org/entity/Q1032,Niger,Africa,1267000,21477348,13969605583,Niamey,http://www.wikidata.org/entity/Q43158,http://commons.wikimedia.org/wiki/Special:FilePath/Flag%20of%20Niger.svg
http://www.wikidata.org/entity/Q1032,Niger,Africa,1267000,21477348,14915002098,Niamey,http://www.wikidata.org/entity/Q43158,http://commons.wikimedia.org/wiki/Special:FilePath/Flag%20of%20Niger.svg
http://www.wikidata.org/entity/Q1033,Nigeria,Africa,923768,211400708,440833583992,Abuja,http://www.wikidata.org/entity/Q43151,http://commons.wikimedia.org/wiki/Special:FilePath/Flag%20of%20Nigeria.svg
http://www.wikidata.org/entity/Q1033,Nigeria,Africa,923768,211400708,477386120636,Abuja,http://www.wikidata.org/entity/Q43151,http://commons.wikimedia.org/wiki/Special:FilePath/Flag%20of%20Nigeria.svg
http://www.wikidata.org/entity/Q34020,Niue,Insular Oceania,260,1821,,Alofi,http://www.wikidata.org/entity/Q44921,http://commons.wikimedia.org/wiki/Special:FilePath/Flag%20of%20Niue.svg
http://www.wikidata.org/entity/Q423,North Korea,Asia,120540,26418204,,Pyongyang,http://www.wikidata.org/entity/Q42172,http://commons.wikimedia.org/wiki/Special:FilePath/Flag%20of%20North%20Korea.svg
http://www.wikidata.org/entity/Q221,North Macedonia,Europe,25713,1836713,13825049832,Skopje,http://www.wikidata.org/entity/Q41319,http://commons.wikimedia.org/wiki/Special:FilePath/Flag%20of%20North%20Macedonia.svg
http://www.wikidata.org/entity/Q221,North Macedonia,Europe,25713,1836713,13563132057,Skopje,http://www.wikidata.org/entity/Q41319,http://commons.wikimedia.org/wiki/Special:FilePath/Flag%20of%20North%20Macedonia.svg
http://www.wikidata.org/entity/Q23681,Northern Cyprus,Asia,3355,476214,,North Nicosia,http://www.wikidata.org/entity/Q41104,http://commons.wikimedia.org/wiki/Special:FilePath/Flag%20of%20the%20Turkish%20Republic%20of%20Northern%20Cyprus.svg
http://www.wikidata.org/entity/Q23681,Northern Cyprus,Europe,3355,476214,,North Nicosia,http://www.wikidata.org/entity/Q41104,http://commons.wikimedia.org/wiki/Special:FilePath/Flag%20of%20the%20Turkish%20Republic%20of%20Northern%20Cyprus.svg
http://www.wikidata.org/entity/Q20,Norway,Europe,385207,5627400,490293364377,Oslo,http://www.wikidata.org/entity/Q41060,http://commons.wikimedia.org/wiki/Special:FilePath/Flag%20of%20Norway.svg
http://www.wikidata.org/entity/Q20,Norway,Europe,385207,5627400,579267365866,Oslo,http://www.wikidata.org/entity/Q41060,http://commons.wikimedia.org/wiki/Special:FilePath/Flag%20of%20Norway.svg
http://www.wikidata.org/entity/Q842,Oman,Asia,309500,4829480,88191977373,Muscat,http://www.wikidata.org/entity/Q43132,http://commons.wikimedia.org/wiki/Special:FilePath/Flag%20of%20Oman.svg
http://www.wikidata.org/entity/Q842,Oman,Asia,309500,4829480,114667360208,Muscat,http://www.wikidata.org/entity/Q43132,http://commons.wikimedia.org/wiki/Special:FilePath/Flag%20of%20Oman.svg
http://www.wikidata.org/entity/Q107258515,Pahlavi Iran,Asia,648195,,,Tehran,,http://commons.wikimedia.org/wiki/Special:FilePath/State%20flag%20of%20Iran%20%281964%E2%80%931980%29.svg
http://www.wikidata.org/entity/Q843,Pakistan,Asia,881913,223773700,348262544719,Islamabad,http://www.wikidata.org/entity/Q43150,http://commons.wikimedia.org/wiki/Special:FilePath/Flag%20of%20Pakistan.svg
http://www.wikidata.org/entity/Q843,Pakistan,Asia,881913,223773700,376532751807,Islamabad,http://www.wikidata.org/entity/Q43150,http://commons.wikimedia.org/wiki/Special:FilePath/Flag%20of%20Pakistan.svg
http://www.wikidata.org/entity/Q695,Palau,Insular Oceania,465.550362,21729,217800000,Ngerulmud,http://www.wikidata.org/entity/Q44083,http://commons.wikimedia.org/wiki/Special:FilePath/Flag%20of%20Palau.svg
http://www.wikidata.org/entity/Q695,Palau,Oceania,465.550362,21729,217800000,Ngerulmud,http://www.wikidata.org/entity/Q44083,http://commons.wikimedia.org/wiki/Special:FilePath/Flag%20of%20Palau.svg
http://www.wikidata.org/entity/Q219060,Palestine,Asia,6020,5227193,18109000000,Ramallah,http://www.wikidata.org/entity/Q43908,http://commons.wikimedia.org/wiki/Special:FilePath/Flag%20of%20Palestine.svg
http://www.wikidata.org/entity/Q219060,Palestine,Asia,6020,5227193,19111900000,Ramallah,http://www.wikidata.org/entity/Q43908,http://commons.wikimedia.org/wiki/Special:FilePath/Flag%20of%20Palestine.svg
http://www.wikidata.org/entity/Q219060,Palestine,Asia,6020,5227193,18109000000,East Jerusalem,http://www.wikidata.org/entity/Q43908,http://commons.wikimedia.org/wiki/Special:FilePath/Flag%20of%20Palestine.svg
http://www.wikidata.org/entity/Q219060,Palestine,Asia,6020,5227193,19111900000,East Jerusalem,http://www.wikidata.org/entity/Q43908,http://commons.wikimedia.org/wiki/Special:FilePath/Flag%20of%20Palestine.svg
http://www.wikidata.org/entity/Q804,Panama,North America,74177.3,4570133,67406738052,Panama City,http://www.wikidata.org/entity/Q41948,http://commons.wikimedia.org/wiki/Special:FilePath/Flag%20of%20Panama.svg
http://www.wikidata.org/entity/Q804,Panama,North America,74177.3,4570133,76522511781,Panama City,http://www.wikidata.org/entity/Q41948,http://commons.wikimedia.org/wiki/Special:FilePath/Flag%20of%20Panama.svg
http://www.wikidata.org/entity/Q691,Papua New Guinea,Oceania,462840,8935000,26311656000,Port Moresby,http://www.wikidata.org/entity/Q43147,http://commons.wikimedia.org/wiki/Special:FilePath/Flag%20of%20Papua%20New%20Guinea.svg
http://www.wikidata.org/entity/Q691,Papua New Guinea,Oceania,462840,8935000,30633444295,Port Moresby,http://www.wikidata.org/entity/Q43147,http://commons.wikimedia.org/wiki/Special:FilePath/Flag%20of%20Papua%20New%20Guinea.svg
http://www.wikidata.org/entity/Q733,Paraguay,South America,406756,6811297,39950899733,Asunción,http://www.wikidata.org/entity/Q43161,http://commons.wikimedia.org/wiki/Special:FilePath/Flag%20of%20Paraguay.svg
http://www.wikidata.org/entity/Q733,Paraguay,South America,406756,6811297,41722295362,Asunción,http://www.wikidata.org/entity/Q43161,http://commons.wikimedia.org/wiki/Special:FilePath/Flag%20of%20Paraguay.svg
http://www.wikidata.org/entity/Q148,People's Republic of China,Asia,9596961,1442965000,17820459342451,Beijing,http://www.wikidata.org/entity/Q38900,http://commons.wikimedia.org/wiki/Special:FilePath/Flag%20of%20the%20People%27s%20Republic%20of%20China.svg
http://www.wikidata.org/entity/Q148,People's Republic of China,Asia,9596961,1442965000,17963170521080,Beijing,http://www.wikidata.org/entity/Q38900,http://commons.wikimedia.org/wiki/Special:FilePath/Flag%20of%20the%20People%27s%20Republic%20of%20China.svg
http://www.wikidata.org/entity/Q148,People's Republic of China,Asia,9596961,1442965000,17820459342451,Beijing,http://www.wikidata.org/entity/Q4222408,http://commons.wikimedia.org/wiki/Special:FilePath/Flag%20of%20the%20People%27s%20Republic%20of%20China.svg
http://www.wikidata.org/entity/Q148,People's Republic of China,Asia,9596961,1442965000,17963170521080,Beijing,http://www.wikidata.org/entity/Q4222408,http://commons.wikimedia.org/wiki/Special:FilePath/Flag%20of%20the%20People%27s%20Republic%20of%20China.svg
http://www.wikidata.org/entity/Q148,People's Republic of China,Asia,9596961,1442965000,17820459342451,Beijing,http://www.wikidata.org/entity/Q11837308,http://commons.wikimedia.org/wiki/Special:FilePath/Flag%20of%20the%20People%27s%20Republic%20of%20China.svg
http://www.wikidata.org/entity/Q148,People's Republic of China,Asia,9596961,1442965000,17963170521080,Beijing,http://www.wikidata.org/entity/Q11837308,http://commons.wikimedia.org/wiki/Special:FilePath/Flag%20of%20the%20People%27s%20Republic%20of%20China.svg
http://www.wikidata.org/entity/Q148,People's Republic of China,Asia,9596961,1442965000,17820459342451,Beijing,http://www.wikidata.org/entity/Q11837483,http://commons.wikimedia.org/wiki/Special:FilePath/Flag%20of%20the%20People%27s%20Republic%20of%20China.svg
http://www.wikidata.org/entity/Q148,People's Republic of China,Asia,9596961,1442965000,17963170521080,Beijing,http://www.wikidata.org/entity/Q11837483,http://commons.wikimedia.org/wiki/Special:FilePath/Flag%20of%20the%20People%27s%20Republic%20of%20China.svg
http://www.wikidata.org/entity/Q419,Peru,South America,1285216,33726000,223717791483,Lima,http://www.wikidata.org/entity/Q41954,http://commons.wikimedia.org/wiki/Special:FilePath/Flag%20of%20Peru.svg
http://www.wikidata.org/entity/Q419,Peru,South America,1285216,33726000,242631549613,Lima,http://www.wikidata.org/entity/Q41954,http://commons.wikimedia.org/wiki/Special:FilePath/Flag%20of%20Peru.svg
http://www.wikidata.org/entity/Q928,Philippines,Asia,343448,112729484,394087362017,Manila,http://www.wikidata.org/entity/Q41840,http://commons.wikimedia.org/wiki/Special:FilePath/Flag%20of%20the%20Philippines.svg
http://www.wikidata.org/entity/Q928,Philippines,Asia,343448,112729484,404284327312,Manila,http://www.wikidata.org/entity/Q41840,http://commons.wikimedia.org/wiki/Special:FilePath/Flag%20of%20the%20Philippines.svg
http://www.wikidata.org/entity/Q36,Poland,Europe,312683,37563071,679441900611,Warsaw,http://www.wikidata.org/entity/Q37907,http://commons.wikimedia.org/wiki/Special:FilePath/Flag%20of%20Poland.svg
http://www.wikidata.org/entity/Q36,Poland,Europe,312683,37563071,688176605955,Warsaw,http://www.wikidata.org/entity/Q37907,http://commons.wikimedia.org/wiki/Special:FilePath/Flag%20of%20Poland.svg
http://www.wikidata.org/entity/Q45,Portugal,Europe,92225,10347892,251945377529,Lisbon,http://www.wikidata.org/entity/Q39959,http://commons.wikimedia.org/wiki/Special:FilePath/Flag%20of%20Portugal%20%28official%29.svg
http://www.wikidata.org/entity/Q45,Portugal,Europe,92225,10347892,253982847571,Lisbon,http://www.wikidata.org/entity/Q39959,http://commons.wikimedia.org/wiki/Special:FilePath/Flag%20of%20Portugal%20%28official%29.svg
http://www.wikidata.org/entity/Q165763,Principality of Waldeck,,1121,59000,,Bad Arolsen,,http://commons.wikimedia.org/wiki/Special:FilePath/Flag%20of%20Waldeck%20before%201830.svg
http://www.wikidata.org/entity/Q165763,Principality of Waldeck,,1121,59000,,Waldeck,,http://commons.wikimedia.org/wiki/Special:FilePath/Flag%20of%20Waldeck%20before%201830.svg
http://www.wikidata.org/entity/Q846,Qatar,Asia,11437,2639211,179677131707,Doha,http://www.wikidata.org/entity/Q43117,http://commons.wikimedia.org/wiki/Special:FilePath/Flag%20of%20Qatar.svg
http://www.wikidata.org/entity/Q846,Qatar,Asia,11437,2639211,237295575171,Doha,http://www.wikidata.org/entity/Q43117,http://commons.wikimedia.org/wiki/Special:FilePath/Flag%20of%20Qatar.svg
http://www.wikidata.org/entity/Q971,Republic of the Congo,Africa,342000,6142180,13366230821,Brazzaville,http://www.wikidata.org/entity/Q39906,http://commons.wikimedia.org/wiki/Special:FilePath/Flag%20of%20the%20Republic%20of%20the%20Congo.svg
http://www.wikidata.org/entity/Q971,Republic of the Congo,Africa,342000,6142180,14615532210,Brazzaville,http://www.wikidata.org/entity/Q39906,http://commons.wikimedia.org/wiki/Special:FilePath/Flag%20of%20the%20Republic%20of%20the%20Congo.svg
http://www.wikidata.org/entity/Q218,Romania,Europe,238397,19053815,285404683025,Bucharest,http://www.wikidata.org/entity/Q42677,http://commons.wikimedia.org/wiki/Special:FilePath/Flag%20of%20Romania.svg
http://www.wikidata.org/entity/Q218,Romania,Europe,238397,19053815,301261582924,Bucharest,http://www.wikidata.org/entity/Q42677,http://commons.wikimedia.org/wiki/Special:FilePath/Flag%20of%20Romania.svg
http://www.wikidata.org/entity/Q159,Russia,Europe,17075400,146119928,1836892075548,Moscow,http://www.wikidata.org/entity/Q36541,http://commons.wikimedia.org/wiki/Special:FilePath/Flag%20of%20Russia.svg
http://www.wikidata.org/entity/Q159,Russia,Europe,17075400,146119928,2240422438363,Moscow,http://www.wikidata.org/entity/Q36541,http://commons.wikimedia.org/wiki/Special:FilePath/Flag%20of%20Russia.svg
http://www.wikidata.org/entity/Q159,Russia,Europe,17075400,146119928,1836892075548,Moscow,http://www.wikidata.org/entity/Q48369,http://commons.wikimedia.org/wiki/Special:FilePath/Flag%20of%20Russia.svg
http://www.wikidata.org/entity/Q159,Russia,Europe,17075400,146119928,2240422438363,Moscow,http://www.wikidata.org/entity/Q48369,http://commons.wikimedia.org/wiki/Special:FilePath/Flag%20of%20Russia.svg
http://www.wikidata.org/entity/Q159,Russia,Europe,17075400,146119928,1836892075548,Moscow,http://www.wikidata.org/entity/Q200439,http://commons.wikimedia.org/wiki/Special:FilePath/Flag%20of%20Russia.svg
http://www.wikidata.org/entity/Q159,Russia,Europe,17075400,146119928,2240422438363,Moscow,http://www.wikidata.org/entity/Q200439,http://commons.wikimedia.org/wiki/Special:FilePath/Flag%20of%20Russia.svg
http://www.wikidata.org/entity/Q159,Russia,Europe,17075400,146119928,1836892075548,Moscow,http://www.wikidata.org/entity/Q16524723,http://commons.wikimedia.org/wiki/Special:FilePath/Flag%20of%20Russia.svg
http://www.wikidata.org/entity/Q159,Russia,Europe,17075400,146119928,2240422438363,Moscow,http://www.wikidata.org/entity/Q16524723,http://commons.wikimedia.org/wiki/Special:FilePath/Flag%20of%20Russia.svg
http://www.wikidata.org/entity/Q1037,Rwanda,Africa,26338,14569341,14251642230,Kigali,http://www.wikidata.org/entity/Q43592,http://commons.wikimedia.org/wiki/Special:FilePath/Flag%20of%20Rwanda.svg
http://www.wikidata.org/entity/Q763,Saint Kitts and Nevis,North America,269.358763,46922,860844444,Basseterre,http://www.wikidata.org/entity/Q43146,http://commons.wikimedia.org/wiki/Special:FilePath/Flag%20of%20Saint%20Kitts%20and%20Nevis.svg
http://www.wikidata.org/entity/Q763,Saint Kitts and Nevis,North America,269.358763,46922,961563259,Basseterre,http://www.wikidata.org/entity/Q43146,http://commons.wikimedia.org/wiki/Special:FilePath/Flag%20of%20Saint%20Kitts%20and%20Nevis.svg
http://www.wikidata.org/entity/Q760,Saint Lucia,North America,617.012867,167591,1691259259,Castries,http://www.wikidata.org/entity/Q42648,http://commons.wikimedia.org/wiki/Special:FilePath/Flag%20of%20Saint%20Lucia.svg
http://www.wikidata.org/entity/Q760,Saint Lucia,North America,617.012867,167591,2065027556,Castries,http://www.wikidata.org/entity/Q42648,http://commons.wikimedia.org/wiki/Special:FilePath/Flag%20of%20Saint%20Lucia.svg
http://www.wikidata.org/entity/Q757,Saint Vincent and the Grenadines,North America,389,109897,872226064,Kingstown,http://www.wikidata.org/entity/Q42863,http://commons.wikimedia.org/wiki/Special:FilePath/Flag%20of%20Saint%20Vincent%20and%20the%20Grenadines.svg
http://www.wikidata.org/entity/Q757,Saint Vincent and the Grenadines,North America,389,109897,948558503,Kingstown,http://www.wikidata.org/entity/Q42863,http://commons.wikimedia.org/wiki/Special:FilePath/Flag%20of%20Saint%20Vincent%20and%20the%20Grenadines.svg
http://www.wikidata.org/entity/Q683,Samoa,Oceania,2842,200010,832421565,Apia,http://www.wikidata.org/entity/Q42864,http://commons.wikimedia.org/wiki/Special:FilePath/Flag%20of%20Samoa.svg
http://www.wikidata.org/entity/Q683,Samoa,Oceania,2842,200010,843850778,Apia,http://www.wikidata.org/entity/Q42864,http://commons.wikimedia.org/wiki/Special:FilePath/Flag%20of%20Samoa.svg
http://www.wikidata.org/entity/Q238,San Marino,Europe,61.2,33600,1855382833,San Marino,http://www.wikidata.org/entity/Q43094,http://commons.wikimedia.org/wiki/Special:FilePath/Flag%20of%20San%20Marino.svg
http://www.wikidata.org/entity/Q851,Saudi Arabia,Asia,2250000,33000000,868585871465,Riyadh,http://www.wikidata.org/entity/Q41433,http://commons.wikimedia.org/wiki/Special:FilePath/Flag%20of%20Saudi%20Arabia.svg
http://www.wikidata.org/entity/Q851,Saudi Arabia,Asia,2250000,33000000,1108148978218,Riyadh,http://www.wikidata.org/entity/Q41433,http://commons.wikimedia.org/wiki/Special:FilePath/Flag%20of%20Saudi%20Arabia.svg
http://www.wikidata.org/entity/Q851,Saudi Arabia,Asia,2250000,33000000,868585871465,Riyadh,http://www.wikidata.org/entity/Q137014,http://commons.wikimedia.org/wiki/Special:FilePath/Flag%20of%20Saudi%20Arabia.svg
http://www.wikidata.org/entity/Q851,Saudi Arabia,Asia,2250000,33000000,1108148978218,Riyadh,http://www.wikidata.org/entity/Q137014,http://commons.wikimedia.org/wiki/Special:FilePath/Flag%20of%20Saudi%20Arabia.svg
http://www.wikidata.org/entity/Q1041,Senegal,Africa,196722,16876720,27569136728,Dakar,http://www.wikidata.org/entity/Q60117,http://commons.wikimedia.org/wiki/Special:FilePath/Flag%20of%20Senegal.svg
http://www.wikidata.org/entity/Q1041,Senegal,Africa,196722,16876720,27684430244,Dakar,http://www.wikidata.org/entity/Q60117,http://commons.wikimedia.org/wiki/Special:FilePath/Flag%20of%20Senegal.svg
http://www.wikidata.org/entity/Q403,Serbia,Europe,88499,6605168,63082021206,Belgrade,http://www.wikidata.org/entity/Q45155,http://commons.wikimedia.org/wiki/Special:FilePath/Flag%20of%20Serbia.svg
http://www.wikidata.org/entity/Q403,Serbia,Europe,88499,6605168,63501748652,Belgrade,http://www.wikidata.org/entity/Q45155,http://commons.wikimedia.org/wiki/Special:FilePath/Flag%20of%20Serbia.svg
http://www.wikidata.org/entity/Q403,Serbia,Europe,88499,6605168,63082021206,Belgrade,http://www.wikidata.org/entity/Q48367,http://commons.wikimedia.org/wiki/Special:FilePath/Flag%20of%20Serbia.svg
http://www.wikidata.org/entity/Q403,Serbia,Europe,88499,6605168,63501748652,Belgrade,http://www.wikidata.org/entity/Q48367,http://commons.wikimedia.org/wiki/Special:FilePath/Flag%20of%20Serbia.svg
http://www.wikidata.org/entity/Q1042,Seychelles,Africa,459,119773,1286687873,Victoria,http://www.wikidata.org/entity/Q43139,http://commons.wikimedia.org/wiki/Special:FilePath/Flag%20of%20Seychelles.svg
http://www.wikidata.org/entity/Q1042,Seychelles,Africa,459,119773,1588406479,Victoria,http://www.wikidata.org/entity/Q43139,http://commons.wikimedia.org/wiki/Special:FilePath/Flag%20of%20Seychelles.svg
http://www.wikidata.org/entity/Q1044,Sierra Leone,Africa,71740,7557212,3970343852,Freetown,http://www.wikidata.org/entity/Q43767,http://commons.wikimedia.org/wiki/Special:FilePath/Flag%20of%20Sierra%20Leone.svg
http://www.wikidata.org/entity/Q1044,Sierra Leone,Africa,71740,7557212,4249234574,Freetown,http://www.wikidata.org/entity/Q43767,http://commons.wikimedia.org/wiki/Special:FilePath/Flag%20of%20Sierra%20Leone.svg
http://www.wikidata.org/entity/Q334,Singapore,Asia,719.1,5866139,423796995373,Singapore,http://www.wikidata.org/entity/Q41851,http://commons.wikimedia.org/wiki/Special:FilePath/Flag%20of%20Singapore.svg
http://www.wikidata.org/entity/Q334,Singapore,Asia,719.1,5866139,466788539652,Singapore,http://www.wikidata.org/entity/Q41851,http://commons.wikimedia.org/wiki/Special:FilePath/Flag%20of%20Singapore.svg
http://www.wikidata.org/entity/Q26273,Sint Maarten,North America,34,43847,1384636872,Philipsburg,http://www.wikidata.org/entity/Q160867,http://commons.wikimedia.org/wiki/Special:FilePath/Flag%20of%20Sint%20Maarten.svg
http://www.wikidata.org/entity/Q26273,Sint Maarten,North America,34,43847,1571564246,Philipsburg,http://www.wikidata.org/entity/Q160867,http://commons.wikimedia.org/wiki/Special:FilePath/Flag%20of%20Sint%20Maarten.svg
http://www.wikidata.org/entity/Q214,Slovakia,Europe,49033.720839,5409407,115468803972,Bratislava,http://www.wikidata.org/entity/Q41529,http://commons.wikimedia.org/wiki/Special:FilePath/Flag%20of%20Slovakia.svg
http://www.wikidata.org/entity/Q214,Slovakia,Europe,49033.720839,5409407,118656591909,Bratislava,http://www.wikidata.org/entity/Q41529,http://commons.wikimedia.org/wiki/Special:FilePath/Flag%20of%20Slovakia.svg
http://www.wikidata.org/entity/Q215,Slovenia,Europe,20271,2066880,62117768015,Ljubljana,http://www.wikidata.org/entity/Q58723,http://commons.wikimedia.org/wiki/Special:FilePath/Flag%20of%20Slovenia.svg
http://www.wikidata.org/entity/Q685,Solomon Islands,Insular Oceania,28400,611343,1580303517,Honiara,http://www.wikidata.org/entity/Q43829,http://commons.wikimedia.org/wiki/Special:FilePath/Flag%20of%20the%20Solomon%20Islands.svg
http://www.wikidata.org/entity/Q685,Solomon Islands,Oceania,28400,611343,1580303517,Honiara,http://www.wikidata.org/entity/Q43829,http://commons.wikimedia.org/wiki/Special:FilePath/Flag%20of%20the%20Solomon%20Islands.svg
http://www.wikidata.org/entity/Q685,Solomon Islands,Insular Oceania,28400,611343,1595710784,Honiara,http://www.wikidata.org/entity/Q43829,http://commons.wikimedia.org/wiki/Special:FilePath/Flag%20of%20the%20Solomon%20Islands.svg
http://www.wikidata.org/entity/Q685,Solomon Islands,Oceania,28400,611343,1595710784,Honiara,http://www.wikidata.org/entity/Q43829,http://commons.wikimedia.org/wiki/Special:FilePath/Flag%20of%20the%20Solomon%20Islands.svg
http://www.wikidata.org/entity/Q1045,Somalia,Africa,637657,11031386,7628000011,Mogadishu,http://www.wikidata.org/entity/Q126480,http://commons.wikimedia.org/wiki/Special:FilePath/Flag%20of%20Somalia.svg
http://www.wikidata.org/entity/Q1045,Somalia,Africa,637657,11031386,8126105600,Mogadishu,http://www.wikidata.org/entity/Q126480,http://commons.wikimedia.org/wiki/Special:FilePath/Flag%20of%20Somalia.svg
http://www.wikidata.org/entity/Q34754,Somaliland,Africa,177000,6500000,,Hargeisa,,http://commons.wikimedia.org/wiki/Special:FilePath/Flag%20of%20Somaliland.svg
http://www.wikidata.org/entity/Q258,South Africa,Africa,1221037,62027503,405869718462,Pretoria,http://www.wikidata.org/entity/Q42754,http://commons.wikimedia.org/wiki/Special:FilePath/Flag%20of%20South%20Africa.svg
http://www.wikidata.org/entity/Q258,South Africa,Africa,1221037,62027503,405869718462,Cape Town,http://www.wikidata.org/entity/Q42754,http://commons.wikimedia.org/wiki/Special:FilePath/Flag%20of%20South%20Africa.svg
http://www.wikidata.org/entity/Q258,South Africa,Africa,1221037,62027503,405869718462,Bloemfontein,http://www.wikidata.org/entity/Q42754,http://commons.wikimedia.org/wiki/Special:FilePath/Flag%20of%20South%20Africa.svg
http://www.wikidata.org/entity/Q884,South Korea,Asia,100295,51466201,1665245538595,Seoul,http://www.wikidata.org/entity/Q41853,http://commons.wikimedia.org/wiki/Special:FilePath/Flag%20of%20South%20Korea.svg
http://www.wikidata.org/entity/Q884,South Korea,Asia,100295,51466201,1810955871381,Seoul,http://www.wikidata.org/entity/Q41853,http://commons.wikimedia.org/wiki/Special:FilePath/Flag%20of%20South%20Korea.svg
http://www.wikidata.org/entity/Q884,South Korea,Asia,100295,51466201,1665245538595,Seoul,http://www.wikidata.org/entity/Q12579915,http://commons.wikimedia.org/wiki/Special:FilePath/Flag%20of%20South%20Korea.svg
http://www.wikidata.org/entity/Q884,South Korea,Asia,100295,51466201,1810955871381,Seoul,http://www.wikidata.org/entity/Q12579915,http://commons.wikimedia.org/wiki/Special:FilePath/Flag%20of%20South%20Korea.svg
http://www.wikidata.org/entity/Q958,South Sudan,Africa,644329,12575714,,Juba,http://www.wikidata.org/entity/Q717118,http://commons.wikimedia.org/wiki/Special:FilePath/Flag%20of%20South%20Sudan.svg
http://www.wikidata.org/entity/Q29,Spain,Europe,505990,48592909,1397509272054,Madrid,http://www.wikidata.org/entity/Q37883,http://commons.wikimedia.org/wiki/Special:FilePath/Flag%20of%20Spain.svg
http://www.wikidata.org/entity/Q29,Spain,Europe,505990,48592909,1427380681295,Madrid,http://www.wikidata.org/entity/Q37883,http://commons.wikimedia.org/wiki/Special:FilePath/Flag%20of%20Spain.svg
http://www.wikidata.org/entity/Q854,Sri Lanka,Asia,65610,21444000,74403578363,Colombo,http://www.wikidata.org/entity/Q41035,http://commons.wikimedia.org/wiki/Special:FilePath/Flag%20of%20Sri%20Lanka.svg
http://www.wikidata.org/entity/Q854,Sri Lanka,Asia,65610,21444000,74403578363,Sri Jayawardenepura Kotte,http://www.wikidata.org/entity/Q41035,http://commons.wikimedia.org/wiki/Special:FilePath/Flag%20of%20Sri%20Lanka.svg
http://www.wikidata.org/entity/Q854,Sri Lanka,Asia,65610,21444000,74403578363,Colombo,http://www.wikidata.org/entity/Q136682,http://commons.wikimedia.org/wiki/Special:FilePath/Flag%20of%20Sri%20Lanka.svg
http://www.wikidata.org/entity/Q854,Sri Lanka,Asia,65610,21444000,74403578363,Sri Jayawardenepura Kotte,http://www.wikidata.org/entity/Q136682,http://commons.wikimedia.org/wiki/Special:FilePath/Flag%20of%20Sri%20Lanka.svg
http://www.wikidata.org/entity/Q1049,Sudan,Africa,1840687,40533330,34229513775,Khartoum,http://www.wikidata.org/entity/Q43762,http://commons.wikimedia.org/wiki/Special:FilePath/Flag%20of%20Sudan.svg
http://www.wikidata.org/entity/Q1049,Sudan,Africa,1886068,40533330,34229513775,Khartoum,http://www.wikidata.org/entity/Q43762,http://commons.wikimedia.org/wiki/Special:FilePath/Flag%20of%20Sudan.svg
http://www.wikidata.org/entity/Q1049,Sudan,Africa,1840687,40533330,51662241775,Khartoum,http://www.wikidata.org/entity/Q43762,http://commons.wikimedia.org/wiki/Special:FilePath/Flag%20of%20Sudan.svg
http://www.wikidata.org/entity/Q1049,Sudan,Africa,1886068,40533330,51662241775,Khartoum,http://www.wikidata.org/entity/Q43762,http://commons.wikimedia.org/wiki/Special:FilePath/Flag%20of%20Sudan.svg
http://www.wikidata.org/entity/Q730,Suriname,South America,163270,563402,2984706244,Paramaribo,http://www.wikidata.org/entity/Q43102,http://commons.wikimedia.org/wiki/Special:FilePath/Flag%20of%20Suriname.svg
http://www.wikidata.org/entity/Q730,Suriname,South America,163270,563402,3620655116,Paramaribo,http://www.wikidata.org/entity/Q43102,http://commons.wikimedia.org/wiki/Special:FilePath/Flag%20of%20Suriname.svg
http://www.wikidata.org/entity/Q34,Sweden,Europe,447425.16,10609460,585939170124,Stockholm,http://www.wikidata.org/entity/Q40442,http://commons.wikimedia.org/wiki/Special:FilePath/Flag%20of%20Sweden.svg
http://www.wikidata.org/entity/Q34,Sweden,Europe,447425.16,10609460,636856236396,Stockholm,http://www.wikidata.org/entity/Q40442,http://commons.wikimedia.org/wiki/Special:FilePath/Flag%20of%20Sweden.svg
http://www.wikidata.org/entity/Q39,Switzerland,Europe,41291,9104063,807706035352,Bern,http://www.wikidata.org/entity/Q39676,http://commons.wikimedia.org/wiki/Special:FilePath/Flag%20of%20Switzerland.svg
http://www.wikidata.org/entity/Q39,Switzerland,Europe,41291,9104063,807706035352,Bern,http://www.wikidata.org/entity/Q20577158,http://commons.wikimedia.org/wiki/Special:FilePath/Flag%20of%20Switzerland.svg
http://www.wikidata.org/entity/Q858,Syria,Asia,185180,23865423,,Damascus,http://www.wikidata.org/entity/Q42778,http://commons.wikimedia.org/wiki/Special:FilePath/Flag%20of%20Syria%20%282025-%29.svg
http://www.wikidata.org/entity/Q1039,São Tomé and Príncipe,Africa,1001,204327,526653791,São Tomé,http://www.wikidata.org/entity/Q43772,http://commons.wikimedia.org/wiki/Special:FilePath/Flag%20of%20S%C3%A3o%20Tom%C3%A9%20and%20Pr%C3%ADncipe.svg
http://www.wikidata.org/entity/Q1039,São Tomé and Príncipe,Africa,1001,204327,546680342,São Tomé,http://www.wikidata.org/entity/Q43772,http://commons.wikimedia.org/wiki/Special:FilePath/Flag%20of%20S%C3%A3o%20Tom%C3%A9%20and%20Pr%C3%ADncipe.svg
http://www.wikidata.org/entity/Q865,Taiwan,Asia,36193,23317031,,Taipei,http://www.wikidata.org/entity/Q43824,http://commons.wikimedia.org/wiki/Special:FilePath/Flag%20of%20the%20Republic%20of%20China.svg
http://www.wikidata.org/entity/Q863,Tajikistan,Asia,143100,9504000,8937805347,Dushanbe,http://www.wikidata.org/entity/Q42033,http://commons.wikimedia.org/wiki/Special:FilePath/Flag%20of%20Tajikistan.svg
http://www.wikidata.org/entity/Q863,Tajikistan,Asia,143100,9504000,10492123388,Dushanbe,http://www.wikidata.org/entity/Q42033,http://commons.wikimedia.org/wiki/Special:FilePath/Flag%20of%20Tajikistan.svg
http://www.wikidata.org/entity/Q924,Tanzania,Africa,947303,57310019,70655628141,Dodoma,http://www.wikidata.org/entity/Q43159,http://commons.wikimedia.org/wiki/Special:FilePath/Flag%20of%20Tanzania.svg
http://www.wikidata.org/entity/Q924,Tanzania,Africa,947303,57310019,75709289056,Dodoma,http://www.wikidata.org/entity/Q43159,http://commons.wikimedia.org/wiki/Special:FilePath/Flag%20of%20Tanzania.svg
http://www.wikidata.org/entity/Q869,Thailand,Asia,513119.5,66188503,495340592811,Bangkok,http://www.wikidata.org/entity/Q43133,http://commons.wikimedia.org/wiki/Special:FilePath/Flag%20of%20Thailand.svg
http://www.wikidata.org/entity/Q869,Thailand,Asia,513119.5,66188503,505568057004,Bangkok,http://www.wikidata.org/entity/Q43133,http://commons.wikimedia.org/wiki/Special:FilePath/Flag%20of%20Thailand.svg
http://www.wikidata.org/entity/Q778,The Bahamas,North America,13878,399440,169735993,Nassau,http://www.wikidata.org/entity/Q40514,http://commons.wikimedia.org/wiki/Special:FilePath/Flag%20of%20the%20Bahamas.svg
http://www.wikidata.org/entity/Q778,The Bahamas,North America,13878,399440,190021993,Nassau,http://www.wikidata.org/entity/Q40514,http://commons.wikimedia.org/wiki/Special:FilePath/Flag%20of%20the%20Bahamas.svg
http://www.wikidata.org/entity/Q778,The Bahamas,North America,13878,399440,212169992,Nassau,http://www.wikidata.org/entity/Q40514,http://commons.wikimedia.org/wiki/Special:FilePath/Flag%20of%20the%20Bahamas.svg
http://www.wikidata.org/entity/Q778,The Bahamas,North America,13878,399440,237649991,Nassau,http://www.wikidata.org/entity/Q40514,http://commons.wikimedia.org/wiki/Special:FilePath/Flag%20of%20the%20Bahamas.svg
http://www.wikidata.org/entity/Q778,The Bahamas,North America,13878,399440,266559990,Nassau,http://www.wikidata.org/entity/Q40514,http://commons.wikimedia.org/wiki/Special:FilePath/Flag%20of%20the%20Bahamas.svg
http://www.wikidata.org/entity/Q778,The Bahamas,North America,13878,399440,300271989,Nassau,http://www.wikidata.org/entity/Q40514,http://commons.wikimedia.org/wiki/Special:FilePath/Flag%20of%20the%20Bahamas.svg
http://www.wikidata.org/entity/Q778,The Bahamas,North America,13878,399440,346800000,Nassau,http://www.wikidata.org/entity/Q40514,http://commons.wikimedia.org/wiki/Special:FilePath/Flag%20of%20the%20Bahamas.svg
http://www.wikidata.org/entity/Q778,The Bahamas,North America,13878,399440,398000000,Nassau,http://www.wikidata.org/entity/Q40514,http://commons.wikimedia.org/wiki/Special:FilePath/Flag%20of%20the%20Bahamas.svg
http://www.wikidata.org/entity/Q778,The Bahamas,North America,13878,399440,453800000,Nassau,http://www.wikidata.org/entity/Q40514,http://commons.wikimedia.org/wiki/Special:FilePath/Flag%20of%20the%20Bahamas.svg
http://www.wikidata.org/entity/Q778,The Bahamas,North America,13878,399440,538700000,Nassau,http://www.wikidata.org/entity/Q40514,http://commons.wikimedia.org/wiki/Special:FilePath/Flag%20of%20the%20Bahamas.svg
http://www.wikidata.org/entity/Q778,The Bahamas,North America,13878,399440,539500000,Nassau,http://www.wikidata.org/entity/Q40514,http://commons.wikimedia.org/wiki/Special:FilePath/Flag%20of%20the%20Bahamas.svg
http://www.wikidata.org/entity/Q778,The Bahamas,North America,13878,399440,573400000,Nassau,http://www.wikidata.org/entity/Q40514,http://commons.wikimedia.org/wiki/Special:FilePath/Flag%20of%20the%20Bahamas.svg
http://www.wikidata.org/entity/Q778,The Bahamas,North America,13878,399440,590900000,Nassau,http://www.wikidata.org/entity/Q40514,http://commons.wikimedia.org/wiki/Special:FilePath/Flag%20of%20the%20Bahamas.svg
http://www.wikidata.org/entity/Q778,The Bahamas,North America,13878,399440,596200000,Nassau,http://www.wikidata.org/entity/Q40514,http://commons.wikimedia.org/wiki/Special:FilePath/Flag%20of%20the%20Bahamas.svg
http://www.wikidata.org/entity/Q778,The Bahamas,North America,13878,399440,632400000,Nassau,http://www.wikidata.org/entity/Q40514,http://commons.wikimedia.org/wiki/Special:FilePath/Flag%20of%20the%20Bahamas.svg
http://www.wikidata.org/entity/Q778,The Bahamas,North America,13878,399440,642100000,Nassau,http://www.wikidata.org/entity/Q40514,http://commons.wikimedia.org/wiki/Special:FilePath/Flag%20of%20the%20Bahamas.svg
http://www.wikidata.org/entity/Q778,The Bahamas,North America,13878,399440,670900000,Nassau,http://www.wikidata.org/entity/Q40514,http://commons.wikimedia.org/wiki/Special:FilePath/Flag%20of%20the%20Bahamas.svg
http://www.wikidata.org/entity/Q778,The Bahamas,North America,13878,399440,713000000,Nassau,http://www.wikidata.org/entity/Q40514,http://commons.wikimedia.org/wiki/Special:FilePath/Flag%20of%20the%20Bahamas.svg
http://www.wikidata.org/entity/Q778,The Bahamas,North America,13878,399440,832400000,Nassau,http://www.wikidata.org/entity/Q40514,http://commons.wikimedia.org/wiki/Special:FilePath/Flag%20of%20the%20Bahamas.svg
http://www.wikidata.org/entity/Q778,The Bahamas,North America,13878,399440,1139800100,Nassau,http://www.wikidata.org/entity/Q40514,http://commons.wikimedia.org/wiki/Special:FilePath/Flag%20of%20the%20Bahamas.svg
http://www.wikidata.org/entity/Q778,The Bahamas,North America,13878,399440,1335300000,Nassau,http://www.wikidata.org/entity/Q40514,http://commons.wikimedia.org/wiki/Special:FilePath/Flag%20of%20the%20Bahamas.svg
http://www.wikidata.org/entity/Q778,The Bahamas,North America,13878,399440,1426500000,Nassau,http://www.wikidata.org/entity/Q40514,http://commons.wikimedia.org/wiki/Special:FilePath/Flag%20of%20the%20Bahamas.svg
http://www.wikidata.org/entity/Q778,The Bahamas,North America,13878,399440,1578300000,Nassau,http://www.wikidata.org/entity/Q40514,http://commons.wikimedia.org/wiki/Special:FilePath/Flag%20of%20the%20Bahamas.svg
http://www.wikidata.org/entity/Q778,The Bahamas,North America,13878,399440,1732800000,Nassau,http://www.wikidata.org/entity/Q40514,http://commons.wikimedia.org/wiki/Special:FilePath/Flag%20of%20the%20Bahamas.svg
http://www.wikidata.org/entity/Q778,The Bahamas,North America,13878,399440,2041100000,Nassau,http://www.wikidata.org/entity/Q40514,http://commons.wikimedia.org/wiki/Special:FilePath/Flag%20of%20the%20Bahamas.svg
http://www.wikidata.org/entity/Q778,The Bahamas,North America,13878,399440,2320699900,Nassau,http://www.wikidata.org/entity/Q40514,http://commons.wikimedia.org/wiki/Special:FilePath/Flag%20of%20the%20Bahamas.svg
http://www.wikidata.org/entity/Q778,The Bahamas,North America,13878,399440,2472500000,Nassau,http://www.wikidata.org/entity/Q40514,http://commons.wikimedia.org/wiki/Special:FilePath/Flag%20of%20the%20Bahamas.svg
http://www.wikidata.org/entity/Q778,The Bahamas,North America,13878,399440,2713999900,Nassau,http://www.wikidata.org/entity/Q40514,http://commons.wikimedia.org/wiki/Special:FilePath/Flag%20of%20the%20Bahamas.svg
http://www.wikidata.org/entity/Q778,The Bahamas,North America,13878,399440,2817900000,Nassau,http://www.wikidata.org/entity/Q40514,http://commons.wikimedia.org/wiki/Special:FilePath/Flag%20of%20the%20Bahamas.svg
http://www.wikidata.org/entity/Q778,The Bahamas,North America,13878,399440,3062000000,Nassau,http://www.wikidata.org/entity/Q40514,http://commons.wikimedia.org/wiki/Special:FilePath/Flag%20of%20the%20Bahamas.svg
http://www.wikidata.org/entity/Q778,The Bahamas,North America,13878,399440,3092000000,Nassau,http://www.wikidata.org/entity/Q40514,http://commons.wikimedia.org/wiki/Special:FilePath/Flag%20of%20the%20Bahamas.svg
http://www.wikidata.org/entity/Q778,The Bahamas,North America,13878,399440,3109000000,Nassau,http://www.wikidata.org/entity/Q40514,http://commons.wikimedia.org/wiki/Special:FilePath/Flag%20of%20the%20Bahamas.svg
http://www.wikidata.org/entity/Q778,The Bahamas,North America,13878,399440,3111160000,Nassau,http://www.wikidata.org/entity/Q40514,http://commons.wikimedia.org/wiki/Special:FilePath/Flag%20of%20the%20Bahamas.svg
http://www.wikidata.org/entity/Q778,The Bahamas,North America,13878,399440,3166000000,Nassau,http://www.wikidata.org/entity/Q40514,http://commons.wikimedia.org/wiki/Special:FilePath/Flag%20of%20the%20Bahamas.svg
http://www.wikidata.org/entity/Q778,The Bahamas,North America,13878,399440,3259000000,Nassau,http://www.wikidata.org/entity/Q40514,http://commons.wikimedia.org/wiki/Special:FilePath/Flag%20of%20the%20Bahamas.svg
http://www.wikidata.org/entity/Q778,The Bahamas,North America,13878,399440,3429000000,Nassau,http://www.wikidata.org/entity/Q40514,http://commons.wikimedia.org/wiki/Special:FilePath/Flag%20of%20the%20Bahamas.svg
http://www.wikidata.org/entity/Q778,The Bahamas,North America,13878,399440,3609000000,Nassau,http://www.wikidata.org/entity/Q40514,http://commons.wikimedia.org/wiki/Special:FilePath/Flag%20of%20the%20Bahamas.svg
http://www.wikidata.org/entity/Q778,The Bahamas,North America,13878,399440,6332360000,Nassau,http://www.wikidata.org/entity/Q40514,http://commons.wikimedia.org/wiki/Special:FilePath/Flag%20of%20the%20Bahamas.svg
http://www.wikidata.org/entity/Q778,The Bahamas,North America,13878,399440,6833220000,Nassau,http://www.wikidata.org/entity/Q40514,http://commons.wikimedia.org/wiki/Special:FilePath/Flag%20of%20the%20Bahamas.svg
http://www.wikidata.org/entity/Q778,The Bahamas,North America,13878,399440,7683870000,Nassau,http://www.wikidata.org/entity/Q40514,http://commons.wikimedia.org/wiki/Special:FilePath/Flag%20of%20the%20Bahamas.svg
http://www.wikidata.org/entity/Q778,The Bahamas,North America,13878,399440,8076470000,Nassau,http://www.wikidata.org/entity/Q40514,http://commons.wikimedia.org/wiki/Special:FilePath/Flag%20of%20the%20Bahamas.svg
http://www.wikidata.org/entity/Q778,The Bahamas,North America,13878,399440,8317830000,Nassau,http://www.wikidata.org/entity/Q40514,http://commons.wikimedia.org/wiki/Special:FilePath/Flag%20of%20the%20Bahamas.svg
http://www.wikidata.org/entity/Q778,The Bahamas,North America,13878,399440,8870090000,Nassau,http://www.wikidata.org/entity/Q40514,http://commons.wikimedia.org/wiki/Special:FilePath/Flag%20of%20the%20Bahamas.svg
http://www.wikidata.org/entity/Q778,The Bahamas,North America,13878,399440,8881160000,Nassau,http://www.wikidata.org/entity/Q40514,http://commons.wikimedia.org/wiki/Special:FilePath/Flag%20of%20the%20Bahamas.svg
http://www.wikidata.org/entity/Q778,The Bahamas,North America,13878,399440,9055290000,Nassau,http://www.wikidata.org/entity/Q40514,http://commons.wikimedia.org/wiki/Special:FilePath/Flag%20of%20the%20Bahamas.svg
http://www.wikidata.org/entity/Q778,The Bahamas,North America,13878,399440,9836200000,Nassau,http://www.wikidata.org/entity/Q40514,http://commons.wikimedia.org/wiki/Special:FilePath/Flag%20of%20the%20Bahamas.svg
http://www.wikidata.org/entity/Q778,The Bahamas,North America,13878,399440,9958200000,Nassau,http://www.wikidata.org/entity/Q40514,http://commons.wikimedia.org/wiki/Special:FilePath/Flag%20of%20the%20Bahamas.svg
http://www.wikidata.org/entity/Q778,The Bahamas,North America,13878,399440,9981960000,Nassau,http://www.wikidata.org/entity/Q40514,http://commons.wikimedia.org/wiki/Special:FilePath/Flag%20of%20the%20Bahamas.svg
http://www.wikidata.org/entity/Q778,The Bahamas,North America,13878,399440,10070450000,Nassau,http://www.wikidata.org/entity/Q40514,http://commons.wikimedia.org/wiki/Special:FilePath/Flag%20of%20the%20Bahamas.svg
http://www.wikidata.org/entity/Q778,The Bahamas,North America,13878,399440,10095760000,Nassau,http://www.wikidata.org/entity/Q40514,http://commons.wikimedia.org/wiki/Special:FilePath/Flag%20of%20the%20Bahamas.svg
http://www.wikidata.org/entity/Q778,The Bahamas,North America,13878,399440,10167250000,Nassau,http://www.wikidata.org/entity/Q40514,http://commons.wikimedia.org/wiki/Special:FilePath/Flag%20of%20the%20Bahamas.svg
http://www.wikidata.org/entity/Q778,The Bahamas,North America,13878,399440,10395800000,Nassau,http://www.wikidata.org/entity/Q40514,http://commons.wikimedia.org/wiki/Special:FilePath/Flag%20of%20the%20Bahamas.svg
http://www.wikidata.org/entity/Q778,The Bahamas,North America,13878,399440,10526000000,Nassau,http://www.wikidata.org/entity/Q40514,http://commons.wikimedia.org/wiki/Special:FilePath/Flag%20of%20the%20Bahamas.svg
http://www.wikidata.org/entity/Q778,The Bahamas,North America,13878,399440,10618340000,Nassau,http://www.wikidata.org/entity/Q40514,http://commons.wikimedia.org/wiki/Special:FilePath/Flag%20of%20the%20Bahamas.svg
http://www.wikidata.org/entity/Q778,The Bahamas,North America,13878,399440,10720400000,Nassau,http://www.wikidata.org/entity/Q40514,http://commons.wikimedia.org/wiki/Special:FilePath/Flag%20of%20the%20Bahamas.svg
http://www.wikidata.org/entity/Q778,The Bahamas,North America,13878,399440,10974100000,Nassau,http://www.wikidata.org/entity/Q40514,http://commons.wikimedia.org/wiki/Special:FilePath/Flag%20of%20the%20Bahamas.svg
http://www.wikidata.org/entity/Q778,The Bahamas,North America,13878,399440,11368900000,Nassau,http://www.wikidata.org/entity/Q40514,http://commons.wikimedia.org/wiki/Special:FilePath/Flag%20of%20the%20Bahamas.svg
http://www.wikidata.org/entity/Q778,The Bahamas,North America,13878,399440,11527600000,Nassau,http://www.wikidata.org/entity/Q40514,http://commons.wikimedia.org/wiki/Special:FilePath/Flag%20of%20the%20Bahamas.svg
http://www.wikidata.org/entity/Q778,The Bahamas,North America,13878,399440,11671900000,Nassau,http://www.wikidata.org/entity/Q40514,http://commons.wikimedia.org/wiki/Special:FilePath/Flag%20of%20the%20Bahamas.svg
http://www.wikidata.org/entity/Q778,The Bahamas,North America,13878,399440,11745100000,Nassau,http://www.wikidata.org/entity/Q40514,http://commons.wikimedia.org/wiki/Special:FilePath/Flag%20of%20the%20Bahamas.svg
http://www.wikidata.org/entity/Q778,The Bahamas,North America,13878,399440,12236700000,Nassau,http://www.wikidata.org/entity/Q40514,http://commons.wikimedia.org/wiki/Special:FilePath/Flag%20of%20the%20Bahamas.svg
http://www.wikidata.org/entity/Q778,The Bahamas,North America,13878,399440,12615800000,Nassau,http://www.wikidata.org/entity/Q40514,http://commons.wikimedia.org/wiki/Special:FilePath/Flag%20of%20the%20Bahamas.svg
http://www.wikidata.org/entity/Q778,The Bahamas,North America,13878,399440,12897400000,Nassau,http://www.wikidata.org/entity/Q40514,http://commons.wikimedia.org/wiki/Special:FilePath/Flag%20of%20the%20Bahamas.svg
http://www.wikidata.org/entity/Q778,The Bahamas,North America,13878,399440,13016200000,Nassau,http://www.wikidata.org/entity/Q40514,http://commons.wikimedia.org/wiki/Special:FilePath/Flag%20of%20the%20Bahamas.svg
http://www.wikidata.org/entity/Q778,The Bahamas,North America,13878,399440,13136400000,Nassau,http://www.wikidata.org/entity/Q40514,http://commons.wikimedia.org/wiki/Special:FilePath/Flag%20of%20the%20Bahamas.svg
http://www.wikidata.org/entity/Q778,The Bahamas,North America,13878,399440,14338500000,Nassau,http://www.wikidata.org/entity/Q40514,http://commons.wikimedia.org/wiki/Special:FilePath/Flag%20of%20the%20Bahamas.svg
http://www.wikidata.org/entity/Q1005,The Gambia,Africa,11300,2639916,2038414974,Banjul,http://www.wikidata.org/entity/Q41758,http://commons.wikimedia.org/wiki/Special:FilePath/Flag%20of%20The%20Gambia.svg
http://www.wikidata.org/entity/Q1005,The Gambia,Africa,11300,2639916,2273060863,Banjul,http://www.wikidata.org/entity/Q41758,http://commons.wikimedia.org/wiki/Special:FilePath/Flag%20of%20The%20Gambia.svg
http://www.wikidata.org/entity/Q1005,The Gambia,Africa,11300,2639916,2396111020,Banjul,http://www.wikidata.org/entity/Q41758,http://commons.wikimedia.org/wiki/Special:FilePath/Flag%20of%20The%20Gambia.svg
http://www.wikidata.org/entity/Q574,Timor-Leste,Asia,14918.72,1243235,3163324631,Dili,http://www.wikidata.org/entity/Q43153,http://commons.wikimedia.org/wiki/Special:FilePath/Flag%20of%20East%20Timor.svg
http://www.wikidata.org/entity/Q574,Timor-Leste,Asia,14918.72,1243235,3621222400,Dili,http://www.wikidata.org/entity/Q43153,http://commons.wikimedia.org/wiki/Special:FilePath/Flag%20of%20East%20Timor.svg
http://www.wikidata.org/entity/Q945,Togo,Africa,56785,7797694,8126439481,Lomé,http://www.wikidata.org/entity/Q42860,http://commons.wikimedia.org/wiki/Special:FilePath/Flag%20of%20Togo%20%283-2%29.svg
http://www.wikidata.org/entity/Q945,Togo,Africa,56785,7797694,8334047486,Lomé,http://www.wikidata.org/entity/Q42860,http://commons.wikimedia.org/wiki/Special:FilePath/Flag%20of%20Togo%20%283-2%29.svg
http://www.wikidata.org/entity/Q945,Togo,Africa,56785,7797694,9930000000,Lomé,http://www.wikidata.org/entity/Q42860,http://commons.wikimedia.org/wiki/Special:FilePath/Flag%20of%20Togo%20%283-2%29.svg
http://www.wikidata.org/entity/Q678,Tonga,Oceania,748.506563,108020,469228124,Nukuʻalofa,http://www.wikidata.org/entity/Q41626,http://commons.wikimedia.org/wiki/Special:FilePath/Flag%20of%20Tonga.svg
http://www.wikidata.org/entity/Q754,Trinidad and Tobago,North America,5128,1369125,24460196270,Port of Spain,http://www.wikidata.org/entity/Q43118,http://commons.wikimedia.org/wiki/Special:FilePath/Flag%20of%20Trinidad%20and%20Tobago.svg
http://www.wikidata.org/entity/Q754,Trinidad and Tobago,North America,5128,1369125,27899082337,Port of Spain,http://www.wikidata.org/entity/Q43118,http://commons.wikimedia.org/wiki/Special:FilePath/Flag%20of%20Trinidad%20and%20Tobago.svg
http://www.wikidata.org/entity/Q948,Tunisia,Africa,163610,11565204,46664948952,Tunis,http://www.wikidata.org/entity/Q43163,http://commons.wikimedia.org/wiki/Special:FilePath/Flag%20of%20Tunisia.svg
http://www.wikidata.org/entity/Q948,Tunisia,Africa,163610,11565204,46687298709,Tunis,http://www.wikidata.org/entity/Q43163,http://commons.wikimedia.org/wiki/Special:FilePath/Flag%20of%20Tunisia.svg
http://www.wikidata.org/entity/Q43,Turkey,Asia,783562,85372377,819034484303,Ankara,http://www.wikidata.org/entity/Q41104,http://commons.wikimedia.org/wiki/Special:FilePath/Flag%20of%20Turkey.svg
http://www.wikidata.org/entity/Q43,Turkey,Asia,783562,85372377,905987824096,Ankara,http://www.wikidata.org/entity/Q41104,http://commons.wikimedia.org/wiki/Special:FilePath/Flag%20of%20Turkey.svg
http://www.wikidata.org/entity/Q874,Turkmenistan,Asia,491210,6117933,,Ashgabat,http://www.wikidata.org/entity/Q41824,http://commons.wikimedia.org/wiki/Special:FilePath/Flag%20of%20Turkmenistan.svg
http://www.wikidata.org/entity/Q672,Tuvalu,Insular Oceania,25.14,10643,60196367,Funafuti,http://www.wikidata.org/entity/Q40373,http://commons.wikimedia.org/wiki/Special:FilePath/Flag%20of%20Tuvalu.svg
http://www.wikidata.org/entity/Q672,Tuvalu,Oceania,25.14,10643,60196367,Funafuti,http://www.wikidata.org/entity/Q40373,http://commons.wikimedia.org/wiki/Special:FilePath/Flag%20of%20Tuvalu.svg
http://www.wikidata.org/entity/Q672,Tuvalu,Insular Oceania,25.14,10643,60349391,Funafuti,http://www.wikidata.org/entity/Q40373,http://commons.wikimedia.org/wiki/Special:FilePath/Flag%20of%20Tuvalu.svg
http://www.wikidata.org/entity/Q672,Tuvalu,Oceania,25.14,10643,60349391,Funafuti,http://www.wikidata.org/entity/Q40373,http://commons.wikimedia.org/wiki/Special:FilePath/Flag%20of%20Tuvalu.svg
http://www.wikidata.org/entity/Q1036,Uganda,Africa,241038,47123531,45559202049,Kampala,http://www.wikidata.org/entity/Q43122,http://commons.wikimedia.org/wiki/Special:FilePath/Flag%20of%20Uganda.svg
http://www.wikidata.org/entity/Q1036,Uganda,Africa,241038,47123531,40510241366,Kampala,http://www.wikidata.org/entity/Q43122,http://commons.wikimedia.org/wiki/Special:FilePath/Flag%20of%20Uganda.svg
http://www.wikidata.org/entity/Q212,Ukraine,Europe,603550,41167335,160502739236,Kyiv,http://www.wikidata.org/entity/Q40656,http://commons.wikimedia.org/wiki/Special:FilePath/Flag%20of%20Ukraine.svg
http://www.wikidata.org/entity/Q212,Ukraine,Europe,603550,41167335,199765856765,Kyiv,http://www.wikidata.org/entity/Q40656,http://commons.wikimedia.org/wiki/Special:FilePath/Flag%20of%20Ukraine.svg
http://www.wikidata.org/entity/Q878,United Arab Emirates,Asia,83600,9890400,514130432653,Abu Dhabi,http://www.wikidata.org/entity/Q37239,http://commons.wikimedia.org/wiki/Special:FilePath/Flag%20of%20the%20United%20Arab%20Emirates.svg
http://www.wikidata.org/entity/Q878,United Arab Emirates,Asia,83600,9890400,514130432653,Abu Dhabi,http://www.wikidata.org/entity/Q136728,http://commons.wikimedia.org/wiki/Special:FilePath/Flag%20of%20the%20United%20Arab%20Emirates.svg
http://www.wikidata.org/entity/Q145,United Kingdom,Europe,242495,67326569,3070667732359,London,http://www.wikidata.org/entity/Q37913,http://commons.wikimedia.org/wiki/Special:FilePath/Flag%20of%20the%20United%20Kingdom%20%283-5%29.svg
http://www.wikidata.org/entity/Q30,United States,North America,9826675,340110988,23315080560000,"Washington, D.C.",http://www.wikidata.org/entity/Q37861,http://commons.wikimedia.org/wiki/Special:FilePath/Flag%20of%20the%20United%20States%20%28DDD-F-416E%20specifications%29.svg
http://www.wikidata.org/entity/Q30,United States,North America,9826675,340110988,25462700000000,"Washington, D.C.",http://www.wikidata.org/entity/Q37861,http://commons.wikimedia.org/wiki/Special:FilePath/Flag%20of%20the%20United%20States%20%28DDD-F-416E%20specifications%29.svg
http://www.wikidata.org/entity/Q30,United States,North America,9826675,340110988,27720709000000,"Washington, D.C.",http://www.wikidata.org/entity/Q37861,http://commons.wikimedia.org/wiki/Special:FilePath/Flag%20of%20the%20United%20States%20%28DDD-F-416E%20specifications%29.svg
http://www.wikidata.org/entity/Q30,United States,North America,9826675,340110988,28750956130000,"Washington, D.C.",http://www.wikidata.org/entity/Q37861,http://commons.wikimedia.org/wiki/Special:FilePath/Flag%20of%20the%20United%20States%20%28DDD-F-416E%20specifications%29.svg
http://www.wikidata.org/entity/Q77,Uruguay,South America,176215,3444263,61412268249,Montevideo,http://www.wikidata.org/entity/Q41848,http://commons.wikimedia.org/wiki/Special:FilePath/Flag%20of%20Uruguay.svg
http://www.wikidata.org/entity/Q77,Uruguay,South America,176215,3444263,71177146197,Montevideo,http://www.wikidata.org/entity/Q41848,http://commons.wikimedia.org/wiki/Special:FilePath/Flag%20of%20Uruguay.svg
http://www.wikidata.org/entity/Q265,Uzbekistan,Asia,448978,34915100,69238900000,Tashkent,http://www.wikidata.org/entity/Q41846,http://commons.wikimedia.org/wiki/Special:FilePath/Flag%20of%20Uzbekistan.svg
http://www.wikidata.org/entity/Q686,Vanuatu,Insular Oceania,12190,300019,971636098,Port Vila,http://www.wikidata.org/entity/Q42701,http://commons.wikimedia.org/wiki/Special:FilePath/Flag%20of%20Vanuatu.svg
http://www.wikidata.org/entity/Q686,Vanuatu,Insular Oceania,12190,300019,983582865,Port Vila,http://www.wikidata.org/entity/Q42701,http://commons.wikimedia.org/wiki/Special:FilePath/Flag%20of%20Vanuatu.svg
http://www.wikidata.org/entity/Q237,Vatican City,Europe,0.49,882,,,http://www.wikidata.org/entity/Q42381,http://commons.wikimedia.org/wiki/Special:FilePath/Flag%20of%20Vatican%20City%20%282023%E2%80%93present%29.svg
http://www.wikidata.org/entity/Q717,Venezuela,South America,912050,31250306,,Caracas,http://www.wikidata.org/entity/Q42760,http://commons.wikimedia.org/wiki/Special:FilePath/Flag%20of%20Venezuela.svg
http://www.wikidata.org/entity/Q881,Vietnam,Asia,331690,96208984,366137590718,Hanoi,http://www.wikidata.org/entity/Q42683,http://commons.wikimedia.org/wiki/Special:FilePath/Flag%20of%20Vietnam.svg
http://www.wikidata.org/entity/Q881,Vietnam,Asia,331690,96208984,408802379068,Hanoi,http://www.wikidata.org/entity/Q42683,http://commons.wikimedia.org/wiki/Special:FilePath/Flag%20of%20Vietnam.svg
http://www.wikidata.org/entity/Q805,Yemen,Asia,455503,28250420,,Sanaa,http://www.wikidata.org/entity/Q42842,http://commons.wikimedia.org/wiki/Special:FilePath/Flag%20of%20Yemen.svg
http://www.wikidata.org/entity/Q805,Yemen,Asia,455503,28250420,,Aden,http://www.wikidata.org/entity/Q42842,http://commons.wikimedia.org/wiki/Special:FilePath/Flag%20of%20Yemen.svg
http://www.wikidata.org/entity/Q953,Zambia,Africa,752618,19610769,29784454056,Lusaka,http://www.wikidata.org/entity/Q41842,http://commons.wikimedia.org/wiki/Special:FilePath/Flag%20of%20Zambia.svg
http://www.wikidata.org/entity/Q954,Zimbabwe,Africa,390757,15178979,20678055598,Harare,http://www.wikidata.org/entity/Q42286,http://commons.wikimedia.org/wiki/Special:FilePath/Flag%20of%20Zimbabwe.svg
